index,low,winner,best_step,identity_best_step,selected_best_step,seconds,identity_mse,identity_psnr,identity_ssim,selected_mse,selected_psnr,selected_ssim,oracle_mse,oracle_psnr,oracle_ssim,t028_psnr,t028_ssim,delta_psnr,delta_ssim,full_wb_psnr,full_wb_ssim,wb_minus_common_psnr,wb_minus_common_ssim,ev_00,ev_01,ev_10,ev_11,gamma_00,gamma_01,gamma_10,gamma_11,common_gain_00,common_gain_01,common_gain_10,common_gain_11
0,Train/Low/low00653.png,T026A_selected,500,500,500,13.259075482026674,0.016872888505342704,17.72810563258642,0.30115894473940324,0.016840270124512086,17.736509465273347,0.30152431538031976,0.016840270124512086,17.736509465273347,0.30152431538031976,13.436791736900073,0.3344494252336049,4.299717728373274,-0.03292510985328512,18.218227653620616,0.3024273341768781,0.4817181883472692,0.0009030187965583525,1.8336818218231201,1.8907370567321777,1.957125186920166,1.8429478406906128,0.5056643486022949,0.5035926699638367,0.5691283345222473,0.5142627358436584,1.860115647315979,1.7182204723358154,1.9001845121383667,1.8222914934158325
1,Train/Low/low00651.png,T026A_selected,500,500,500,11.469775623991154,0.07456057331326187,11.274907612518652,0.4125655978078746,0.07455958737578455,11.274965040998332,0.41292511463579745,0.07455958737578455,11.274965040998332,0.41292511463579745,11.273637681690698,0.4148567855227027,0.0013273593076341683,-0.001931670886905268,11.278663215680675,0.4129493754053828,0.003698174682343236,2.426076958533807e-05,1.7035505771636963,1.2454032897949219,0.0,0.0,0.635608971118927,0.5574126243591309,1.0,1.0,1.1819769144058228,1.1871436834335327,1.0,1.0
2,Train/Low/low00443.png,T026A_selected,500,500,500,12.21839545702096,0.050582523598810825,12.959995071842222,0.07753942976911714,0.050569173507541636,12.961141443316084,0.0775524689757398,0.050569173507541636,12.961141443316084,0.0775524689757398,12.223008203394599,0.09109207123636597,0.7381332399214848,-0.013539602260626171,13.131373784146405,0.08068806299157408,0.1702323408303208,0.0031355940158342838,-0.3714514374732971,-0.46694785356521606,1.421372413635254,-0.5,0.5045292973518372,0.5037189722061157,0.5008266568183899,0.522199273109436,1.88155198097229,1.5720739364624023,0.7854428291320801,1.6072750091552734
3,Train/Low/low00327.png,identity,500,500,500,12.409232455014717,0.015586710433867893,18.07245532737091,0.19823168791621457,0.015589042669568575,18.071805542203677,0.198084394623384,0.015586710433867893,18.07245532737091,0.19823168791621457,17.87220701946412,0.21098407385280982,0.20024830790679005,-0.01275238593659525,18.232800107730483,0.19736525382184458,0.16034478035957278,-0.0008664340943699833,-0.5,0.33494833111763,-0.5,0.0,0.5163460373878479,0.5167624950408936,0.5231350660324097,0.7588979601860046,1.3246935606002808,1.0241702795028687,1.2301470041275024,1.6501352787017822
4,Train/Low/low00601.png,T026A_selected,500,500,500,12.28824592300225,0.0020308523665484263,26.923216466216765,0.5147276397342858,0.002027766796350581,26.92981992574247,0.5169845230505563,0.002027766796350581,26.92981992574247,0.5169845230505563,26.121594194342755,0.559892944876711,0.8082257313997161,-0.04290842182615473,26.99064458395447,0.516721288263492,0.060824658211998894,-0.0002632347870643592,1.4575949907302856,1.7298380136489868,1.4899661540985107,1.2232939004898071,0.628990888595581,0.6577399373054504,0.5352633595466614,0.5501241087913513,1.4653403759002686,1.3551092147827148,1.0563055276870728,1.2691682577133179
5,Train/Low/low00509.png,T026A_selected,500,500,500,12.378174184996169,0.0059635892081259965,22.24492279838175,0.5830866533243961,0.005944646857518704,22.25873939596388,0.5830039944098607,0.005944646857518704,22.25873939596388,0.5830039944098607,21.28381152272731,0.5970532663389718,0.9749278732365703,-0.014049271929111096,24.573950321848777,0.5944437970818096,2.315210925884898,0.011439802671948884,1.7914845943450928,1.7364647388458252,1.7959686517715454,1.508095383644104,0.5669224262237549,0.5045234560966492,0.5308974385261536,0.5148460865020752,1.39491868019104,1.2390714883804321,1.3034518957138062,1.3909599781036377
6,Train/Low/low00001.png,T026A_selected,500,500,500,12.23244019295089,0.0019101371439908298,27.189354501657714,0.7441295119421151,0.0018874000216238206,27.241360443117948,0.7459163239322311,0.0018874000216238206,27.241360443117948,0.7459163239322311,27.13111619887172,0.7480658156520749,0.11024424424622836,-0.002149491719843799,27.47682161571525,0.7475287254947438,0.23546117259730082,0.0016124015625127441,1.2520382404327393,1.6072170734405518,1.6403602361679077,1.3970853090286255,0.5150572061538696,0.5208832025527954,0.5075397491455078,0.593369722366333,1.1654047966003418,1.0628385543823242,0.990703284740448,1.3062669038772583
7,Train/Low/low00608.png,T026A_selected,500,500,500,12.266609404003248,0.004813672782380237,23.1752343496597,0.6248808519409663,0.004813576778597518,23.17532096611815,0.6248736229928745,0.004813576778597518,23.17532096611815,0.6248736229928745,22.118260673491193,0.6612116208271074,1.0570602926269572,-0.03633799783423286,23.24277723312406,0.6244871424435676,0.0674562670059089,-0.0003864805493069001,1.4687883853912354,1.7728456258773804,1.7788395881652832,1.4671661853790283,0.6006820797920227,0.622146725654602,0.634158194065094,0.6486693620681763,1.4331871271133423,1.2803878784179688,1.292136311531067,1.4716182947158813
8,Train/Low/low00351.png,T026A_selected,500,500,500,11.914603827986866,0.03503401160538436,14.55510130500436,0.08815371339635253,0.03496531935872293,14.563625007399805,0.08830471171969786,0.03496531935872293,14.563625007399805,0.08830471171969786,14.366964655010623,0.09377219006819068,0.19666035238918234,-0.005467478348492816,14.753238224035798,0.08811526431616004,0.1896132166359923,-0.00018944740353782352,0.7001677751541138,-0.25601115822792053,-0.47111746668815613,1.1999610662460327,0.5012441277503967,0.5019046068191528,0.5065760016441345,0.5004823207855225,1.0540419816970825,1.4305588006973267,1.219962239265442,0.7827370762825012
9,Train/Low/low00261.png,T026A_selected,500,500,500,12.261045385035686,0.07150376367052748,11.456710980825111,0.22956543562944623,0.0714672647533284,11.458928392122225,0.22957457498997966,0.0714672647533284,11.458928392122225,0.22957457498997966,8.663851963871588,0.19784612631928084,2.7950764282506366,0.03172844867069882,11.45895329247561,0.22958244280156706,2.490035338453822e-05,7.867811587403128e-06,1.9966434240341187,1.9973204135894775,1.9988617897033691,1.9955044984817505,0.5008367896080017,0.5004250407218933,0.5011239051818848,0.5005173087120056,1.9979758262634277,1.9966366291046143,1.9977399110794067,1.9957256317138672
10,Train/Low/low00177.png,T026A_selected,500,500,500,12.257585628016386,0.013220324445088283,18.787578865309754,0.31552863880178256,0.01312620737464044,18.81860738815146,0.3161347513171367,0.01312620737464044,18.81860738815146,0.3161347513171367,13.75950253012153,0.36353359698907256,5.059104858029929,-0.04739884567193586,19.278188892171887,0.3086582572792004,0.4595815040204272,-0.007476494037936321,1.8180367946624756,1.9000438451766968,1.8797296285629272,1.8434216976165771,0.502795934677124,0.5021734237670898,0.5040707588195801,0.5016024708747864,1.7554752826690674,1.7279618978500366,1.7312341928482056,1.7035917043685913
11,Train/Low/low00542.png,T026A_selected,500,500,500,12.377392338006757,0.0065002725150482155,21.8706843577241,0.5296346489949775,0.006369375216445159,21.959031663079674,0.5364240929210207,0.006369375216445159,21.959031663079674,0.5364240929210207,17.789162161379302,0.5830124432827327,4.169869501700372,-0.04658835036171205,22.392810731045326,0.535569405202491,0.43377906796565213,-0.0008546877185297008,1.4815831184387207,1.6945135593414307,1.7267762422561646,1.6399297714233398,0.5051825642585754,0.5046867728233337,0.5098757147789001,0.510848879814148,1.4707016944885254,1.3724737167358398,1.3486686944961548,1.4212751388549805
12,Train/Low/low00592.png,T026A_selected,443,500,443,12.420432965969667,0.06153702403499491,12.108635103055125,0.4572489869123941,0.06153701560277485,12.108635698154895,0.457200532958919,0.06153701560277485,12.108635698154895,0.457200532958919,12.091189126814044,0.48396653090545133,0.01744657134085159,-0.02676599794653234,12.125907746087893,0.45906173124995725,0.01727204793299819,0.0018611982910382574,0.0,1.7634594440460205,1.7757371664047241,1.3411481380462646,1.0,0.7632107734680176,0.7342767119407654,0.731015145778656,1.0,1.326535701751709,1.216537594795227,1.5012933015823364
13,Train/Low/low00184.png,T026A_selected,500,500,500,11.703981917002238,0.016765716953504834,17.755778700733188,0.36362507970392277,0.01664174102060387,17.788012407803777,0.3647250682699449,0.01664174102060387,17.788012407803777,0.3647250682699449,15.740637596706204,0.42412845465190063,2.0473748110975727,-0.05940338638195575,19.116817154481993,0.3572007089454544,1.328804746678216,-0.0075243593244904705,1.6802544593811035,1.8046953678131104,1.8718271255493164,1.6514753103256226,0.5022910237312317,0.5016806125640869,0.501370906829834,0.5016149282455444,1.5929065942764282,1.2957773208618164,1.411714792251587,1.508251667022705
14,Train/Low/low00080.png,T026A_selected,500,500,500,11.842048248043284,0.001130748029155601,29.46634160537687,0.7098323190648596,0.0011228000485308273,29.49697577266072,0.7145334439674527,0.0011228000485308273,29.49697577266072,0.7145334439674527,26.93331299164939,0.7408169706255675,2.5636627810113275,-0.026283526658114842,29.525326517889575,0.7144479351370976,0.028350745228856056,-8.55088303550744e-05,1.3847966194152832,1.7233781814575195,1.731775164604187,1.3734126091003418,0.5485093593597412,0.545249342918396,0.5586599707603455,0.5488311052322388,1.3768762350082397,1.1967265605926514,1.215996503829956,1.3690284490585327
15,Train/Low/low00501.png,T026A_selected,500,500,500,12.391242833982687,0.00321769163304828,24.924555787834556,0.7194173188288207,0.0031895153963509663,24.962752970927255,0.7196476133996262,0.0031895153963509663,24.962752970927255,0.7196476133996262,24.86169619853498,0.7201967958038661,0.10105677239227617,-0.0005491824042398452,26.200832846396537,0.7184300806077941,1.2380798754692819,-0.001217532791832121,1.380814552307129,1.7226842641830444,1.6822525262832642,1.3573639392852783,0.5102332234382629,0.5668905377388,0.5099096298217773,0.5564841628074646,1.2309099435806274,1.1937233209609985,1.0946401357650757,1.3603581190109253
16,Train/Low/low00133.png,T026A_selected,500,500,500,12.163107175030746,0.07458973056206196,11.273209616323719,0.1745458548253769,0.07448879571378933,11.279090470586205,0.17468815675745855,0.07448879571378933,11.279090470586205,0.17468815675745855,8.085612958061583,0.17866924465681297,3.1934775125246215,-0.0039810878993544185,11.279277801333762,0.1745965819912108,0.0001873307475577235,-9.157476624774286e-05,1.9945799112319946,1.9957422018051147,1.9982668161392212,1.9940311908721924,0.5002111792564392,0.5007020831108093,0.5006620287895203,0.5005297660827637,1.996451497077942,1.9929918050765991,1.996338963508606,1.9959533214569092
17,Train/Low/low00455.png,identity,500,500,500,12.325343818985857,0.04693881313814702,13.284678958637599,0.06436235417685197,0.046948790090162694,13.283755953880005,0.06433861918041775,0.04693881313814702,13.284678958637599,0.06436235417685197,12.904360705730124,0.07711532252680064,0.38031825290747534,-0.01275296834994867,13.47834781545841,0.06745024973252935,0.19366885682081048,0.0030878955556773724,-0.42845669388771057,-0.4097016453742981,-0.44971373677253723,-0.41372063755989075,0.5042579174041748,0.5032811760902405,0.5091622471809387,0.503734290599823,1.2896496057510376,1.4031778573989868,1.7754254341125488,1.3245782852172852
18,Train/Low/low00206.png,T026A_selected,499,500,499,12.202987016993575,0.0010081457391107596,29.964766810686058,0.7361395550761632,0.0010079667420531415,29.965537972368068,0.736168857801397,0.0010079667420531415,29.965537972368068,0.736168857801397,29.965752237276174,0.7361700186183089,-0.00021426490810583232,-1.1608169119270428e-06,30.192742666168403,0.7403465714725884,0.22720469380033492,0.004177713671191463,1.18721604347229,1.3838739395141602,1.2562892436981201,1.3564565181732178,0.5793778896331787,0.6754225492477417,0.6054157614707947,0.654482901096344,1.0405538082122803,1.1280125379562378,1.0502588748931885,1.1069597005844116
19,Train/Low/low00314.png,T026A_selected,500,500,500,12.275580140005331,0.01905708163284311,17.199436056805613,0.15035354425784497,0.019041779789817397,17.20292461583242,0.1508004804402386,0.019041779789817397,17.20292461583242,0.1508004804402386,16.781203056801562,0.16408118641379976,0.42172155903085695,-0.013280705973561152,17.395984462196154,0.14933839439555655,0.19305984636373452,-0.001462086044682065,-0.49743756651878357,-0.3285498321056366,1.3082971572875977,0.6082913875579834,0.509244441986084,0.5044145584106445,0.5781429409980774,0.6094419956207275,1.3924063444137573,1.3598480224609375,0.7652072906494141,1.04534113407135
20,Train/Low/low00097.png,T026A_selected,500,500,500,12.290209233004134,0.008570744524003854,20.669814501162378,0.4024863775324598,0.008541847217757647,20.684482007713093,0.4037839834051008,0.008541847217757647,20.684482007713093,0.4037839834051008,18.260993054675073,0.44310435126257613,2.423488953038021,-0.039320367857475336,20.868829989724553,0.4051674284971058,0.18434798201145952,0.0013834450920049979,1.6669729948043823,1.812464714050293,1.8792459964752197,1.6076023578643799,0.5200341939926147,0.5046614408493042,0.5143440365791321,0.5258160829544067,1.481974482536316,1.4094696044921875,1.3172438144683838,1.5187793970108032
21,Train/Low/low00520.png,T026A_selected,500,500,500,12.18835560901789,0.008972660992518049,20.47078740569539,0.4574565486630222,0.008967213179952829,20.47342505519672,0.45732550084629636,0.008967213179952829,20.47342505519672,0.45732550084629636,14.735866038461989,0.47447023704344876,5.737559016734732,-0.0171447361971524,21.207141871210435,0.4675696539967022,0.7337168160137146,0.010244153150405833,1.893496036529541,1.8242264986038208,1.9577785730361938,1.8264741897583008,0.5356250405311584,0.5261532068252563,0.5418873429298401,0.5117334127426147,1.8780245780944824,1.6768524646759033,1.913625717163086,1.72219717502594
22,Train/Low/low00424.png,T026A_selected,500,500,500,12.28914317698218,0.04644696664464543,13.33042643618855,0.0724624632180384,0.04644516384361136,13.330595007312292,0.0724559139347562,0.04644516384361136,13.330595007312292,0.0724559139347562,13.051640689590208,0.08224639302612971,0.2789543177220839,-0.00979047909137351,13.474659962306392,0.0749635339016062,0.1440649549941,0.0025076199668500054,0.5949404239654541,-0.47980010509490967,-0.49966245889663696,-0.4502820074558258,0.5012675523757935,0.5041886568069458,0.5134181976318359,0.5053486824035645,1.096431851387024,1.6752146482467651,1.4832195043563843,1.3574672937393188
23,Train/Low/low00535.png,T026A_selected,500,500,500,11.792871574987657,0.004595493447802929,23.37667848771443,0.567448406523206,0.0044900428361382486,23.477495156982968,0.5766347954957853,0.0044900428361382486,23.477495156982968,0.5766347954957853,18.805850445530613,0.6196943439901061,4.671644711452355,-0.04305954849432081,23.972787048807742,0.5755877270073828,0.49529189182477396,-0.001047068488402525,1.5143373012542725,1.7678346633911133,1.8072936534881592,1.42753005027771,0.5132070183753967,0.5119029879570007,0.5063828825950623,0.5104739665985107,1.4391549825668335,1.33368980884552,1.2908412218093872,1.4681240320205688
24,Train/Low/low00336.png,T026A_selected,500,500,500,12.272124964976683,0.023865910285361815,16.222219962707022,0.09110433781373754,0.023857762189262086,16.223702947156887,0.09111415877184165,0.023857762189262086,16.223702947156887,0.09111415877184165,16.223748778931576,0.09108420772754766,-4.583177468830968e-05,2.995104429398543e-05,16.46695198209576,0.09122558159803326,0.24324903493887362,0.00011142282619161503,0.4179370105266571,-0.3262643814086914,-0.45709359645843506,-0.3984880745410919,0.5012503266334534,0.5025391578674316,0.5062912106513977,0.504061222076416,0.9685154557228088,1.0499361753463745,1.105374813079834,1.0022435188293457
25,Train/Low/low00554.png,T026A_selected,500,500,500,12.312236619996838,0.0047357144009599565,23.246144967047194,0.3873590134628996,0.004657023979082024,23.31891525873111,0.3930922596330621,0.004657023979082024,23.31891525873111,0.3930922596330621,16.31977364696368,0.47095365549896734,6.999141611767431,-0.07786139586590524,23.80667098075613,0.3907179847353371,0.48775572202502104,-0.002374274897725015,1.5835204124450684,1.8216016292572021,1.73052978515625,1.6321039199829102,0.5055683255195618,0.5094010829925537,0.5206806063652039,0.5090330839157104,1.6109551191329956,1.4901018142700195,1.5145149230957031,1.5826884508132935
26,Train/Low/low00564.png,T026A_selected,484,500,484,12.107714458950795,0.009384897893868113,20.275704480688333,0.5067797614242128,0.009382677588156044,20.276732068427958,0.5068957024829819,0.009382677588156044,20.276732068427958,0.5068957024829819,20.1305633038263,0.508243460498755,0.14616876460165784,-0.0013477580157731373,20.37895188830831,0.5066097079480111,0.10221981988035367,-0.0002859945349708015,1.4317951202392578,1.6708881855010986,1.764037847518921,1.5393404960632324,0.5393728017807007,0.5489381551742554,0.652831494808197,0.6467546820640564,1.1800124645233154,1.1512761116027832,1.2304117679595947,1.3625470399856567
27,Train/Low/low00440.png,identity,500,500,500,12.22568367299391,0.02026817646785744,16.93185323116166,0.12520101296646274,0.020274361711760554,16.93052809591468,0.12511574337899117,0.02026817646785744,16.93185323116166,0.12520101296646274,16.849346908318083,0.11626897329843215,0.08250632284357806,0.008932039668030592,17.24851713160165,0.13994346793558016,0.3166639004399876,0.014742454969117413,-0.414993017911911,-0.39171314239501953,-0.5,-0.4543086588382721,0.5038428902626038,0.5029168128967285,0.53286212682724,0.5060141086578369,0.7384050488471985,0.6775811910629272,1.2344807386398315,0.802226722240448
28,Train/Low/low00584.png,T026A_selected,500,500,500,12.412976788007654,0.005677067716222702,22.45875925466949,0.4266339893389694,0.005617669789441018,22.504437925175623,0.43338568247114156,0.005617669789441018,22.504437925175623,0.43338568247114156,19.16868359325379,0.4882962358492504,3.3357543319218337,-0.05491055337810885,23.977729826401657,0.429781751143059,1.473291901226034,-0.0036039313280825658,1.6556711196899414,1.8091504573822021,1.818541169166565,1.672678828239441,0.5354563593864441,0.5094960927963257,0.5101543068885803,0.5812219977378845,1.4303812980651855,1.382544755935669,1.2308670282363892,1.4988282918930054
29,Train/Low/low00529.png,identity,500,500,500,12.321738017024472,0.005330525383853802,22.7322998420724,0.5801484855947907,0.005338824533095097,22.72554352519281,0.5805967761236144,0.005330525383853802,22.7322998420724,0.5801484855947907,16.793969332464197,0.602239187897059,5.938330509608203,-0.022090702302268284,22.860406816644037,0.5786112831507437,0.12810697457163656,-0.0015372024440469811,1.3234899044036865,1.2337085008621216,0.0,0.0,0.607978880405426,0.6226899027824402,0.5276516079902649,0.5649056434631348,1.5306360721588135,1.4758937358856201,1.9853547811508179,1.9708423614501953
30,Train/Low/low00213.png,T026A_selected,500,500,500,12.35268603998702,0.010595391925968159,19.748829740039493,0.42682769266703213,0.01039878256071485,19.830175028274503,0.42942079482537154,0.01039878256071485,19.830175028274503,0.42942079482537154,14.602404480526644,0.489995264134252,5.227770547747859,-0.06057446930888044,20.23463081018905,0.42643508438983346,0.404455781914546,-0.0029857104355380804,1.6350975036621094,1.8370745182037354,1.883265495300293,1.6945998668670654,0.5025272369384766,0.5020293593406677,0.5012841820716858,0.5032489895820618,1.5411431789398193,1.4951262474060059,1.5576468706130981,1.467126727104187
31,Train/Low/low00019.png,T026A_selected,500,500,500,12.178982518962584,0.02990926211144027,15.24194301274357,0.3120585442174852,0.029857473844615724,15.249469394694515,0.31197598026667367,0.029857473844615724,15.249469394694515,0.31197598026667367,10.49054366870938,0.3166376075093875,4.758925725985135,-0.0046616272427138505,15.25915389362996,0.3129364287559401,0.009684498935445873,0.0009604484892664078,1.9802162647247314,1.9894171953201294,1.9916510581970215,1.9852592945098877,0.5039912462234497,0.5011717677116394,0.5020667314529419,0.5013242363929749,1.9806994199752808,1.9825023412704468,1.9784621000289917,1.9837054014205933
32,Train/Low/low00004.png,T026A_selected,500,500,500,12.360954698000569,0.016075757825706347,17.938285448880393,0.4307249787104569,0.01597127023036138,17.966605420895082,0.4324106216104807,0.01597127023036138,17.966605420895082,0.4324106216104807,13.466718655463076,0.4268486052781914,4.499886765432006,0.00556201633228931,18.386817621318624,0.4233664718866598,0.420212200423542,-0.009044149723820893,1.7544901371002197,1.8720067739486694,1.9280797243118286,1.7440096139907837,0.5046228170394897,0.5051901340484619,0.504788875579834,0.5097540616989136,1.7761017084121704,1.5753892660140991,1.603583812713623,1.6918617486953735
33,Train/Low/low00449.png,T026A_selected,500,500,500,12.347804827033542,0.029332283233833387,15.326541300893194,0.0940864913519055,0.029311564005031574,15.329610078790957,0.09414623965045725,0.029311564005031574,15.329610078790957,0.09414623965045725,15.20814579907864,0.0986778462922835,0.12146427971231688,-0.004531606641826252,15.493640702131152,0.09894404779368376,0.1640306233401958,0.004797808143226515,-0.45601773262023926,0.9195860028266907,1.022911548614502,-0.36250972747802734,0.5047246217727661,0.500691294670105,0.5021701455116272,0.6181499361991882,1.442276954650879,0.7616468667984009,0.6885102987289429,1.4572868347167969
34,Train/Low/low00040.png,T026A_selected,500,500,500,11.953830168000422,0.0018669135652026186,27.28875788652158,0.7724557158209514,0.0017671016674575513,27.527384633140485,0.7756753413808886,0.0017671016674575513,27.527384633140485,0.7756753413808886,26.94486538526336,0.7987580157465483,0.5825192478771264,-0.023082674365659694,27.65249535209489,0.7787723786907012,0.12511071895440296,0.003097037309812589,1.460310459136963,1.7200565338134766,1.7718853950500488,1.473913550376892,0.623754620552063,0.6149234771728516,0.6635857820510864,0.5034106373786926,1.3778947591781616,1.2186466455459595,1.2606303691864014,1.1247427463531494
35,Train/Low/low00465.png,identity,500,500,500,12.253738063038327,0.032125506663473365,14.93150014184681,0.09069190555046473,0.03212791283821302,14.931174870936552,0.09068963753544794,0.032125506663473365,14.93150014184681,0.09069190555046473,14.714735348684261,0.08970022939482553,0.21676479316254849,0.0009916761556392067,15.138371477891559,0.09537829514366936,0.20687133604474894,0.0046863895932046234,-0.43728965520858765,-0.37542790174484253,-0.47955578565597534,-0.3601361811161041,0.5053701400756836,0.5035771131515503,0.5044801235198975,0.5032963156700134,0.796354353427887,0.8572939038276672,1.6061261892318726,0.9117929935455322
36,Train/Low/low00293.png,identity,500,500,500,12.342879533011,0.03875425710507266,14.116805838494894,0.06251635230284919,0.03875974380284056,14.116191022451204,0.0625063051896931,0.03875425710507266,14.116805838494894,0.06251635230284919,13.021672649833802,0.08279654573122316,1.0951331886610927,-0.020280193428373977,14.405455689023938,0.062063830582624296,0.288649850529044,-0.000452521720224891,-0.43866637349128723,0.8035425543785095,-0.49086546897888184,-0.49768340587615967,0.5037141442298889,0.5041319727897644,0.5054704546928406,0.5057787895202637,1.7534171342849731,1.1746779680252075,1.7265961170196533,1.6568526029586792
37,Train/Low/low00563.png,T026A_selected,493,500,493,11.50950076704612,0.005926186874257967,22.272246577531295,0.6105600593400957,0.005925916141380305,22.272444985855458,0.6107165555146984,0.005925916141380305,22.272444985855458,0.6107165555146984,22.27245575199452,0.610717351374583,-1.076613906292323e-05,-7.95859884661354e-07,22.730861991130148,0.6081205918117237,0.45841700527468987,-0.0025959637029746574,1.1717569828033447,1.4778094291687012,1.600907802581787,1.4313428401947021,0.597477376461029,0.6321709752082825,0.6752888560295105,0.7134590148925781,1.093164086341858,0.9853225350379944,1.0325019359588623,1.2405099868774414
38,Train/Low/low00515.png,T026A_selected,500,500,500,12.359414042031858,0.019905630704190054,17.010240573659917,0.23981067806047454,0.019891158499387395,17.01339921991737,0.2400533066929503,0.019891158499387395,17.01339921991737,0.2400533066929503,14.004006304844058,0.2708664881352684,3.009392915073313,-0.03081318144231812,17.132191430293556,0.240069000300069,0.11879221037618493,1.5693607118699715e-05,1.9888471364974976,1.956889271736145,1.9917514324188232,1.9410886764526367,0.5888352990150452,0.505439817905426,0.5783380270004272,0.5068047642707825,1.990063190460205,1.9145859479904175,1.9826335906982422,1.9225013256072998
39,Train/Low/low00476.png,T026A_selected,500,500,500,12.4619499600376,0.0038425366774862356,24.1538197841407,0.6731351202647871,0.0038209249256473178,24.17831495338916,0.6753914963091656,0.0038209249256473178,24.17831495338916,0.6753914963091656,24.166209043904967,0.6786965974907269,0.012105909484194655,-0.003305101181561243,28.03121151707961,0.6663124762862193,3.8528965636904466,-0.00907902002294636,1.4039463996887207,1.5134822130203247,1.6678681373596191,1.4289662837982178,0.5871341824531555,0.5029109120368958,0.5300472974777222,0.5526773929595947,1.3037269115447998,1.0028324127197266,1.0867263078689575,1.2421884536743164
40,Train/Low/low00219.png,T026A_selected,500,500,500,11.827653860964347,0.019911706316563752,17.008915218854206,0.42880317835393966,0.019730032691910496,17.048721951378457,0.43032000204301923,0.019730032691910496,17.048721951378457,0.43032000204301923,15.188565473692016,0.48171957599462517,1.8601564776864414,-0.05139957395160594,19.85950544730968,0.4214231787095805,2.810783495931222,-0.00889682333343872,1.4313771724700928,1.8018648624420166,1.8073300123214722,1.5242313146591187,0.502044141292572,0.5012022852897644,0.5013816356658936,0.5014340281486511,1.509835958480835,1.3292745351791382,1.3212801218032837,1.464578628540039
41,Train/Low/low00084.png,T026A_selected,500,500,500,10.32549383904552,0.00110862661451677,29.552146996213953,0.7514638395123693,0.0010891119532962798,29.62927475432672,0.7589156984243819,0.0010891119532962798,29.62927475432672,0.7589156984243819,29.629616723665762,0.7599928445802486,-0.000341969339043402,-0.0010771461558667372,30.007308312062886,0.7585426040739575,0.37803355773616687,-0.00037309435042442995,1.412569284439087,1.602672815322876,1.5703521966934204,1.2396231889724731,0.540449857711792,0.5266262292861938,0.5448938608169556,0.535191535949707,1.151914358139038,1.039595365524292,1.0854097604751587,1.2085955142974854
42,Train/Low/low00100.png,T026A_selected,500,500,500,9.376166216039564,0.007631635272679523,21.17382393394067,0.45359909531129955,0.007566697202268964,21.21093644916387,0.4546479816391782,0.007566697202268964,21.21093644916387,0.4546479816391782,18.536278147454563,0.4725743868841606,2.6746583017093073,-0.017926405244982402,21.217691101828734,0.45477281120823065,0.006754652664863414,0.00012482956905246478,1.7109959125518799,1.8095309734344482,1.7048038244247437,1.5078983306884766,0.5253813862800598,0.5767397284507751,0.5046204328536987,0.5086548328399658,1.3613382577896118,1.418657660484314,1.345321774482727,1.4650471210479736
43,Train/Low/low00561.png,T026A_selected,468,499,468,12.13985512900399,0.005183442130663572,22.853817456813804,0.5872125732684491,0.005183355685744047,22.853889885257388,0.5872160572498057,0.005183355685744047,22.853889885257388,0.5872160572498057,22.84314505169509,0.5877424726231248,0.01074483356229905,-0.0005264153733191002,22.929703071204315,0.5903209631972244,0.07581318594692732,0.0031049059474186347,1.3835675716400146,1.6101901531219482,1.577780842781067,1.3365979194641113,0.7034804224967957,0.6679531931877136,0.7249540686607361,0.6539240479469299,1.3382511138916016,1.1384122371673584,1.178855061531067,1.3461190462112427
44,Train/Low/low00510.png,T026A_selected,500,500,500,12.392243637994397,0.012820960522655267,18.920794370588165,0.5122568787323476,0.01275032314619501,18.944788082628953,0.5126247436667087,0.01275032314619501,18.944788082628953,0.5126247436667087,13.833017971883772,0.5134895323592344,5.111770110745182,-0.0008647886925257087,20.61805758635554,0.5250707721489314,1.673269503726587,0.012446028482222649,1.8344985246658325,1.9311577081680298,1.9139037132263184,1.8559929132461548,0.5080756545066833,0.5042378902435303,0.5035213232040405,0.5068696141242981,1.7528527975082397,1.7731817960739136,1.6371077299118042,1.8207612037658691
45,Train/Low/low00562.png,T026A_selected,500,500,500,12.198027373990044,0.06072747261205409,12.166147931978566,0.4997152835424972,0.060653849768090455,12.171416287631553,0.5014261864857742,0.060653849768090455,12.171416287631553,0.5014261864857742,12.153690547398359,0.5029869324101677,0.017725740233194287,-0.0015607459243934807,12.188412217011145,0.5013495147309123,0.0169959293795916,-7.667175486192335e-05,0.0,1.7199246883392334,1.778409481048584,1.4121088981628418,1.0,0.508385956287384,0.5101063251495361,0.5061447024345398,1.0,1.1257258653640747,1.1183722019195557,1.2868152856826782
46,Train/Low/low00247.png,T026A_selected,500,500,500,12.269545095972717,0.0006451999108463662,31.90305701293823,0.8278239248107407,0.0006389822412710881,31.945112116775075,0.8341827116309076,0.0006389822412710881,31.945112116775075,0.8341827116309076,31.938337985432973,0.8356463063500776,0.006774131342101697,-0.0014635947191700138,31.96853915580705,0.8342713263608403,0.023427039031975738,8.861472993271224e-05,1.0416053533554077,1.487999677658081,1.4922776222229004,1.1066508293151855,0.5475819706916809,0.5910101532936096,0.6046822667121887,0.5962904095649719,1.1788902282714844,1.037600040435791,1.0523428916931152,1.2179657220840454
47,Train/Low/low00326.png,T026A_selected,500,500,500,12.319325126009062,0.021740853529539982,16.627234098406678,0.16089012293405203,0.02173623799217912,16.628156194317057,0.16091203758289632,0.02173623799217912,16.628156194317057,0.16091203758289632,15.148901107740286,0.18636588126373277,1.4792550865767709,-0.025453843680836447,16.754834122453957,0.15983853495693726,0.1266779281368997,-0.0010735026259590663,-0.5,0.7640565037727356,-0.5,-0.3005463182926178,0.5121660232543945,0.5038672089576721,0.5172227621078491,0.6069700717926025,1.6583664417266846,1.07931649684906,1.5456836223602295,1.7596865892410278
48,Train/Low/low00385.png,identity,500,500,500,12.231213719001971,0.04882249979634174,13.113799877217163,0.09784176679263193,0.04883865414980783,13.112363124455282,0.09779906443411837,0.04882249979634174,13.113799877217163,0.09784176679263193,9.346060566172868,0.1297355456235523,3.767739311044295,-0.03189377883092037,13.299584852981532,0.09888943789653795,0.1857849757643688,0.0010476711039060227,0.0,-0.01026652567088604,-0.28984448313713074,-0.29130318760871887,0.5039755702018738,0.5050486326217651,0.5163150429725647,0.5068985223770142,1.9781895875930786,1.9483944177627563,1.8194098472595215,1.8381469249725342
49,Train/Low/low00295.png,T026A_selected,500,500,500,12.166335737972986,0.01585170696790175,17.999239645613883,0.1824219286454257,0.015812838752222218,18.0099015766066,0.18502576930364198,0.015812838752222218,18.0099015766066,0.18502576930364198,16.36504450109727,0.21349163056057138,1.6448570755093321,-0.028465861256929403,18.19062835829081,0.18617863721922498,0.18072678168420708,0.0011528679155830002,-0.5,-0.2928416430950165,1.3360235691070557,0.6227535009384155,0.5113995671272278,0.5062227249145508,0.5413104295730591,0.560119092464447,1.5542833805084229,1.4546051025390625,0.8096001148223877,1.0653562545776367
50,Train/Low/low00331.png,identity,500,500,500,12.163100692036096,0.06533331295781832,11.84865318806683,0.053917950851012836,0.06534526142126051,11.84785900251969,0.05391025002564252,0.06533331295781832,11.84865318806683,0.053917950851012836,10.04121753415211,0.0752121667646597,1.8074356539147196,-0.021294215913646858,12.0728206225502,0.053648201729313436,0.22416743448336973,-0.00026974912169940024,-0.07344723492860794,-0.16649629175662994,-0.3505358099937439,-0.2311893105506897,0.5032193064689636,0.5028502345085144,0.5034195780754089,0.5036813020706177,1.9183199405670166,1.8869562149047852,1.81749427318573,1.8687338829040527
51,Train/Low/low00124.png,T026A_selected,500,500,500,12.258483421988785,0.008127978267880396,20.900174662501463,0.4698713507782732,0.007937364273437995,21.003236879426005,0.47341010043734616,0.007937364273437995,21.003236879426005,0.47341010043734616,15.379345743569191,0.5380882879897151,5.623891135856814,-0.06467818755236893,21.07459542889387,0.4727736723439704,0.07135854946786324,-0.0006364280933757738,1.4101685285568237,1.7521178722381592,1.8228404521942139,1.5770289897918701,0.5015802383422852,0.5046055912971497,0.5028193593025208,0.5032804608345032,1.6103492975234985,1.4235903024673462,1.4474812746047974,1.6015022993087769
52,Train/Low/low00196.png,T026A_selected,500,500,500,12.327987728989683,0.004473853807981181,23.493182114384048,0.3937868733443347,0.004342793615332167,23.62230809332719,0.4003611998748018,0.004342793615332167,23.62230809332719,0.4003611998748018,17.979762491707117,0.47988540744368785,5.642545601620075,-0.07952420756888606,24.040895332104228,0.39817847018419644,0.41858723877703596,-0.002182729690605345,1.5110896825790405,1.800955057144165,1.7443333864212036,1.473024845123291,0.5049019455909729,0.5029508471488953,0.5065320134162903,0.5033242106437683,1.523247480392456,1.4662895202636719,1.3870677947998047,1.6103310585021973
53,Train/Low/low00627.png,T026A_selected,493,500,493,12.041711858997587,0.004180280591167141,23.78794566285798,0.5883774591678672,0.004179795305703158,23.788449861149935,0.5890631199988291,0.004179795305703158,23.788449861149935,0.5890631199988291,22.048508436950883,0.6347742815121099,1.7399414241990527,-0.04571116151328081,23.970041282618368,0.5877154836280154,0.18159142146843266,-0.0013476363708136985,1.5104258060455322,1.7572046518325806,1.7251513004302979,1.5832481384277344,0.6208640933036804,0.6364657282829285,0.5718514919281006,0.5993523001670837,1.4987659454345703,1.365896463394165,1.2586359977722168,1.404677391052246
54,Train/Low/low00057.png,T026A_selected,500,500,500,11.923376216029283,0.002362000241170585,26.2672006237913,0.7198795787899621,0.0022391510741565767,26.499166038487708,0.7251775257661229,0.0022391510741565767,26.499166038487708,0.7251775257661229,23.44781861517221,0.7417628503002508,3.051347423315498,-0.016585324534127865,26.660316459011767,0.7250994721190102,0.16115042052405926,-7.805364711277463e-05,1.4975619316101074,1.732109546661377,1.7601220607757568,1.4407472610473633,0.5090920925140381,0.5054612159729004,0.5059756636619568,0.5098164677619934,1.3123838901519775,1.2080883979797363,1.1792871952056885,1.3390604257583618
55,Train/Low/low00165.png,T026A_selected,500,500,500,12.083919267985038,0.007901366935194058,21.022977693351216,0.4302261417100392,0.007828048696980441,21.06346481332367,0.43138092312333426,0.007828048696980441,21.06346481332367,0.43138092312333426,15.698776323899414,0.48091660477135034,5.364688489424255,-0.04953568164801608,21.19195141780713,0.4305696484728577,0.1284866044834594,-0.0008112746504765345,1.8531126976013184,1.8405429124832153,1.8756158351898193,1.6851887702941895,0.5123059153556824,0.5030360817909241,0.5028398036956787,0.503947377204895,1.4913321733474731,1.50859534740448,1.477983832359314,1.5889350175857544
56,Train/Low/low00364.png,T026A_selected,500,500,500,11.842066426994279,0.01664916143362363,17.786076356664445,0.16867886165383703,0.016646292778176877,17.78682471181597,0.1685811531777501,0.016646292778176877,17.78682471181597,0.1685811531777501,16.4989585588526,0.21878939987584012,1.287866152963371,-0.050208246698090014,17.910089469614032,0.167462653475383,0.12326475779806145,-0.001118499702367104,0.0,-0.5,-0.08060891181230545,-0.0699981227517128,0.742153525352478,0.5147578120231628,0.8169523477554321,0.7102701663970947,1.7875357866287231,1.4954476356506348,1.5774152278900146,1.743064284324646
57,Train/Low/low00406.png,T026A_selected,500,500,500,11.879456965019926,0.06451955273805664,11.90308651885482,0.08478419510541736,0.0645102456055305,11.903713046425558,0.0847697078384169,0.0645102456055305,11.903713046425558,0.0847697078384169,10.212019257606052,0.10654034964787558,1.6916937888195065,-0.021770641809458674,12.100907347184492,0.08733283761327669,0.19719430075893385,0.0025631297748597848,-0.3147263824939728,-0.013430038467049599,-0.07764530926942825,-0.3941138982772827,0.5333134531974792,0.5036532878875732,0.6066596508026123,0.5100526213645935,1.8674367666244507,1.9387233257293701,1.8535135984420776,1.8254141807556152
58,Train/Low/low00586.png,T026A_selected,500,500,500,12.103790281980764,0.013144566136755343,18.812537440971916,0.47996479666549835,0.013075936683238976,18.835271910426094,0.48053866095836484,0.013075936683238976,18.835271910426094,0.48053866095836484,16.628102355646277,0.5311494193107981,2.207169554779817,-0.05061075835243323,18.874098706545443,0.4802402962676424,0.03882679611934847,-0.0002983646907224191,1.5003652572631836,1.3324942588806152,1.7707868814468384,1.4984126091003418,0.5015833377838135,0.6265220046043396,0.6534225344657898,0.6167894601821899,1.6710482835769653,1.319629192352295,1.6920160055160522,1.1445791721343994
59,Train/Low/low00643.png,identity,289,289,444,12.31303309102077,0.0016214442164490363,27.900979880363977,0.9559075619425761,0.0016214802731898295,27.900883305537075,0.9559071036236878,0.0016214442164490363,27.900979880363977,0.9559075619425761,27.900911740172106,0.9559074624095841,6.814019187117992e-05,9.95329919595278e-08,27.96417477786772,0.9558431035903782,0.06319489750374174,-6.445835219792695e-05,0.6443468332290649,0.5104724168777466,0.41901570558547974,0.5318971872329712,0.8423769474029541,0.7303948402404785,0.7237095832824707,0.7289646863937378,1.1999279260635376,1.1301875114440918,1.096860408782959,1.1412018537521362
60,Train/Low/low00505.png,T026A_selected,500,500,500,12.284961502009537,0.007538606350006761,21.227089340300314,0.557447776579432,0.007442805222974539,21.282633462767315,0.5586623749479411,0.007442805222974539,21.282633462767315,0.5586623749479411,18.36582963683544,0.5696671286446555,2.9168038259318756,-0.011004753696714387,22.112987067716688,0.5584461482649545,0.8303536049493729,-0.00021622668298659775,1.5490235090255737,1.8117973804473877,1.8229954242706299,1.5713082551956177,0.504375159740448,0.5031601190567017,0.5045956373214722,0.5215238332748413,1.435438632965088,1.3059148788452148,1.3775033950805664,1.6299993991851807
61,Train/Low/low00119.png,T026A_selected,499,500,499,12.311540442984551,0.0007313839534672228,31.358545722958787,0.7571706399414349,0.0007311067776522222,31.360191899934158,0.757790348412732,0.0007311067776522222,31.360191899934158,0.757790348412732,31.360175367461437,0.7577685753160234,1.6532472720598435e-05,2.177309670858829e-05,31.39485005724026,0.7576560511886962,0.03465815730610089,-0.00013429722403579536,1.1499300003051758,1.4863208532333374,1.4035592079162598,1.2709393501281738,0.6121861338615417,0.677410900592804,0.5846836566925049,0.6809659004211426,1.0890368223190308,1.048202395439148,0.9052994251251221,1.141803503036499
62,Train/Low/low00299.png,T026A_selected,500,500,500,11.902516994043253,0.012488549421471616,19.034880031659654,0.22097426444850182,0.012453322970934008,19.04714748537521,0.22370448106469534,0.012453322970934008,19.04714748537521,0.22370448106469534,18.811767971818096,0.2370286992787218,0.23537951355711328,-0.013324218214026462,19.277236374835354,0.22428731050903028,0.23008888946014494,0.0005828294443349369,-0.34808090329170227,-0.32163214683532715,1.1770315170288086,0.59199458360672,0.5056696534156799,0.5227328538894653,0.6565408110618591,0.6701003313064575,1.2132960557937622,1.2878680229187012,0.7788305282592773,1.0210157632827759
63,Train/Low/low00683.png,T026A_selected,500,500,500,11.860235823027324,0.013118472911077978,18.821167171624783,0.42849076244201684,0.01302675317664212,18.851638155367795,0.42923652753107744,0.01302675317664212,18.851638155367795,0.42923652753107744,16.66994442222085,0.4606981278550768,2.1816937331469433,-0.03146160032399936,18.974310874682374,0.43008406688224193,0.12267271931457913,0.0008475393511644946,1.6416007280349731,1.8033267259597778,1.7932014465332031,1.6712663173675537,0.5033935308456421,0.5028189420700073,0.5020777583122253,0.5026029944419861,1.4516183137893677,1.3649338483810425,1.389418125152588,1.488730788230896
64,Train/Low/low00110.png,T026A_selected,465,500,465,11.853695603029337,0.000665468137751455,31.768727334725323,0.7560848069964106,0.0006654123398900175,31.76909149520022,0.755736299521165,0.0006654123398900175,31.76909149520022,0.755736299521165,31.769299347007394,0.7558169093687848,-0.00020785180717197704,-8.060984761981693e-05,31.95875174492882,0.7548641847052385,0.18966024972859685,-0.0008721148159264169,1.1142957210540771,1.5500309467315674,1.544710636138916,1.29049813747406,0.6385250687599182,0.7086936235427856,0.6870153546333313,0.7118275761604309,1.1974507570266724,1.072115421295166,1.037072777748108,1.213945984840393
65,Train/Low/low00214.png,T026A_selected,500,500,500,12.403640402015299,0.04932634986644781,13.069210209966432,0.13798375530469162,0.04929327893009057,13.072122921337373,0.13798892348301459,0.04929327893009057,13.072122921337373,0.13798892348301459,8.78288048332063,0.17984732157320535,4.289242438016743,-0.04185839809019076,13.073466205529913,0.13796722443824383,0.0013432841925400396,-2.169904477075657e-05,1.9955397844314575,1.9968109130859375,1.998342752456665,1.992266297340393,0.501014769077301,0.5006129741668701,0.5011417865753174,0.5008699297904968,1.9978032112121582,1.9968593120574951,1.9955638647079468,1.9932758808135986
66,Train/Low/low00417.png,identity,500,500,500,12.161869505012874,0.07754015096525445,11.104733577869833,0.07286367623760658,0.07755087667305592,11.104132883453007,0.07284451440311648,0.07754015096525445,11.104733577869833,0.07286367623760658,10.881145001230745,0.08199594740968964,0.22358857663908793,-0.009132271172083067,11.179511477741524,0.07476987445211604,0.07477789987169103,0.0019061982145094636,0.0,-0.43631821870803833,-0.4448545277118683,-0.49118542671203613,1.0,0.5037047863006592,0.5053004026412964,0.5084559917449951,1.0,1.7659251689910889,1.2344125509262085,1.4382076263427734
67,Train/Low/low00354.png,T026A_selected,500,500,500,12.09965883899713,0.029448693735515837,15.309339645793996,0.09132017372601446,0.029429124711604734,15.31222654603518,0.09139448619254567,0.029429124711604734,15.31222654603518,0.09139448619254567,15.145265991800008,0.09732280391143087,0.16696055423517286,-0.005928317718885204,15.538248030949939,0.09167877716614417,0.22602148491475837,0.0002842909735985,-0.4609847664833069,-0.24658484756946564,1.1303436756134033,-0.39228004217147827,0.5046184659004211,0.5018078088760376,0.5027583241462708,0.503564178943634,1.4921826124191284,1.1568858623504639,0.7040264010429382,0.9698502421379089
68,Train/Low/low00603.png,T026A_selected,500,500,500,11.829522879968863,0.0025598869477798706,25.917792140004586,0.5700964804092787,0.0025573764221823105,25.922053431332962,0.5743133857151134,0.0025573764221823105,25.922053431332962,0.5743133857151134,25.811428303141767,0.5997811366670107,0.11062512819119519,-0.02546775095189735,27.708241411917825,0.5418515793942056,1.786187980584863,-0.03246180632090778,1.280395746231079,1.6226898431777954,1.7349228858947754,1.3868612051010132,0.6121151447296143,0.5553205609321594,0.6337111592292786,0.6331945061683655,1.4223310947418213,1.1004008054733276,1.1722065210342407,1.368699550628662
69,Train/Low/low00260.png,T026A_selected,500,500,500,11.99785356404027,0.01631734221552224,17.873505781269653,0.4211328328625669,0.01623966558723109,17.89422918143831,0.4218449056569794,0.01623966558723109,17.89422918143831,0.4218449056569794,13.362281210321763,0.4417109680123067,4.531947971116546,-0.019866062355327285,17.966062453708172,0.4226161809551739,0.07183327226986336,0.0007712752981944848,1.9048084020614624,1.889046311378479,1.9199941158294678,1.8237733840942383,0.5076039433479309,0.5025973320007324,0.5049591660499573,0.5026740431785583,1.7215087413787842,1.7044825553894043,1.6271206140518188,1.6544121503829956
70,Train/Low/low00628.png,T026A_selected,454,500,454,12.087778065993916,0.003597443317063303,24.440060402768506,0.6138666760798043,0.0035974070004169997,24.440104245568275,0.6137955637583787,0.0035974070004169997,24.440104245568275,0.6137955637583787,24.005958679731346,0.6373269300817054,0.4341455658369284,-0.02353136632332664,24.803645962285252,0.6126846695312056,0.363541716716977,-0.0011108942271731426,1.5131198167800903,1.751402735710144,1.6875962018966675,1.5326849222183228,0.7135319113731384,0.751616358757019,0.6755632162094116,0.7259606719017029,1.3897963762283325,1.2963898181915283,1.1856539249420166,1.4088255167007446
71,Train/Low/low00493.png,T026A_selected,500,500,500,12.26945106202038,0.004516755029739037,23.451734631507094,0.5849268416297292,0.004516377765685171,23.452097393132814,0.58496968293295,0.004516377765685171,23.452097393132814,0.58496968293295,23.366585953161703,0.5828723480173063,0.08551143997111055,0.0020973349156437893,24.15790023257747,0.5877099026281106,0.705802839444658,0.002740219695160584,1.4132823944091797,1.5891114473342896,1.7747145891189575,1.6029620170593262,0.5364717841148376,0.5410780310630798,0.6076589822769165,0.5638977885246277,1.2223870754241943,1.173478126525879,1.2960011959075928,1.2486733198165894
72,Train/Low/low00298.png,T026A_selected,500,500,500,12.356788422970567,0.03548643307828864,14.499376516038778,0.07446181731533423,0.035395564803900235,14.510511532811638,0.07465662121127593,0.035395564803900235,14.510511532811638,0.07465662121127593,13.454313495719958,0.08981462671523584,1.0561980370916793,-0.015158005503959904,14.745714608379718,0.0740398457509575,0.23520307556808007,-0.0006167754603184361,-0.4290553629398346,-0.23020818829536438,1.5007299184799194,0.5992310643196106,0.5033329725265503,0.5016918778419495,0.5004944205284119,0.5025254487991333,1.696249008178711,1.6407321691513062,0.7947940230369568,1.0559990406036377
73,Train/Low/low00398.png,identity,500,500,500,12.384746411989909,0.07032428829571569,11.528946543395474,0.07169095776492973,0.0703598072125652,11.526753591894742,0.07165490212021806,0.07032428829571569,11.528946543395474,0.07169095776492973,9.620100561549608,0.09168426459773683,1.9088459818458663,-0.019993306832807103,11.828135140036869,0.07328899368584979,0.29918859664139497,0.00159803592092006,-0.06283377856016159,-0.09366723895072937,-0.3280112147331238,-0.25907790660858154,0.5048772692680359,0.5030437707901001,0.5071488618850708,0.5064516067504883,1.9185363054275513,1.908592939376831,1.8281313180923462,1.8520947694778442
74,Train/Low/low00659.png,T026A_selected,371,474,371,12.305208526027855,0.0035354124196076086,24.515599167716427,0.626008339515784,0.003535396996572169,24.515618113607317,0.6260011076002427,0.003535396996572169,24.515618113607317,0.6260011076002427,24.168193295662267,0.6386944117266777,0.34742481794505053,-0.01269330412643499,24.5765521511166,0.6247826170839672,0.06093403750928417,-0.0012184905162755388,1.3806118965148926,1.682831883430481,1.696948766708374,1.491262674331665,0.6490803956985474,0.6810411214828491,0.6722968816757202,0.6829245686531067,1.3791371583938599,1.276418685913086,1.189312219619751,1.365368127822876
75,Train/Low/low00464.png,identity,203,203,286,12.350697917980142,0.0014496455643654255,28.38738168976392,0.925905002952583,0.0014496571067851482,28.387347110351136,0.925904746165582,0.0014496455643654255,28.38738168976392,0.925905002952583,28.387362001382677,0.9259046660979262,1.968838124355443e-05,3.3685465683497284e-07,28.46553294869718,0.9259939928772059,0.07815125893326069,8.898992462280653e-05,0.38926616311073303,0.5444750785827637,0.44876885414123535,0.4373824894428253,0.7652549743652344,0.8919045925140381,0.8326581716537476,0.8320216536521912,1.1001379489898682,1.164777159690857,1.1230626106262207,1.1169211864471436
76,Train/Low/low00405.png,T026A_selected,500,500,500,12.377001347020268,0.04846300683010009,13.145896440736735,0.10473102974426415,0.04844531326582788,13.147482314355514,0.10472640621648659,0.04844531326582788,13.147482314355514,0.10472640621648659,11.967616528360761,0.12463926272620134,1.1798657859947532,-0.01991285650971475,13.39353945312334,0.10948370269041034,0.2460571387678261,0.0047572964739237555,0.0,-0.21857872605323792,0.0,-0.5,0.6644628643989563,0.504944920539856,0.718350887298584,0.5265137553215027,1.8743326663970947,1.7843040227890015,1.9420545101165771,1.6743959188461304
77,Train/Low/low00650.png,T026A_selected,500,500,500,11.947812147031073,0.042789385724400386,13.686639481133602,0.5172871360115383,0.04278333112567284,13.687254041222072,0.5194519437792493,0.04278333112567284,13.687254041222072,0.5194519437792493,13.606101882143847,0.5299448751290731,0.0811521590782256,-0.010492931349823764,13.716252451099537,0.517486798025349,0.028998409877464937,-0.001965145753900277,1.1955647468566895,1.2526404857635498,0.0,1.591489315032959,0.542791485786438,0.5292114615440369,1.0,0.5680413842201233,1.5074384212493896,1.387451410293579,1.0,1.3169593811035156
78,Train/Low/low00621.png,T026A_selected,421,494,421,12.337483384995721,0.00319808445303884,24.951100718579312,0.6451499639342606,0.0031980563582996763,24.95113887092945,0.6451515482796729,0.0031980563582996763,24.95113887092945,0.6451515482796729,24.805043338073457,0.6511139527146683,0.14609553285599475,-0.005962404434995405,25.140225954015555,0.6434902099603311,0.189087083086104,-0.0016613383193417874,1.5063729286193848,1.6971840858459473,1.6488018035888672,1.5356717109680176,0.7470625638961792,0.6859908699989319,0.7065373063087463,0.7624471783638,1.308650255203247,1.160000205039978,1.1056572198867798,1.3360000848770142
79,Train/Low/low00596.png,T026A_selected,500,500,500,12.389040081994608,0.023639914488850722,16.263540987335674,0.20578358813024902,0.023512153168638892,16.287075977385232,0.2070990613321941,0.023512153168638892,16.287075977385232,0.2070990613321941,11.792604418418751,0.30360990757626094,4.494471558966481,-0.09651084624406683,16.639758393829464,0.2143713095239058,0.3526824164442317,0.007272248191711683,1.8561893701553345,1.9279886484146118,1.925106167793274,1.7967169284820557,0.5017516016960144,0.5024030208587646,0.501978874206543,0.5024756193161011,1.890854001045227,1.8167173862457275,1.7807329893112183,1.8459831476211548
80,Train/Low/low00378.png,identity,500,500,500,12.110021341009997,0.03785673871696134,14.218568023699518,0.10880536051282329,0.037861185753333276,14.2180578873288,0.10874240291878576,0.03785673871696134,14.218568023699518,0.10880536051282329,12.15736952772894,0.13312300665116383,2.0611984959705776,-0.024317646138340546,14.478180691438848,0.11516593559239835,0.25961266773932934,0.006360575079575062,-0.30778777599334717,-0.27453887462615967,-0.17760516703128815,0.0,0.5130283832550049,0.5057119131088257,0.6554055213928223,0.6654218435287476,1.8162870407104492,1.8417361974716187,1.5817220211029053,1.7959095239639282
81,Train/Low/low00058.png,T026A_selected,500,500,500,12.351670630974695,0.002790043819518746,25.543889757852746,0.7017424931302221,0.002665132817438119,25.742811429439165,0.7068763339824464,0.002665132817438119,25.742811429439165,0.7068763339824464,20.76455742148072,0.7313463339360691,4.978254007958444,-0.024469999953622645,26.14298974421053,0.706959469657753,0.40017831477136667,8.313567530660038e-05,1.5303205251693726,1.7454818487167358,1.7574414014816284,1.46604585647583,0.5132032632827759,0.5067627429962158,0.504743754863739,0.5109572410583496,1.3619261980056763,1.2694588899612427,1.2372463941574097,1.4050226211547852
82,Train/Low/low00092.png,T026A_selected,500,500,500,11.94312212098157,0.006359950098627819,21.96546291894919,0.6956915367469828,0.006106750789270748,22.1418980278994,0.7022266040561504,0.006106750789270748,22.1418980278994,0.7022266040561504,19.56794309305885,0.7330992947271362,2.5739549348405504,-0.030872690670985747,22.18090022966139,0.7020392009553869,0.03900220176198843,-0.00018740310076359457,1.5459249019622803,1.7524149417877197,1.6864489316940308,1.4847354888916016,0.5057151317596436,0.5066177845001221,0.5016556978225708,0.5038652420043945,1.3253897428512573,1.2613943815231323,1.1848561763763428,1.2958754301071167
83,Train/Low/low00266.png,T026A_selected,500,500,500,12.345383977983147,0.006383200664126405,21.949615027497337,0.36375065684276303,0.006364768282044184,21.96217402797663,0.36425811294932875,0.006364768282044184,21.96217402797663,0.36425811294932875,21.73674722591119,0.37324490114329756,0.22542680206543864,-0.008986788193968809,22.342807551764885,0.3612486245241759,0.380633523788255,-0.003009488425152862,1.4798665046691895,1.7307130098342896,1.7635174989700317,1.3415815830230713,0.5127072334289551,0.5418758988380432,0.5054787397384644,0.5351665616035461,1.3533326387405396,1.2139458656311035,1.1837586164474487,1.3825880289077759
84,Train/Low/low00180.png,T026A_selected,500,500,500,12.371777450025547,0.02273908884902842,16.432269413970527,0.18177879413790593,0.022706314029039956,16.43853360133941,0.18184921471421842,0.022706314029039956,16.43853360133941,0.18184921471421842,10.957752677589683,0.2674410527158502,5.4807809237497285,-0.08559183800163181,16.49275684983024,0.18322911122951321,0.05422324849082827,0.0013798965152947984,1.982367992401123,1.9681347608566284,1.9917168617248535,1.9778786897659302,0.50232994556427,0.5015699863433838,0.5023450255393982,0.501342236995697,1.9911508560180664,1.972735047340393,1.9939885139465332,1.9745697975158691
85,Train/Low/low00679.png,T026A_selected,500,500,500,11.834482149977703,0.005492448577446489,22.602340004312623,0.5524971683683502,0.00537409547365949,22.696946223622533,0.5566808849330953,0.00537409547365949,22.696946223622533,0.5566808849330953,20.345654085864915,0.5887692097825926,2.3512921377576177,-0.03208832484949731,23.376968799425693,0.5533270339897572,0.6800225758031608,-0.003353850943338066,1.3351078033447266,1.722428321838379,1.7698863744735718,1.297165870666504,0.5044102668762207,0.5045903325080872,0.5060892105102539,0.5068926811218262,1.4647938013076782,1.2559558153152466,1.2565120458602905,1.4767283201217651
86,Train/Low/low00408.png,identity,500,500,500,12.09087954700226,0.06167439959005347,12.098950697424971,0.09285969563926809,0.06168078025892639,12.098501411178828,0.09281969842317635,0.06167439959005347,12.098950697424971,0.09285969563926809,10.276844976114358,0.11278388284864005,1.8221057213106135,-0.01992418720937196,12.41159302775095,0.09620939576691667,0.31264233032597843,0.0033497001276485833,-0.16383172571659088,-0.1436142921447754,-0.3447705805301666,-0.41430938243865967,0.507254421710968,0.5059157013893127,0.5134084820747375,0.5124868154525757,1.8846852779388428,1.8923044204711914,1.8094205856323242,1.7797248363494873
87,Train/Low/low00623.png,T026A_selected,500,500,500,10.875750199018512,0.004105757125275618,23.866067447541077,0.5223469981569214,0.003987514659353323,23.99297707329232,0.5367789869850342,0.003987514659353323,23.99297707329232,0.5367789869850342,18.767574683124597,0.5907838979480478,5.225402390167723,-0.05400491096301352,24.90426841823014,0.5331890995051112,0.911291344937819,-0.0035898874799230596,1.392561912536621,1.7987202405929565,1.7928458452224731,1.3760842084884644,0.5081472396850586,0.5075657367706299,0.5136602520942688,0.5171395540237427,1.5166257619857788,1.316399335861206,1.2971124649047852,1.4907615184783936
88,Train/Low/low00646.png,T026A_selected,472,500,472,12.155899900011718,0.0034657204265266988,24.6020647396886,0.6795585578415912,0.003458511288360337,24.61110802473488,0.6839127740270877,0.003458511288360337,24.61110802473488,0.6839127740270877,24.43384005307123,0.6974316217948427,0.1772679716636496,-0.013518847767755027,24.689587102703285,0.6824876217068712,0.07847907796840659,-0.0014251523202165606,1.5285606384277344,1.5428298711776733,1.7306725978851318,1.4848008155822754,0.5814891457557678,0.5642603039741516,0.5447853207588196,0.651857852935791,1.2341969013214111,1.0239592790603638,1.1204811334609985,1.3609529733657837
89,Train/Low/low00104.png,T026A_selected,500,500,500,12.246637299016584,0.02952980865514208,15.297393671319472,0.25075050480003114,0.029438905647185074,15.310783383638345,0.25154409150776075,0.029438905647185074,15.310783383638345,0.25154409150776075,12.712195609067667,0.28727536021439626,2.598587774570678,-0.03573126870663551,15.355726873166686,0.2529462861894728,0.044943489528341374,0.0014021946817120434,1.7084537744522095,1.9490017890930176,1.9759739637374878,1.8577960729599,0.5013012886047363,0.5017737746238708,0.5012145638465881,0.5026043653488159,1.7294120788574219,1.876172423362732,1.9184526205062866,1.8051064014434814
90,Train/Low/low00399.png,identity,500,500,500,11.93573758401908,0.013132388891876658,18.816562649089384,0.24475519756120184,0.013133665283759971,18.81614056060331,0.24476416411922983,0.013132388891876658,18.816562649089384,0.24475519756120184,17.460787445166194,0.26307578235381396,1.3557752039231907,-0.018320584792612116,18.979913927319302,0.2509353153089435,0.1633512782299178,0.006180117747741631,0.0,-0.23503528535366058,0.0,0.0,0.9272167086601257,0.6915842890739441,1.032914638519287,1.0168335437774658,1.882171392440796,1.352743148803711,1.9279708862304688,1.8894433975219727
91,Train/Low/low00638.png,T026A_selected,443,499,443,12.540398481010925,0.041519073839312005,13.817523428031999,0.4708221514447379,0.041519027318896624,13.817528294125855,0.4707904383940163,0.041519027318896624,13.817528294125855,0.4707904383940163,13.789105549840217,0.48144587725074023,0.0284227442856384,-0.010655438856723931,13.822123253969693,0.47069925303185767,0.004594959843837287,-9.118536215863005e-05,0.0,1.7126535177230835,1.773980975151062,1.3600658178329468,1.0,0.6977549195289612,0.6400309205055237,0.704660952091217,1.0,1.2734663486480713,1.1437121629714966,1.539732575416565
92,Train/Low/low00533.png,T026A_selected,500,500,500,12.299543320026714,0.005788412723334043,22.374405105391443,0.5261278623273808,0.005632014108590464,22.49336265926436,0.5315019625885928,0.005632014108590464,22.49336265926436,0.5315019625885928,12.834256758236059,0.585320422582993,9.659105901028301,-0.05381845999440016,22.535931864594176,0.5310985118403085,0.042569205329815674,-0.0004034507482842953,1.6353553533554077,1.8630447387695312,1.8558772802352905,1.5993682146072388,0.5104755759239197,0.5073172450065613,0.5140185356140137,0.5079988241195679,1.6671043634414673,1.5527151823043823,1.5476933717727661,1.6747254133224487
93,Train/Low/low00142.png,T026A_selected,500,500,500,12.184884549002163,0.030350938256288384,15.17827878782125,0.13408248422723118,0.03025780149270293,15.191626306510404,0.13409666208809706,0.03025780149270293,15.191626306510404,0.13409666208809706,9.610353935533185,0.23308859972135976,5.581272370977219,-0.0989919376332627,15.197759877900479,0.13433959699745734,0.006133571390074977,0.00024293490936028173,1.9918891191482544,1.994616150856018,1.9959640502929688,1.9909248352050781,0.500362753868103,0.5007475018501282,0.5009816288948059,0.5005567073822021,1.9946895837783813,1.9911428689956665,1.9928253889083862,1.9938957691192627
94,Train/Low/low00182.png,T026A_selected,500,500,500,12.191172888036817,0.0911156197512976,10.404071664922313,0.09108213891645911,0.09107947657635392,10.405794738919232,0.09109234770759753,0.09107947657635392,10.405794738919232,0.09109234770759753,8.375943295891961,0.1132510309674369,2.0298514430272707,-0.02215868325983937,10.405826154886466,0.09103882675742678,3.141596723388318e-05,-5.352095017074898e-05,1.9969828128814697,1.996945858001709,1.9993772506713867,1.9971543550491333,0.5009182691574097,0.500603199005127,0.5008017420768738,0.500253438949585,1.997510313987732,1.9957859516143799,1.9984265565872192,1.9975697994232178
95,Train/Low/low00477.png,T026A_selected,500,500,500,12.079020043020137,0.00386167702148515,24.13224052061644,0.5997003638495748,0.003772474064537266,24.23373737282543,0.606080476916833,0.003772474064537266,24.23373737282543,0.606080476916833,18.68017563837002,0.6502753431529386,5.5535617344554105,-0.04419486623610558,24.91678684372648,0.6049084154479497,0.6830494709010502,-0.0011720614688832676,1.517137885093689,1.803051471710205,1.8469022512435913,1.6276423931121826,0.5069431066513062,0.5026818513870239,0.5154221653938293,0.5505957007408142,1.5566130876541138,1.3051613569259644,1.348177433013916,1.4765609502792358
96,Train/Low/low00036.png,T026A_selected,500,500,500,12.060007294989191,0.008040698884945243,20.94706201415231,0.606027455234117,0.00785603300217509,21.047967008025186,0.6077313597426706,0.00785603300217509,21.047967008025186,0.6077313597426706,14.85751436823508,0.6213214896246434,6.190452639790106,-0.013590129881972834,21.075212615565743,0.6081380092610283,0.02724560754055716,0.0004066495183577823,1.6732205152511597,1.8420250415802002,1.8668406009674072,1.7002153396606445,0.5041812062263489,0.5042763948440552,0.5020024180412292,0.5045777559280396,1.505989670753479,1.4303617477416992,1.4482953548431396,1.6312452554702759
97,Train/Low/low00594.png,identity,500,500,500,12.38432474900037,0.03343023517890009,14.758605681714364,0.5688873302696117,0.033430891681508215,14.75852039584694,0.5788777975847506,0.03343023517890009,14.758605681714364,0.5688873302696117,14.753010888803209,0.5896024238079518,0.0055947929111557215,-0.020715093538340112,14.769613722877729,0.5604496620432866,0.011008041163364624,-0.008437668226325079,1.1428349018096924,1.2473564147949219,0.9925559759140015,0.0,0.6295500993728638,0.7234101295471191,0.6056181788444519,1.0,1.4259774684906006,1.498426914215088,1.331479549407959,1.0
98,Train/Low/low00192.png,T026A_selected,500,500,500,11.971402439987287,0.058506082438360044,12.327989812323587,0.13882063283068824,0.058478045039624754,12.330071545641314,0.13881212698934733,0.058478045039624754,12.330071545641314,0.13881212698934733,9.4805754967589,0.14835803141086504,2.849496048882413,-0.009545904421517704,12.330109549263138,0.13881940413236926,3.8003621824600486e-05,7.277143021927612e-06,1.9978420734405518,1.9971721172332764,1.9981969594955444,1.9963122606277466,0.5008575320243835,0.5006621479988098,0.5006207823753357,0.5003982782363892,1.9983904361724854,1.9966272115707397,1.996209979057312,1.9964511394500732
99,Train/Low/low00668.png,T026A_selected,500,500,500,12.282428415026516,0.002769656044985748,25.57574161274797,0.6001802460807808,0.002659637104454883,25.751776168593125,0.6073373360241445,0.002659637104454883,25.751776168593125,0.6073373360241445,24.849131774861508,0.6253207327495922,0.9026443937316166,-0.017983396725447687,25.76964826400406,0.6072504551980427,0.017872095410936595,-8.688082610186498e-05,1.5620025396347046,1.6949374675750732,1.657191276550293,1.3113453388214111,0.5108070373535156,0.5062733292579651,0.5091542601585388,0.5095593929290771,1.2370128631591797,1.1707624197006226,1.1982731819152832,1.3396539688110352
