label,index,low,normal,winner,best_step,identity_best_step,selected_best_step,identity_final_mse,selected_final_mse,identity_updates,selected_updates,active_count,dark_active_count,reproduction_max_abs,grid_max_abs,seconds,ev_lower_active_count,ev_lower_all_count,ev_upper_active_count,ev_upper_all_count,ev_either_active_count,ev_either_all_count,gamma_lower_active_count,gamma_lower_all_count,gamma_upper_active_count,gamma_upper_all_count,gamma_either_active_count,gamma_either_all_count,raw_mse,raw_psnr,raw_ssim,selected_mse,selected_psnr,selected_ssim,oracle_mse,oracle_psnr,oracle_ssim,delta_psnr,delta_ssim
REFERENCE_ORACLE_ONLY,0,Train/Low/low00653.png,Train/Normal/normal00653.png,T022C_selected,500,500,500,0.10043022844443826,0.10040316161416765,500,500,4,4,0.0,0.0,11.683228449022863,0,0,0,0,0,0,4,4,0,0,4,4,0.17466439246154425,7.57795622399096,0.04125385681853205,0.13654016513367243,8.647395762419265,0.1495357655712035,0.10040316161416767,9.982526113945031,0.22095759911609125,1.3351303515257662,0.07142183354488776
REFERENCE_ORACLE_ONLY,1,Train/Low/low00651.png,Train/Normal/normal00651.png,T022C_selected,500,500,500,0.07822023885411558,0.07818874126856619,500,500,2,2,0.0,0.0,10.909775845997501,0,2,0,2,0,2,2,4,0,2,2,4,0.1337906600926594,8.735742035472692,0.17220725978708165,0.11233815307869528,9.494727205197371,0.27496684210719907,0.07818874126856618,11.068557783590219,0.4023453474739888,1.5738305783928475,0.12737850536678974
REFERENCE_ORACLE_ONLY,2,Train/Low/low00443.png,Train/Normal/normal00443.png,T022C_selected,138,189,138,0.09309494903828085,0.09309494903828085,500,500,4,1,0.0,0.0,11.702264013001695,0,0,3,3,3,3,4,4,0,0,4,4,0.12176763897407115,9.14468114678116,0.12113560284128243,0.11742866796677288,9.302258654402202,0.1151443618245308,0.0930949487851451,10.310738826518627,0.10805075885625308,1.0084801721164247,-0.007093602968277726
REFERENCE_ORACLE_ONLY,3,Train/Low/low00327.png,Train/Normal/normal00327.png,T022C_selected,183,243,183,0.037299029024171426,0.037299029024171426,500,500,4,1,0.0,0.0,11.650573441991583,0,0,3,3,3,3,4,4,0,0,4,4,0.07349759160254334,11.337268918118946,0.2121969556718744,0.08662071221943211,10.623782497022557,0.18295632877701934,0.037299028969567535,14.28302474321283,0.20363631077314143,3.6592422461902725,0.020679981996122088
REFERENCE_ORACLE_ONLY,4,Train/Low/low00601.png,Train/Normal/normal00601.png,T022C_selected,500,500,500,0.019365792965054005,0.019286832510369587,500,500,4,4,0.0,0.0,11.829665432975162,0,0,0,0,0,0,4,4,0,0,4,4,0.1484072663063235,8.285448346399846,0.20396672068024532,0.07099158992447129,11.487930972771379,0.4746608802946095,0.01928683251036958,17.147390909782807,0.5246550646105531,5.6594599370114285,0.0499941843159436
REFERENCE_ORACLE_ONLY,5,Train/Low/low00509.png,Train/Normal/normal00509.png,T022C_selected,500,500,500,0.02850197526312982,0.028461625330660427,500,500,4,4,0.0,0.0,11.765812672034372,0,0,0,0,0,0,4,4,0,0,4,4,0.08284290084283778,10.817447021738044,0.1678521290980604,0.048608032534556755,13.132919571331868,0.37186767810861915,0.028461625330660423,15.457403027063402,0.5103019787815123,2.3244834557315333,0.13843430067289314
REFERENCE_ORACLE_ONLY,6,Train/Low/low00001.png,Train/Normal/normal00001.png,T022C_selected,500,500,500,0.009741616022427504,0.009607130934346743,500,500,4,4,0.0,0.0,11.701774807006586,0,0,0,0,0,0,4,4,0,0,4,4,0.18312656407067338,7.3724865300837115,0.24158257140591555,0.053677025415376355,12.702115591855998,0.6217092930027628,0.009607130934346739,20.174062903145984,0.7021829881413949,7.471947311289986,0.08047369513863212
REFERENCE_ORACLE_ONLY,7,Train/Low/low00608.png,Train/Normal/normal00608.png,T022C_selected,500,500,500,0.028749034477444264,0.028586410685279666,500,500,4,4,0.0,0.0,11.948911549989134,0,0,0,0,0,0,4,4,0,0,4,4,0.231912416800536,6.34675998220175,0.17874480671031773,0.09513060978836564,10.21679719411416,0.512092957743312,0.028586410685279673,15.438403713099225,0.611172719264856,5.221606518985064,0.09907976152154396
REFERENCE_ORACLE_ONLY,8,Train/Low/low00351.png,Train/Normal/normal00351.png,T022C_selected,262,186,262,0.0542121124844796,0.05421211254834616,500,500,4,2,0.0,0.0,11.938711151015013,0,0,2,2,2,2,4,4,0,0,4,4,0.09025667072768169,10.44520690218302,0.13776310895795815,0.06840695191376557,11.648997604967168,0.12943735746069848,0.05421211221263317,12.65903671405615,0.10557008771999045,1.0100391090889822,-0.023867269740708033
REFERENCE_ORACLE_ONLY,9,Train/Low/low00261.png,Train/Normal/normal00261.png,T022C_selected,500,500,500,0.200079562849941,0.2000522469002982,500,500,4,4,0.0,0.0,11.737004991038702,0,0,0,0,0,0,4,4,0,0,4,4,0.25447347636353884,5.943574772535387,0.015362342311840835,0.23523200197680713,6.2850359528083395,0.044027387817278434,0.2000522469002982,6.988565664498383,0.10396796477280836,0.7035297116900434,0.05994057695552992
REFERENCE_ORACLE_ONLY,10,Train/Low/low00177.png,Train/Normal/normal00177.png,T022C_selected,500,500,500,0.10514281449140771,0.10509685317164177,500,500,4,4,0.0,0.0,11.959173260023817,0,0,0,0,0,0,4,4,0,0,4,4,0.18722252404254092,7.276419041078491,0.05943688083581653,0.1357830027517256,8.671545914188421,0.1947834124539577,0.10509685317164179,9.784102874984134,0.25215127951864885,1.1125569607957129,0.05736786706469116
REFERENCE_ORACLE_ONLY,11,Train/Low/low00542.png,Train/Normal/normal00542.png,T022C_selected,500,500,500,0.07205963410090636,0.07195437879345136,500,500,4,4,0.0,0.0,11.992486481030937,0,0,0,0,0,0,4,4,0,0,4,4,0.25178098246732006,5.989770761400385,0.133256225323828,0.1433170311096298,8.43702197059514,0.3858472489878187,0.07195437879345135,11.42942771873749,0.4773419026879247,2.9924057481423496,0.09149465370010601
REFERENCE_ORACLE_ONLY,12,Train/Low/low00592.png,Train/Normal/normal00592.png,T022C_selected,500,500,500,0.06512180423689116,0.06504778411840609,500,500,3,3,0.0,0.0,11.964705932943616,0,1,0,1,0,1,3,4,0,1,3,4,0.1476628236181513,8.307288312267225,0.24123625656006484,0.08679361323260419,10.6151223150425,0.4757280829316891,0.06504778411840607,11.867674932844082,0.48146810409738344,1.252552617801582,0.005740021165694331
REFERENCE_ORACLE_ONLY,13,Train/Low/low00184.png,Train/Normal/normal00184.png,T022C_selected,500,500,500,0.07711487965895898,0.07703747558321923,500,500,4,4,0.0,0.0,11.953809016034938,0,0,0,0,0,0,4,4,0,0,4,4,0.1837641023501259,7.35739322514076,0.10164020915940625,0.11324795109833101,9.45969646575512,0.29043679517446547,0.07703747558321922,11.132979569094895,0.33990325060661863,1.6732831033397737,0.04946645543215317
REFERENCE_ORACLE_ONLY,14,Train/Low/low00080.png,Train/Normal/normal00080.png,T022C_selected,500,500,500,0.02925983673992562,0.029074176699278115,500,500,4,4,0.0,0.0,11.975232703029178,0,0,0,0,0,0,4,4,0,0,4,4,0.27528898568789695,5.6021116438095255,0.22065302702760298,0.11569890837638991,9.366707386139089,0.5657696169523229,0.029074176699278118,15.364925744506886,0.6736775326786443,5.998218358367797,0.10790791572632141
REFERENCE_ORACLE_ONLY,15,Train/Low/low00501.png,Train/Normal/normal00501.png,T022C_selected,500,500,500,0.01878316458417566,0.018675902832577463,500,500,4,4,0.0,0.0,11.968948849011213,0,0,0,0,0,0,4,4,0,0,4,4,0.1461916842787011,8.350773303507005,0.1705303528937216,0.058881441881703286,12.300215635890348,0.5305850872930855,0.018675902832577463,17.287183942928063,0.6616377983609741,4.986968307037715,0.13105271106788863
REFERENCE_ORACLE_ONLY,16,Train/Low/low00133.png,Train/Normal/normal00133.png,T022C_selected,500,500,500,0.22909358005433259,0.22904829797094256,500,500,4,4,0.0,0.0,11.937989513971843,0,0,0,0,0,0,4,4,0,0,4,4,0.3180859060566678,4.974555734497576,0.026132485745239575,0.2676235099164477,5.724757377708015,0.08255626990579207,0.22904829797094267,6.400729310635099,0.11364631117969938,0.6759719329270837,0.031090041273907312
REFERENCE_ORACLE_ONLY,17,Train/Low/low00455.png,Train/Normal/normal00455.png,identity,7,7,14,0.07920213408301914,0.07920213408301914,500,500,4,0,0.0,0.0,11.881381538987625,0,0,4,4,4,4,4,4,0,0,4,4,0.0945582684720618,10.243004890845832,0.13014798542796818,0.10646987522525916,9.72773254893139,0.11956665729471598,0.0792021340830191,11.012631162893886,0.11687161807821521,1.2848986139624952,-0.002695039216500772
REFERENCE_ORACLE_ONLY,18,Train/Low/low00206.png,Train/Normal/normal00206.png,T022C_selected,361,496,361,0.0018615853586768064,0.0018615851799033017,500,500,4,4,0.0,0.0,11.828862970985938,0,0,0,0,0,0,4,4,0,0,4,4,0.10024972435193047,9.989168128484296,0.30858969199528347,0.017107310301580976,17.66818267081082,0.7132844827047597,0.0018615849886984834,27.301171317366357,0.7022094971269384,9.632988646555539,-0.011074985577821383
REFERENCE_ORACLE_ONLY,19,Train/Low/low00314.png,Train/Normal/normal00314.png,T022C_selected,227,217,227,0.04349057193545157,0.04349057193545157,500,500,4,2,0.0,0.0,11.850843101041391,0,0,2,2,2,2,4,4,0,0,4,4,0.08554106954738523,10.678253239222794,0.18427194394802734,0.06643170187497578,11.776246214792195,0.16397525105479163,0.04349057186462602,13.616048816881104,0.1596257926736179,1.8398026020889091,-0.004349458381173732
REFERENCE_ORACLE_ONLY,20,Train/Low/low00097.png,Train/Normal/normal00097.png,T022C_selected,500,500,500,0.05028358774819803,0.050243571139413724,500,500,4,4,0.0,0.0,11.733812220976688,0,0,0,0,0,0,4,4,0,0,4,4,0.12510764554120862,9.02716149020426,0.09933405381524278,0.08050288270598138,10.941885678198936,0.29858918720317074,0.05024357113941372,12.989195000227923,0.37456222955202184,2.047309322028987,0.0759730423488511
REFERENCE_ORACLE_ONLY,21,Train/Low/low00520.png,Train/Normal/normal00520.png,T022C_selected,500,500,500,0.07982736379749591,0.07977908471657486,500,500,4,4,0.0,0.0,11.634503347973805,0,0,0,0,0,0,4,4,0,0,4,4,0.16222393987314507,7.898850552567263,0.09116325698288649,0.11506450317151104,9.390586334022233,0.22424997442855168,0.07977908471657486,10.981109505383518,0.3308308532019777,1.5905231713612853,0.10658087877342601
REFERENCE_ORACLE_ONLY,22,Train/Low/low00424.png,Train/Normal/normal00424.png,identity,282,282,240,0.07416929445331238,0.07416929445331238,500,500,4,1,0.0,0.0,11.885603100003209,0,0,3,3,3,3,4,4,0,0,4,4,0.09975226824753047,10.010772201907265,0.12361664379005625,0.10659835273791414,9.72249506401019,0.10791152056286556,0.07416929445331241,11.297758522608298,0.10052559377261676,1.5752634585981085,-0.007385926790248798
REFERENCE_ORACLE_ONLY,23,Train/Low/low00535.png,Train/Normal/normal00535.png,T022C_selected,500,500,500,0.06560761461444356,0.06546686416687196,500,500,4,4,0.0,0.0,11.897399207984563,0,0,0,0,0,0,4,4,0,0,4,4,0.2568095892957261,5.903887637010607,0.14019142204178217,0.13069505262524164,8.837408520386155,0.41273420402429545,0.06546686416687195,11.839784610886916,0.5167700104572062,3.0023760905007606,0.10403580643291072
REFERENCE_ORACLE_ONLY,24,Train/Low/low00336.png,Train/Normal/normal00336.png,T022C_selected,180,210,180,0.03492456101347589,0.03492456101347589,500,500,4,1,0.0,0.0,11.748361933976412,0,0,3,3,3,3,4,4,0,0,4,4,0.05081551700648605,12.940036514702896,0.1423579808818283,0.05152104123621585,12.880153685020218,0.13652009107160568,0.03492456067347691,14.568690482999587,0.11761636032428917,1.6885367979793688,-0.018903730747316508
REFERENCE_ORACLE_ONLY,25,Train/Low/low00554.png,Train/Normal/normal00554.png,T022C_selected,500,500,500,0.09058029829347918,0.09052552246009833,500,500,4,4,0.0,0.0,11.855561315955129,0,0,0,0,0,0,4,4,0,0,4,4,0.22870745659326222,6.407196757757761,0.10487064696469772,0.16418513601394713,7.846661629249844,0.26767069498225493,0.09052552246009828,10.432289600112775,0.3765590747787543,2.58562797086293,0.10888837979649935
REFERENCE_ORACLE_ONLY,26,Train/Low/low00564.png,Train/Normal/normal00564.png,T022C_selected,500,500,500,0.023418018182286345,0.023243253866858653,500,500,4,4,0.0,0.0,11.965676661988255,0,0,0,0,0,0,4,4,0,0,4,4,0.19483890989280758,7.103243089342994,0.10613713083594403,0.06180109139570528,12.090038552842087,0.41983851497486113,0.023243253866858656,16.33703074323741,0.48978740485860706,4.246992190395323,0.06994888988374592
REFERENCE_ORACLE_ONLY,27,Train/Low/low00440.png,Train/Normal/normal00440.png,identity,7,7,14,0.024939994834935475,0.024939994834935475,500,500,4,0,0.0,0.0,11.74192827497609,0,0,4,4,4,4,4,4,0,0,4,4,0.030613007828025736,15.140939974546516,0.2154287462252617,0.03670624021098624,14.352600976328954,0.2211404075688932,0.02493999483493546,16.031036407997078,0.1630329764115371,1.6784354316681238,-0.05810743115735609
REFERENCE_ORACLE_ONLY,28,Train/Low/low00584.png,Train/Normal/normal00584.png,T022C_selected,500,500,500,0.05677180331604555,0.056685242190944826,500,500,4,4,0.0,0.0,11.800789904023986,0,0,0,0,0,0,4,4,0,0,4,4,0.17534850222405915,7.56097939383872,0.12495984315464051,0.09476227163901482,10.23364536927069,0.3689633605691176,0.0566852421909448,12.465299934752853,0.42725395338087796,2.231654565482163,0.058290592811760356
REFERENCE_ORACLE_ONLY,29,Train/Low/low00529.png,Train/Normal/normal00529.png,T022C_selected,500,500,500,0.05395955335004104,0.05395058147671902,500,500,4,2,0.0,0.0,11.87569023197284,0,0,2,2,2,2,4,4,0,0,4,4,0.1717127713237972,7.651974025141996,0.18272547377754164,0.13411395490055106,8.725260303438766,0.3288691847623106,0.05395058147671902,12.680038701512368,0.4556826573028072,3.9547783980736018,0.12681347254049663
REFERENCE_ORACLE_ONLY,30,Train/Low/low00213.png,Train/Normal/normal00213.png,T022C_selected,500,500,500,0.09944125011735833,0.0993282159511295,500,500,4,4,0.0,0.0,11.942971976997796,0,0,0,0,0,0,4,4,0,0,4,4,0.2830034130736512,5.482083267721242,0.11287464349198718,0.17088878990123668,7.672864255397334,0.32692071166887265,0.09932821595112948,10.029273648860466,0.39081811693279145,2.3564093934631316,0.0638974052639188
REFERENCE_ORACLE_ONLY,31,Train/Low/low00019.png,Train/Normal/normal00019.png,T022C_selected,500,500,500,0.15995038591116553,0.15988487109479582,500,500,4,4,0.0,0.0,11.914055772998836,0,0,0,0,0,0,4,4,0,0,4,4,0.2614472879225783,5.826158588883235,0.03438005012922033,0.20957947465758775,6.7865125260165415,0.13320991469003288,0.15988487109479585,7.961926288797536,0.2096699642978418,1.1754137627809946,0.07646004960780892
REFERENCE_ORACLE_ONLY,32,Train/Low/low00004.png,Train/Normal/normal00004.png,T022C_selected,500,500,500,0.09790895252638435,0.09781197498337924,500,500,4,4,0.0,0.0,11.811963645974174,0,0,0,0,0,0,4,4,0,0,4,4,0.25872768418370146,5.871570987478868,0.07623366309546356,0.16408707606316097,7.849256237944826,0.23110108228364856,0.09781197498337921,10.096079718909861,0.30858076778365784,2.246823480965035,0.07747968550000928
REFERENCE_ORACLE_ONLY,33,Train/Low/low00449.png,Train/Normal/normal00449.png,identity,185,185,205,0.0437414451637391,0.0437414451637391,500,500,4,2,0.0,0.0,11.72504652797943,0,0,2,2,2,2,4,4,0,0,4,4,0.0640611352693535,11.934053691869188,0.15752351761292077,0.0600113112317476,12.217668839072722,0.1206573746514429,0.04374144498489266,13.591068742796402,0.11560618917481182,1.37339990372368,-0.0050511854766310815
REFERENCE_ORACLE_ONLY,34,Train/Low/low00040.png,Train/Normal/normal00040.png,T022C_selected,500,500,500,0.016644893172197396,0.01640144755343374,500,500,4,4,0.0,0.0,11.713769924012013,0,0,0,0,0,0,4,4,0,0,4,4,0.24589336963705632,6.09253181586055,0.25347568399017417,0.06832483059581061,11.654214364211908,0.6763004849631229,0.01640144755343374,17.8511782044465,0.7438981224251947,6.196963840234593,0.06759763746207181
REFERENCE_ORACLE_ONLY,35,Train/Low/low00465.png,Train/Normal/normal00465.png,identity,7,7,14,0.04530793296212208,0.04530793296212208,500,500,4,0,0.0,0.0,11.903512487944681,0,0,4,4,4,4,4,4,0,0,4,4,0.05345874513464185,12.71981239883575,0.17221364589646335,0.05817212943277942,12.352850382477216,0.1674581779294247,0.04530793296212207,13.438257507455871,0.13759732784796,1.085407124978655,-0.02986085008146469
REFERENCE_ORACLE_ONLY,36,Train/Low/low00293.png,Train/Normal/normal00293.png,identity,319,319,293,0.09386586344991635,0.09386586350252643,500,500,4,1,0.0,0.0,11.762498247029725,0,0,3,3,3,3,4,4,0,0,4,4,0.14285547716924754,8.45103103837209,0.10285221776240284,0.1511059407351164,8.207184610232387,0.09208969796947289,0.09386586306261446,10.274923223138575,0.08821672405410821,2.0677386129061883,-0.0038729739153646747
REFERENCE_ORACLE_ONLY,37,Train/Low/low00563.png,Train/Normal/normal00563.png,T022C_selected,500,500,500,0.006408025422656148,0.006399127239307223,500,500,4,4,0.0,0.0,11.856882070016582,0,0,0,0,0,0,4,4,0,0,4,4,0.10179430751202019,9.922765077089027,0.18263317242447444,0.021760505020273522,16.623310297012047,0.5667995165942358,0.0063991272393072235,21.938792542972912,0.5975548764826085,5.315482245960865,0.030755359888372746
REFERENCE_ORACLE_ONLY,38,Train/Low/low00515.png,Train/Normal/normal00515.png,T022C_selected,500,500,500,0.07148550816619693,0.0714609294675345,500,500,4,4,0.0,0.0,11.86237440496916,0,0,0,0,0,0,4,4,0,0,4,4,0.11014934817272622,9.58018068516171,0.11060656499319797,0.08589241091953673,10.660452068482588,0.19300936505035723,0.07146092946753448,11.459313393790843,0.24834124933594356,0.7988613253082555,0.05533188428558633
REFERENCE_ORACLE_ONLY,39,Train/Low/low00476.png,Train/Normal/normal00476.png,T022C_selected,500,500,500,0.015734042774022527,0.015690696781057556,500,500,4,4,0.0,0.0,11.756860360968858,0,0,0,0,0,0,4,4,0,0,4,4,0.07677530569556604,11.147784456548946,0.16674336938397394,0.03471042821538636,14.595400284941826,0.5401896003438863,0.01569069678105756,18.04357770151158,0.6457411755472674,3.448177416569754,0.1055515752033811
REFERENCE_ORACLE_ONLY,40,Train/Low/low00219.png,Train/Normal/normal00219.png,T022C_selected,500,500,500,0.08776210649778428,0.08765968279791718,500,500,4,4,0.0,0.0,11.741107486013789,0,0,0,0,0,0,4,4,0,0,4,4,0.24855335774795,6.045803655301867,0.12968273791190765,0.14896569546889565,8.269137314793596,0.33421886937255046,0.08765968279791723,10.572001052011498,0.3878390506155066,2.3028637372179013,0.053620181242956144
REFERENCE_ORACLE_ONLY,41,Train/Low/low00084.png,Train/Normal/normal00084.png,T022C_selected,500,500,500,0.007972964806100366,0.007798945242337209,500,500,4,4,0.0,0.0,11.910874052962754,0,0,0,0,0,0,4,4,0,0,4,4,0.18732182508647574,7.27411619515176,0.2880995073584566,0.052136498993589894,12.828581354004127,0.6656566037250538,0.007798945242337208,21.079641289001852,0.697628954477029,8.251059934997725,0.03197235075197524
REFERENCE_ORACLE_ONLY,42,Train/Low/low00100.png,Train/Normal/normal00100.png,T022C_selected,500,500,500,0.043897170402996864,0.04381508821360469,500,500,4,4,0.0,0.0,11.873730855993927,0,0,0,0,0,0,4,4,0,0,4,4,0.17231667183334654,7.636727020357107,0.09331044217194855,0.09476112782953426,10.23369779025376,0.31158259312558767,0.04381508821360468,13.583763095979933,0.41129538846416247,3.3500653057261722,0.0997127953385748
REFERENCE_ORACLE_ONLY,43,Train/Low/low00561.png,Train/Normal/normal00561.png,T022C_selected,500,500,500,0.007196874639451139,0.007150584963300473,500,500,4,4,0.0,0.0,11.893227421969641,0,0,0,0,0,0,4,4,0,0,4,4,0.08162970965551666,10.881517482173654,0.15025237522370855,0.033345771224371636,14.769592337224422,0.5044284647576458,0.007150584963300471,21.456584286965523,0.591348731042555,6.686991949741101,0.08692026628490923
REFERENCE_ORACLE_ONLY,44,Train/Low/low00510.png,Train/Normal/normal00510.png,T022C_selected,500,500,500,0.09724401531789532,0.09718403206184964,500,500,4,4,0.0,0.0,11.762853322958108,0,0,0,0,0,0,4,4,0,0,4,4,0.18678843022032507,7.286500277155751,0.08377541679275002,0.13059952508398673,8.840584023394973,0.2360866152975608,0.09718403206184965,10.12405086484313,0.33329253156702393,1.283466841448158,0.09720591626946312
REFERENCE_ORACLE_ONLY,45,Train/Low/low00562.png,Train/Normal/normal00562.png,T022C_selected,500,500,500,0.08230798520698461,0.08217420277858013,500,500,3,3,0.0,0.0,11.716803443036042,0,1,0,1,0,1,3,4,0,1,3,4,0.22791230759051467,6.422322216633216,0.11856704473373052,0.12157445321019338,9.151576750259153,0.3917615762265994,0.08217420277858015,10.852645005781662,0.4646665692228119,1.7010682555225092,0.0729049929962125
REFERENCE_ORACLE_ONLY,46,Train/Low/low00247.png,Train/Normal/normal00247.png,T022C_selected,500,500,500,0.0016142296580703268,0.0016015504129658464,500,500,4,4,0.0,0.0,11.842461330990773,0,0,0,0,0,0,4,4,0,0,4,4,0.1541329802932976,8.12104424053178,0.3147364187851212,0.03813756874051716,14.186469965609326,0.7338572295617533,0.0016015504129658457,27.954593862363172,0.7710298260506397,13.768123896753846,0.03717259648888649
REFERENCE_ORACLE_ONLY,47,Train/Low/low00326.png,Train/Normal/normal00326.png,T022C_selected,184,207,184,0.07342616452245518,0.07342616452245518,500,500,4,1,0.0,0.0,11.809525466000196,0,0,3,3,3,3,4,4,0,0,4,4,0.1331843571711522,8.755467811206461,0.1658168137990396,0.14784824622790124,8.301838226972977,0.1417061130591901,0.07342616435949174,11.34149157901617,0.1656861301205384,3.0396533520431923,0.023980017061348308
REFERENCE_ORACLE_ONLY,48,Train/Low/low00385.png,Train/Normal/normal00385.png,identity,7,7,14,0.20872726743755146,0.20872726743755146,500,500,4,0,0.0,0.0,11.819638307963032,0,0,4,4,4,4,4,4,0,0,4,4,0.2559892275033679,5.91778310212685,0.10269507157096382,0.2979881061045979,5.258010700050435,0.0897507327629121,0.20872726743755135,6.804208124385021,0.11400337264773704,1.5461974243345864,0.024252639884824942
REFERENCE_ORACLE_ONLY,49,Train/Low/low00295.png,Train/Normal/normal00295.png,identity,214,214,162,0.05747223118059711,0.05747223118059711,500,500,4,2,0.0,0.0,11.889294999011327,0,0,2,2,2,2,4,4,0,0,4,4,0.1271846792502697,8.955652009345073,0.19954077560818764,0.08894965331617878,10.508557402519385,0.19019118146021585,0.057472231088723784,12.405419431009694,0.1802554546872846,1.8968620284903093,-0.009935726772931253
REFERENCE_ORACLE_ONLY,50,Train/Low/low00331.png,Train/Normal/normal00331.png,identity,7,7,14,0.1642414629260275,0.1642414629260275,500,500,4,0,0.0,0.0,11.89139237703057,0,0,4,4,4,4,4,4,0,0,4,4,0.19349977130320686,7.133195439360981,0.07523608975155764,0.2115439067810322,6.745994793824862,0.06654242586716103,0.16424146292602748,7.845171952870529,0.07816345759026172,1.0991771590456665,0.011621031723100694
REFERENCE_ORACLE_ONLY,51,Train/Low/low00124.png,Train/Normal/normal00124.png,T022C_selected,500,500,500,0.09523261236345595,0.09513774433021702,500,500,4,4,0.0,0.0,11.875911658979021,0,0,0,0,0,0,4,4,0,0,4,4,0.287866615720757,5.408086979178076,0.12633442292766267,0.1844704665858845,7.340731537621233,0.32145929441297033,0.09513774433021702,10.216471497056155,0.4298074006499221,2.875739959434922,0.10834810623695179
REFERENCE_ORACLE_ONLY,52,Train/Low/low00196.png,Train/Normal/normal00196.png,T022C_selected,500,500,500,0.07395774630821832,0.07389952050618634,500,500,4,4,0.0,0.0,11.865328471001703,0,0,0,0,0,0,4,4,0,0,4,4,0.1964524146316891,7.0674262882838415,0.11633881974231661,0.1273769657059701,8.949091008173632,0.31768098180588755,0.07389952050618633,11.313583794968247,0.39165953183121777,2.3644927867946155,0.07397855002533021
REFERENCE_ORACLE_ONLY,53,Train/Low/low00627.png,Train/Normal/normal00627.png,T022C_selected,500,500,500,0.03550244190502704,0.03535051585941113,500,500,4,4,0.0,0.0,11.956082970020361,0,0,0,0,0,0,4,4,0,0,4,4,0.2379783781908572,6.234624994937693,0.17740127983564621,0.10449085394939621,9.809217215447049,0.4919174074284794,0.03535051585941113,14.51604244292512,0.5757433945542431,4.70682522747807,0.08382598712576367
REFERENCE_ORACLE_ONLY,54,Train/Low/low00057.png,Train/Normal/normal00057.png,T022C_selected,500,500,500,0.040337739189645026,0.040168994772763485,500,500,4,4,0.0,0.0,11.926369980967138,0,0,0,0,0,0,4,4,0,0,4,4,0.25027781855504794,6.015776390294771,0.1663407195912789,0.10743491975412875,9.688545362190196,0.5395517378544317,0.040168994772763485,13.961090363316679,0.6541164694024773,4.272545001126483,0.11456473154804558
REFERENCE_ORACLE_ONLY,55,Train/Low/low00165.png,Train/Normal/normal00165.png,T022C_selected,500,500,500,0.08489133400981026,0.08480597965945803,500,500,4,4,0.0,0.0,11.900243124982808,0,0,0,0,0,0,4,4,0,0,4,4,0.20462550752427466,6.890402304158307,0.07801658712458846,0.1469353072714893,8.328738344973694,0.24061509900183584,0.08480597965945799,10.715735246118074,0.37609469819848995,2.3869969011443803,0.13547959919665412
REFERENCE_ORACLE_ONLY,56,Train/Low/low00364.png,Train/Normal/normal00364.png,identity,7,7,14,0.058912714205950185,0.058912714205950185,500,500,4,0,0.0,0.0,11.693369116983376,0,0,4,4,4,4,4,4,0,0,4,4,0.08728121289772658,10.590792272326187,0.218692996028279,0.12046739499007071,9.191304808233665,0.19887698117881766,0.058912714205950185,12.297909681397039,0.22245288906584273,3.1066048731633735,0.02357590788702507
REFERENCE_ORACLE_ONLY,57,Train/Low/low00406.png,Train/Normal/normal00406.png,identity,7,7,14,0.15270665435490546,0.15270665435490546,500,500,4,0,0.0,0.0,12.056271388020832,0,0,4,4,4,4,4,4,0,0,4,4,0.18217098651010089,7.395207898323557,0.11784358134825512,0.1958326704990426,7.081148537287161,0.10528430652193242,0.15270665435490546,8.161420376872012,0.11767645590426105,1.0802718395848512,0.012392149382328632
REFERENCE_ORACLE_ONLY,58,Train/Low/low00586.png,Train/Normal/normal00586.png,T022C_selected,500,500,500,0.05560236266508276,0.055569584574038336,500,500,4,4,0.0,0.0,11.942926677002106,0,0,0,0,0,0,4,4,0,0,4,4,0.18731719997511403,7.274223426924657,0.16985383053870526,0.13289309746077582,8.764975759613073,0.39843380337275214,0.055569584574038336,12.551628498922735,0.5011521132329285,3.7866527393096625,0.10271830986017638
REFERENCE_ORACLE_ONLY,59,Train/Low/low00643.png,Train/Normal/normal00643.png,T022C_selected,204,309,204,0.001865336617922513,0.0018653366027554222,500,500,4,4,0.0,0.0,11.890814398997463,0,0,0,0,0,0,3,3,0,0,3,3,0.071579005762974,11.452143382826012,0.7311709778809691,0.005871745726595265,22.31232759619164,0.9392795731421122,0.0018653364218943873,27.2924282980914,0.9566267744028404,4.980100701899762,0.017347201260728196
REFERENCE_ORACLE_ONLY,60,Train/Low/low00505.png,Train/Normal/normal00505.png,T022C_selected,500,500,500,0.05097178342637081,0.05087826720100447,500,500,4,4,0.0,0.0,11.97332525101956,0,0,0,0,0,0,4,4,0,0,4,4,0.17255995794566173,7.630599737467798,0.10644056324513897,0.09105276608741401,10.407068562583735,0.32189277853341225,0.050878267201004454,12.934676881980243,0.42157697621116275,2.527608319396508,0.0996841976777505
REFERENCE_ORACLE_ONLY,61,Train/Low/low00119.png,Train/Normal/normal00119.png,identity,491,491,382,0.001167906867441159,0.0011679069078474227,500,500,4,4,0.0,0.0,11.831453813007101,0,0,0,0,0,0,4,4,0,0,4,4,0.08752671668001917,10.578593625698055,0.33837077951394445,0.01625423733223063,17.89033403293312,0.7104773693182952,0.0011679068259520667,29.32591803275804,0.7060153575614418,11.435583999824921,-0.004462011756853346
REFERENCE_ORACLE_ONLY,62,Train/Low/low00299.png,Train/Normal/normal00299.png,T022C_selected,200,264,200,0.03280564871643173,0.03280564871643173,500,500,4,2,0.0,0.0,11.970165143022314,0,0,2,2,2,2,4,4,0,0,4,4,0.07372365786763159,11.32393124995048,0.24004265462163218,0.048267069033100705,13.16349072455351,0.22732491516599815,0.032805648590131575,14.84051371522574,0.22132305190012352,1.6770229906722296,-0.006001863265874624
REFERENCE_ORACLE_ONLY,63,Train/Low/low00683.png,Train/Normal/normal00683.png,T022C_selected,500,500,500,0.06260011303627558,0.06254153222877522,500,500,4,4,0.0,0.0,11.976591571990866,0,0,0,0,0,0,4,4,0,0,4,4,0.15443054746944235,8.112667889406042,0.0678235609157656,0.09596901106355797,10.178689804682177,0.27380357028909097,0.0625415322287752,12.038314830171245,0.3684027843870722,1.859625025489068,0.09459921409798122
REFERENCE_ORACLE_ONLY,64,Train/Low/low00110.png,Train/Normal/normal00110.png,T022C_selected,283,352,283,0.0009569444566775114,0.000956944545971361,500,500,4,4,0.0,0.0,11.813967790047172,0,0,0,0,0,0,4,4,0,0,4,4,0.1378494086740633,8.605950925262317,0.38332794713082935,0.022479581748896103,16.48211773433772,0.7371917879496857,0.0009569443507631068,30.191133170394757,0.7214899339136945,13.709015436057037,-0.015701854035991114
REFERENCE_ORACLE_ONLY,65,Train/Low/low00214.png,Train/Normal/normal00214.png,T022C_selected,500,500,500,0.2129577348994569,0.2129344904117536,500,500,4,4,0.0,0.0,11.811834942025598,0,0,0,0,0,0,4,4,0,0,4,4,0.29416394070482327,5.314105651663353,0.0308068766644641,0.27035033900470046,5.68073081506228,0.07217586023088407,0.21293449041175355,6.717539873060926,0.12590640801657094,1.0368090579986458,0.053730547785686866
REFERENCE_ORACLE_ONLY,66,Train/Low/low00417.png,Train/Normal/normal00417.png,identity,7,7,14,0.10362958693947044,0.10362958693947044,500,500,3,0,0.0,0.0,11.919596382009331,0,1,3,4,3,4,3,4,0,1,3,4,0.11568028038172515,9.367406674208404,0.11318569112721105,0.1266993303964384,8.972256803486054,0.10107811308972163,0.10362958693947039,9.845162329105477,0.10714002018068663,0.8729055256194229,0.006061907090965005
REFERENCE_ORACLE_ONLY,67,Train/Low/low00354.png,Train/Normal/normal00354.png,T022C_selected,183,250,183,0.04787568973616477,0.04787568973616477,500,500,4,1,0.0,0.0,11.917913479031995,0,0,3,3,3,3,4,4,0,0,4,4,0.06526504214586357,11.853193771994441,0.14475314287677812,0.06170438434734033,12.09683976482024,0.12451396792132835,0.047875689678129656,13.198849567048125,0.12321042520154746,1.1020098022278848,-0.0013035427197808924
REFERENCE_ORACLE_ONLY,68,Train/Low/low00603.png,Train/Normal/normal00603.png,T022C_selected,500,500,500,0.013756741311874954,0.013677935652211475,500,500,4,4,0.0,0.0,11.956685203011148,0,0,0,0,0,0,4,4,0,0,4,4,0.1298200338733073,8.866582818865425,0.24376721358917502,0.05448490293867527,12.63723818433684,0.5553274397617888,0.013677935652211475,18.639794437346758,0.5725290083671651,6.002556253009917,0.01720156860537636
REFERENCE_ORACLE_ONLY,69,Train/Low/low00260.png,Train/Normal/normal00260.png,T022C_selected,500,500,500,0.10860550244096198,0.10853578220420562,500,500,4,4,0.0,0.0,11.853034622967243,0,0,0,0,0,0,4,4,0,0,4,4,0.20769434550164195,6.825753270126289,0.04655092796825856,0.14985267565665367,8.24335498213525,0.18700202570621566,0.10853578220420564,9.644270594935136,0.2968461541432935,1.4009156127998867,0.10984412843707786
REFERENCE_ORACLE_ONLY,70,Train/Low/low00628.png,Train/Normal/normal00628.png,T022C_selected,500,500,500,0.009545405213853273,0.009417257130342744,500,500,4,4,0.0,0.0,11.931774083990604,0,0,0,0,0,0,4,4,0,0,4,4,0.1564229241596688,8.05699599700181,0.22335565641849867,0.049639747532687316,13.041704359855476,0.5857271034607064,0.009417257130342745,20.26075571370203,0.6259830867057272,7.219051353846552,0.04025598324502078
REFERENCE_ORACLE_ONLY,71,Train/Low/low00493.png,Train/Normal/normal00493.png,T022C_selected,500,500,500,0.016620063413936653,0.01657719839666938,500,500,4,4,0.0,0.0,11.972293803002685,0,0,0,0,0,0,4,4,0,0,4,4,0.07646028407261135,11.165640927813067,0.16436257807974003,0.0391870647719819,14.06857265255544,0.4158100207882234,0.016577198396669372,17.80488864839797,0.5486438078709162,3.7363159958425296,0.13283378708269278
REFERENCE_ORACLE_ONLY,72,Train/Low/low00298.png,Train/Normal/normal00298.png,T022C_selected,232,255,232,0.08021266967608726,0.0802126695556339,500,500,4,2,0.0,0.0,11.859435767051764,0,0,2,2,2,2,4,4,0,0,4,4,0.12880123031900007,8.90079988542971,0.10847780098872453,0.09710328400416256,10.127660821335109,0.10433797478072705,0.08021266896878407,10.957570328541488,0.08996966428976114,0.8299095072063789,-0.014368310490965916
REFERENCE_ORACLE_ONLY,73,Train/Low/low00398.png,Train/Normal/normal00398.png,identity,7,7,14,0.17527627068648766,0.17527627068648766,500,500,4,0,0.0,0.0,11.93329154199455,0,0,4,4,4,4,4,4,0,0,4,4,0.20683558252041706,6.843747462214416,0.08054350472325292,0.238844999275372,6.218838471578799,0.07022475133225495,0.17527627068648763,7.562768757343761,0.08665765626441697,1.3439302857649622,0.016432904932162026
REFERENCE_ORACLE_ONLY,74,Train/Low/low00659.png,Train/Normal/normal00659.png,T022C_selected,500,500,500,0.010576715170281603,0.010451598789616495,500,500,4,4,0.0,0.0,11.941905295010656,0,0,0,0,0,0,4,4,0,0,4,4,0.1817818489767728,7.4044948350553055,0.22107563282469653,0.06944983952014475,11.58328753462667,0.5615607701725377,0.010451598789616491,19.808172700889884,0.625914710701155,8.224885166263213,0.06435394052861731
REFERENCE_ORACLE_ONLY,75,Train/Low/low00464.png,Train/Normal/normal00464.png,T022C_selected,235,206,235,0.0014623330394352132,0.001462333001835228,500,500,4,4,0.0,0.0,11.93836879299488,0,0,0,0,0,0,1,1,0,0,1,1,0.033541171673948406,14.744217705122058,0.7419779577872281,0.023518505861012753,16.285902726013934,0.8301465843963794,0.001462332899184314,28.349537492514973,0.9259101401263286,12.063634766501039,0.0957635557299491
REFERENCE_ORACLE_ONLY,76,Train/Low/low00405.png,Train/Normal/normal00405.png,identity,7,7,14,0.10610731494821639,0.10610731494821639,500,500,4,0,0.0,0.0,11.831598121032584,0,0,4,4,4,4,4,4,0,0,4,4,0.13072425760897927,8.836438158761169,0.15224707558967632,0.14583149861917447,8.361486612098838,0.13895997528270168,0.1061073149482164,9.742546751736933,0.146325045934495,1.3810601396380946,0.007365070651793315
REFERENCE_ORACLE_ONLY,77,Train/Low/low00650.png,Train/Normal/normal00650.png,T022C_selected,500,500,500,0.064168717456433,0.06412509935343773,500,500,3,3,0.0,0.0,11.94009847898269,0,1,0,1,0,1,3,4,0,1,3,4,0.2015082724145699,6.957071202908378,0.1450340387070425,0.14249486917169463,8.462007730627501,0.3019138879316055,0.06412509935343771,11.929719489972218,0.4806489839157228,3.4677117593447164,0.1787350959841173
REFERENCE_ORACLE_ONLY,78,Train/Low/low00621.png,Train/Normal/normal00621.png,T022C_selected,500,500,500,0.004434374898773044,0.004290620649788086,500,500,4,4,0.0,0.0,12.00343275105115,0,0,0,0,0,0,4,4,0,0,4,4,0.1728873884942166,7.622366857725372,0.250455803908288,0.04144400461616264,13.825382865960103,0.6099345566015615,0.004290620649788087,23.67479881409207,0.6452087669636274,9.849415948131968,0.035274210362065905
REFERENCE_ORACLE_ONLY,79,Train/Low/low00596.png,Train/Normal/normal00596.png,T022C_selected,500,500,500,0.14146760467808744,0.1414301164202522,500,500,4,4,0.0,0.0,11.88237357599428,0,0,0,0,0,0,4,4,0,0,4,4,0.23343288839271278,6.318379561687884,0.058987754969515256,0.1840244168067901,7.351245499201609,0.18282429226189423,0.14143011642025222,8.494581011299632,0.23711583827373317,1.1433355120980222,0.05429154601183894
REFERENCE_ORACLE_ONLY,80,Train/Low/low00378.png,Train/Normal/normal00378.png,identity,7,7,14,0.11302942769708865,0.11302942769708865,500,500,4,0,0.0,0.0,12.026292467024177,0,0,4,4,4,4,4,4,0,0,4,4,0.14298427115341508,8.447117340522869,0.135911167618089,0.16985006885432008,7.699342727383441,0.12480973698297991,0.1130294276970887,9.468084713606945,0.13826201902505825,1.768741986223504,0.013452282042078337
REFERENCE_ORACLE_ONLY,81,Train/Low/low00058.png,Train/Normal/normal00058.png,T022C_selected,500,500,500,0.05279182120149076,0.052630661395452874,500,500,4,4,0.0,0.0,11.905607531953137,0,0,0,0,0,0,4,4,0,0,4,4,0.27571977552978544,5.595320837474693,0.15582154667182235,0.1321098837803055,8.790646894962016,0.5014585951284036,0.05263066139545289,12.787611722857683,0.632885321576242,3.996964827895667,0.13142672644783837
REFERENCE_ORACLE_ONLY,82,Train/Low/low00092.png,Train/Normal/normal00092.png,T022C_selected,500,500,500,0.051070594490230624,0.05080682316427463,500,500,4,4,0.0,0.0,12.006833402032498,0,0,0,0,0,0,4,4,0,0,4,4,0.36856498987906766,4.334859209467304,0.25163944919098674,0.1540046505396656,8.124661644023718,0.5694559786122042,0.05080682316427463,12.940779596923168,0.6108435759227131,4.81611795289945,0.041387597310508895
REFERENCE_ORACLE_ONLY,83,Train/Low/low00266.png,Train/Normal/normal00266.png,T022C_selected,500,500,500,0.02393646188233193,0.023911876562182417,500,500,4,4,0.0,0.0,11.872011297033168,0,0,0,0,0,0,4,4,0,0,4,4,0.063550889339203,11.968783674954038,0.080693374211834,0.03782545484183437,14.222158409885527,0.29332083373168827,0.02391187656218242,16.21386339876663,0.3637597793213633,1.9917049888811036,0.070438945589675
REFERENCE_ORACLE_ONLY,84,Train/Low/low00180.png,Train/Normal/normal00180.png,T022C_selected,500,500,500,0.16078131419122652,0.16074866478682606,500,500,4,4,0.0,0.0,11.98865154600935,0,0,0,0,0,0,4,4,0,0,4,4,0.24627805774388722,6.085742801026379,0.04834410531259013,0.22314183862544532,6.514189927793187,0.09856922504056725,0.16074866478682603,7.93852625732648,0.2003229051044693,1.4243363295332925,0.10175368006390204
REFERENCE_ORACLE_ONLY,85,Train/Low/low00679.png,Train/Normal/normal00679.png,T022C_selected,500,500,500,0.04957321307996926,0.049493886730230065,500,500,4,4,0.0,0.0,11.974880361987744,0,0,0,0,0,0,4,4,0,0,4,4,0.1912675343744939,7.183587405768501,0.13343339123494086,0.10934017641340471,9.612202297374342,0.37096707852462235,0.049493886730230065,13.054484399206785,0.48768234902708524,3.4422821018324434,0.11671527050246289
REFERENCE_ORACLE_ONLY,86,Train/Low/low00408.png,Train/Normal/normal00408.png,identity,7,7,14,0.15472517720371293,0.15472517720371293,500,500,4,0,0.0,0.0,11.872737405996304,0,0,4,4,4,4,4,4,0,0,4,4,0.18540184139897764,7.318859567856769,0.10321186130359353,0.20804559068633424,6.81841484201178,0.08600244834543809,0.15472517720371284,8.104390112459058,0.11188435064971888,1.2859752704472776,0.025881902304280793
REFERENCE_ORACLE_ONLY,87,Train/Low/low00623.png,Train/Normal/normal00623.png,T022C_selected,500,500,500,0.07122856870137213,0.07110990265393985,500,500,4,4,0.0,0.0,11.637255407986231,0,0,0,0,0,0,4,4,0,0,4,4,0.2744029585895904,5.616112104135132,0.16007778437873776,0.15532318354544644,8.087637166190936,0.4088273641226008,0.07110990265393985,11.48069915887727,0.5032616733549318,3.3930619926863343,0.09443430923233098
REFERENCE_ORACLE_ONLY,88,Train/Low/low00646.png,Train/Normal/normal00646.png,T022C_selected,500,500,500,0.014382547297916336,0.014201086901528446,500,500,4,4,0.0,0.0,11.429151043004822,0,0,0,0,0,0,4,4,0,0,4,4,0.20703830088825542,6.839493051433621,0.23635847134967508,0.0644791251854682,11.905808634129713,0.6066315668087213,0.014201086901528442,18.476784149640036,0.6510389752018095,6.570975515510323,0.04440740839308821
REFERENCE_ORACLE_ONLY,89,Train/Low/low00104.png,Train/Normal/normal00104.png,T022C_selected,500,500,500,0.09872471610274797,0.09868706776931213,500,500,4,4,0.0,0.0,11.454068873019423,0,0,0,0,0,0,4,4,0,0,4,4,0.17090506958294416,7.672450545452473,0.05046702055992478,0.13042795681249464,8.84629309002408,0.1493945423225921,0.09868706776931213,10.057397547711389,0.20350855427120684,1.2111044576873091,0.05411401194861473
REFERENCE_ORACLE_ONLY,90,Train/Low/low00399.png,Train/Normal/normal00399.png,identity,7,7,14,0.027081566492639843,0.027081566492639843,500,500,4,0,0.0,0.0,11.898164631042164,0,0,4,4,4,4,4,4,0,0,4,4,0.04257940757963596,13.708003853280603,0.2944212060865157,0.0717505485674662,11.441747741910044,0.2595660630145982,0.027081566492639847,15.67326218146678,0.2878529363613422,4.231514439556737,0.028286873346743957
REFERENCE_ORACLE_ONLY,91,Train/Low/low00638.png,Train/Normal/normal00638.png,T022C_selected,500,500,500,0.04783189974739775,0.04774978653110078,500,500,3,3,0.0,0.0,11.988198715029284,0,1,0,1,0,1,3,4,0,1,3,4,0.15876097995170413,7.992562290751277,0.1648181640415448,0.0875910133958885,10.575404490006399,0.4048583466171803,0.04774978653110078,13.210285656210143,0.47735792191848175,2.634881166203744,0.07249957530130147
REFERENCE_ORACLE_ONLY,92,Train/Low/low00533.png,Train/Normal/normal00533.png,T022C_selected,500,500,500,0.14056079935714452,0.1404251271291129,500,500,4,4,0.0,0.0,11.851477735035587,0,0,0,0,0,0,4,4,0,0,4,4,0.4115398284035858,3.855881278420687,0.12064067464313068,0.2664679836903332,5.743549642805748,0.32748753144221027,0.14042512712911287,8.525551742779037,0.45779947990715414,2.7820020999732886,0.13031194846494387
REFERENCE_ORACLE_ONLY,93,Train/Low/low00142.png,Train/Normal/normal00142.png,T022C_selected,500,500,500,0.2032657496821607,0.20322987352052643,500,500,4,4,0.0,0.0,11.963491940987296,0,0,0,0,0,0,4,4,0,0,4,4,0.29081430695419724,5.363842316561234,0.06231298355719247,0.24297835408713084,6.1443241413517224,0.15624980028258267,0.20322987352052652,6.920124531227074,0.18526304296460783,0.7758003898753518,0.029013242682025153
REFERENCE_ORACLE_ONLY,94,Train/Low/low00182.png,Train/Normal/normal00182.png,T022C_selected,500,500,500,0.199399989548567,0.19937079296557406,500,500,4,4,0.0,0.0,11.857207311026286,0,0,0,0,0,0,4,4,0,0,4,4,0.2450575504306114,6.107319119645166,0.021868555442358387,0.2222193051098214,6.532182147989469,0.05311280562588735,0.19937079296557403,7.003384637924163,0.08865944357196193,0.4712024899346936,0.03554663794607458
REFERENCE_ORACLE_ONLY,95,Train/Low/low00477.png,Train/Normal/normal00477.png,T022C_selected,500,500,500,0.0644330363126983,0.06432777219795897,500,500,4,4,0.0,0.0,11.986887704988476,0,0,0,0,0,0,4,4,0,0,4,4,0.20862574083640734,6.806321081169272,0.12359343190670219,0.11298353361225137,9.46984846626567,0.4101651932146733,0.06432777219795896,11.916014888434782,0.5231560631892953,2.446166422169112,0.11299086997462199
REFERENCE_ORACLE_ONLY,96,Train/Low/low00036.png,Train/Normal/normal00036.png,T022C_selected,500,500,500,0.09683546208556704,0.09668239911900028,500,500,4,4,0.0,0.0,11.81001674599247,0,0,0,0,0,0,4,4,0,0,4,4,0.2950303628066069,5.301332866631676,0.09362278159273361,0.16153401744366788,7.917360056401261,0.3675694529754058,0.0966823991190003,10.146525813589697,0.4811445561220016,2.2291657571884365,0.1135751031465958
REFERENCE_ORACLE_ONLY,97,Train/Low/low00594.png,Train/Normal/normal00594.png,T022C_selected,500,500,500,0.0356674234016166,0.035577550363979804,500,500,3,3,0.0,0.0,11.88582371303346,0,1,0,1,0,1,3,4,0,1,3,4,0.16705992850576568,7.771277087888828,0.30554908946854026,0.07920247528783354,11.012612453417098,0.5477593967725711,0.03557755036397979,14.488239578830866,0.5439418930836581,3.4756271254137676,-0.003817503688912982
REFERENCE_ORACLE_ONLY,98,Train/Low/low00192.png,Train/Normal/normal00192.png,T022C_selected,500,500,500,0.1702842731998212,0.17026387721426545,500,500,4,4,0.0,0.0,11.78431699401699,0,0,0,0,0,0,4,4,0,0,4,4,0.21149593386943974,6.746979777690339,0.018875779025176134,0.1929581175113579,7.1453694647204005,0.060206527052716834,0.17026387721426542,7.6887748116572965,0.09723818327375273,0.543405346936896,0.0370316562210359
REFERENCE_ORACLE_ONLY,99,Train/Low/low00668.png,Train/Normal/normal00668.png,T022C_selected,500,500,500,0.03575833656818539,0.03563431833643718,500,500,4,4,0.0,0.0,11.958832297008485,0,0,0,0,0,0,4,4,0,0,4,4,0.21279697225848646,6.720345556100089,0.18704829961644048,0.10510715233108373,9.783677300970284,0.4624711208479767,0.03563431833643718,14.481315445857138,0.5520089191578689,4.697638144886854,0.08953779830989217
