index,low,delta_psnr,delta_ssim,selected_step,ev_lower,ev_upper,ev_either,gamma_lower,gamma_upper,gamma_either
0,Train/Low/low00653.png,0.39219013435509886,0.03698613720418448,40,0.0,0.0,0.0,0.75,0.0,0.75
1,Train/Low/low00651.png,0.08491108376425949,0.003939386967642178,40,0.5,0.5,0.5,0.5,0.5,0.5
2,Train/Low/low00443.png,-0.017600207521773825,-0.0015370519357513351,40,0.25,0.0,0.25,0.25,0.25,0.5
3,Train/Low/low00327.png,-0.0008788790148805958,-7.243702032089239e-07,37,0.0,0.0,0.0,0.0,0.75,0.75
4,Train/Low/low00601.png,1.3317228319555703,0.05081381866609119,40,0.0,0.0,0.0,0.75,0.0,0.75
5,Train/Low/low00509.png,1.1719035365995474,0.0869754694540687,40,0.0,0.0,0.0,0.75,0.0,0.75
6,Train/Low/low00001.png,2.8286421083953766,0.13175994334379837,40,0.0,0.0,0.0,1.0,0.0,1.0
7,Train/Low/low00608.png,2.0281938785619023,0.12198420199272736,40,0.0,0.0,0.0,1.0,0.0,1.0
8,Train/Low/low00351.png,0.2753670341002845,-0.004521983637000043,40,0.25,0.0,0.25,0.75,0.0,0.75
9,Train/Low/low00261.png,0.15264198290770015,0.012322605724817845,40,0.0,0.0,0.0,0.5,0.0,0.5
10,Train/Low/low00177.png,0.6387474192937255,0.05030946348118584,40,0.0,0.0,0.0,1.0,0.0,1.0
11,Train/Low/low00542.png,1.1033680861419422,0.08726077224407125,40,0.0,0.0,0.0,1.0,0.0,1.0
12,Train/Low/low00592.png,1.0939471586789473,0.0507322522997784,40,0.25,0.25,0.25,1.0,0.25,1.0
13,Train/Low/low00184.png,1.0564050960673423,0.06510897444988936,40,0.0,0.0,0.0,0.5,0.0,0.5
14,Train/Low/low00080.png,1.8766181724941458,0.11094844493532652,40,0.0,0.0,0.0,1.0,0.0,1.0
15,Train/Low/low00501.png,2.0170650223618605,0.144738280550959,40,0.0,0.0,0.0,0.75,0.0,0.75
16,Train/Low/low00133.png,0.3239452281294497,0.017834707842853126,40,0.0,0.0,0.0,0.75,0.0,0.75
17,Train/Low/low00455.png,1.995014997646649e-08,-3.083212157806159e-10,35,0.25,0.0,0.25,0.0,0.75,0.75
18,Train/Low/low00206.png,4.515876264397775,0.11008309814781436,26,0.0,0.0,0.0,1.0,0.0,1.0
19,Train/Low/low00314.png,-0.11645011952854034,-0.014051424438006693,40,0.0,0.0,0.0,0.75,0.25,1.0
20,Train/Low/low00097.png,1.0920896768913657,0.10736603839806716,40,0.0,0.0,0.0,1.0,0.0,1.0
21,Train/Low/low00520.png,0.687885652282727,0.05485721948409103,40,0.0,0.0,0.0,0.75,0.0,0.75
22,Train/Low/low00424.png,0.0,0.0,35,0.25,0.25,0.5,0.25,0.75,1.0
23,Train/Low/low00535.png,1.514226149937775,0.09514081377847167,40,0.0,0.0,0.0,1.0,0.0,1.0
24,Train/Low/low00336.png,-3.026389450155875e-08,-1.0202790667879214e-08,33,0.25,0.0,0.25,0.25,0.25,0.5
25,Train/Low/low00554.png,0.4766364929007745,0.036322190059220244,40,0.0,0.0,0.0,0.75,0.0,0.75
26,Train/Low/low00564.png,3.0300385406251262,0.15355124862625147,40,0.0,0.0,0.0,1.0,0.0,1.0
27,Train/Low/low00440.png,6.548680175910704e-08,1.2086479705963882e-08,35,0.25,0.0,0.25,0.0,0.75,0.75
28,Train/Low/low00584.png,1.4434348335081602,0.08445547309757562,40,0.0,0.0,0.0,0.75,0.0,0.75
29,Train/Low/low00529.png,0.06777521297687983,0.007934291909063418,40,0.25,0.0,0.25,1.0,0.0,1.0
30,Train/Low/low00213.png,1.0776758243592397,0.08099782734700739,40,0.0,0.0,0.0,1.0,0.0,1.0
31,Train/Low/low00019.png,0.44982042827626767,0.04382829100940547,40,0.0,0.0,0.0,0.75,0.0,0.75
32,Train/Low/low00004.png,0.9784048424616207,0.07532276925504075,40,0.0,0.0,0.0,1.0,0.0,1.0
33,Train/Low/low00449.png,0.02423814946074465,-0.012851603683112237,40,0.5,0.0,0.5,0.5,0.25,0.75
34,Train/Low/low00040.png,3.312193907001669,0.17078321044373257,40,0.0,0.0,0.0,1.0,0.0,1.0
35,Train/Low/low00465.png,1.3370382312416496e-07,-4.2115238352291584e-08,34,0.25,0.0,0.25,0.25,0.25,0.5
36,Train/Low/low00293.png,-0.002316036640992891,3.233034584605721e-05,40,0.25,0.25,0.5,0.25,0.75,1.0
37,Train/Low/low00563.png,3.914485185528335,0.14294268482793532,40,0.0,0.0,0.0,1.0,0.0,1.0
38,Train/Low/low00515.png,0.5400809974851484,0.03327469524462223,40,0.0,0.0,0.0,0.75,0.0,0.75
39,Train/Low/low00476.png,1.8467291749808972,0.151938381516517,40,0.0,0.0,0.0,1.0,0.0,1.0
40,Train/Low/low00219.png,1.0520306186386126,0.06257543854224218,40,0.0,0.0,0.0,1.0,0.0,1.0
41,Train/Low/low00084.png,3.1094505919362536,0.11932845761692712,40,0.0,0.0,0.0,1.0,0.0,1.0
42,Train/Low/low00100.png,1.1863619331791657,0.08199589339838628,40,0.0,0.0,0.0,1.0,0.0,1.0
43,Train/Low/low00561.png,1.5810274719760464,0.11282882071051514,40,0.0,0.0,0.0,1.0,0.0,1.0
44,Train/Low/low00510.png,0.7522177302944968,0.06823657529097132,40,0.0,0.0,0.0,0.75,0.0,0.75
45,Train/Low/low00562.png,1.457423487394296,0.1335798998981721,40,0.25,0.25,0.25,1.0,0.25,1.0
46,Train/Low/low00247.png,3.1701936228931924,0.11958988961931172,40,0.0,0.0,0.0,1.0,0.0,1.0
47,Train/Low/low00326.png,-0.0034447020797774286,3.808045646969127e-05,40,0.25,0.25,0.5,0.25,0.75,1.0
48,Train/Low/low00385.png,5.282016601881878e-08,1.5758430810253188e-09,38,0.25,0.25,0.5,0.0,0.75,0.75
49,Train/Low/low00295.png,0.0060628005808300856,-0.01515482338341137,40,0.0,0.0,0.0,0.75,0.0,0.75
50,Train/Low/low00331.png,-2.672466248299088e-08,-1.731420298800579e-09,40,0.25,0.0,0.25,0.25,0.75,1.0
51,Train/Low/low00124.png,0.8372490815439209,0.05592984353018987,40,0.0,0.0,0.0,1.0,0.0,1.0
52,Train/Low/low00196.png,0.7443012741263182,0.04964665030361631,40,0.0,0.0,0.0,1.0,0.0,1.0
53,Train/Low/low00627.png,1.8333957551022007,0.11190082923871353,40,0.0,0.0,0.0,1.0,0.0,1.0
54,Train/Low/low00057.png,2.0222194774400064,0.1589976057581058,40,0.0,0.0,0.0,1.0,0.0,1.0
55,Train/Low/low00165.png,0.8013309856979971,0.07125735588801538,40,0.0,0.0,0.0,0.75,0.0,0.75
56,Train/Low/low00364.png,-1.7773729332759558e-07,-9.721587423960898e-10,40,0.25,0.0,0.25,0.0,0.75,0.75
57,Train/Low/low00406.png,-1.3462162939958944e-07,-1.5010635789902693e-09,40,0.0,0.25,0.25,0.0,0.5,0.5
58,Train/Low/low00586.png,0.1782982708894849,0.03219037380291623,40,0.25,0.0,0.25,0.75,0.0,0.75
59,Train/Low/low00643.png,1.7473170863631537,0.0008509893253857426,40,0.0,0.0,0.0,0.5,0.0,0.5
60,Train/Low/low00505.png,1.429366323201858,0.08763774915859468,40,0.0,0.0,0.0,1.0,0.0,1.0
61,Train/Low/low00119.png,4.089358281344344,0.07740780846276119,40,0.0,0.0,0.0,0.75,0.0,0.75
62,Train/Low/low00299.png,-0.5075680284287074,-0.02166581840767709,40,0.0,0.0,0.0,1.0,0.0,1.0
63,Train/Low/low00683.png,0.978449223469056,0.08398754630703736,40,0.0,0.0,0.0,1.0,0.0,1.0
64,Train/Low/low00110.png,4.792026520121501,0.0826351660059047,40,0.0,0.0,0.0,1.0,0.0,1.0
65,Train/Low/low00214.png,0.16798425533178474,0.021281854432102155,40,0.0,0.0,0.0,0.25,0.0,0.25
66,Train/Low/low00417.png,8.534566831031043e-09,-3.1894201169002656e-10,39,0.25,0.5,0.5,0.25,0.75,0.75
67,Train/Low/low00354.png,0.059863756636332255,-0.0060813647545593374,40,0.25,0.0,0.25,0.75,0.25,1.0
68,Train/Low/low00603.png,1.863379658389574,0.07386837194430113,40,0.0,0.0,0.0,1.0,0.0,1.0
69,Train/Low/low00260.png,0.721144170439473,0.06760135827025145,40,0.0,0.0,0.0,0.75,0.25,1.0
70,Train/Low/low00628.png,2.7529794890429535,0.12039662804566209,40,0.0,0.0,0.0,1.0,0.0,1.0
71,Train/Low/low00493.png,1.443606301468824,0.1024817892534568,40,0.0,0.0,0.0,0.5,0.0,0.5
72,Train/Low/low00298.png,0.020828386617782968,-0.005054345612890018,40,0.25,0.0,0.25,0.75,0.0,0.75
73,Train/Low/low00398.png,2.9416416857941385e-08,1.0405796085910524e-09,40,0.0,0.25,0.25,0.0,0.75,0.75
74,Train/Low/low00659.png,2.0863750085284103,0.11005038078534685,40,0.0,0.0,0.0,1.0,0.0,1.0
75,Train/Low/low00464.png,-9.053345434827289,-0.09224826532104147,40,0.0,0.0,0.0,1.0,0.0,1.0
76,Train/Low/low00405.png,3.931356395980856e-08,1.3725922343166275e-09,35,0.0,0.25,0.25,0.25,0.5,0.75
77,Train/Low/low00650.png,0.3878603982357731,0.02803512331317054,36,0.5,0.25,0.5,1.0,0.25,1.0
78,Train/Low/low00621.png,3.7267586613798525,0.10229078755474186,40,0.0,0.0,0.0,0.75,0.0,0.75
79,Train/Low/low00596.png,0.36507041134567597,0.030761434391361142,40,0.0,0.0,0.0,1.0,0.0,1.0
80,Train/Low/low00378.png,5.017778192950573e-08,-5.8229156635336565e-09,34,0.0,0.25,0.25,0.0,0.5,0.5
81,Train/Low/low00058.png,1.6720368067795324,0.143572120919349,40,0.0,0.0,0.0,0.75,0.0,0.75
82,Train/Low/low00092.png,2.0193190380343626,0.10252488796827136,40,0.0,0.0,0.0,0.75,0.0,0.75
83,Train/Low/low00266.png,1.0755435647919107,0.07358806488247516,40,0.0,0.0,0.0,1.0,0.0,1.0
84,Train/Low/low00180.png,0.1423941184990669,0.014936765543144562,40,0.25,0.0,0.25,0.5,0.25,0.75
85,Train/Low/low00679.png,1.0806525281245207,0.07452195528516337,40,0.0,0.0,0.0,1.0,0.0,1.0
86,Train/Low/low00408.png,3.4714453533979395e-10,1.0637612735120427e-09,40,0.0,0.25,0.25,0.0,0.75,0.75
87,Train/Low/low00623.png,1.1337817803646981,0.0727561342464963,40,0.0,0.0,0.0,1.0,0.0,1.0
88,Train/Low/low00646.png,2.943314123503855,0.12943788811439677,40,0.0,0.0,0.0,1.0,0.0,1.0
89,Train/Low/low00104.png,0.5202930701477353,0.03679273049296812,40,0.0,0.0,0.0,1.0,0.0,1.0
90,Train/Low/low00399.png,2.0082613083616252e-07,5.02534963642276e-09,40,0.25,0.0,0.25,0.0,0.75,0.75
91,Train/Low/low00638.png,1.0707780904744837,0.07643331333662817,40,0.25,0.25,0.25,1.0,0.25,1.0
92,Train/Low/low00533.png,0.7277602046558576,0.05805691946693703,40,0.0,0.0,0.0,1.0,0.0,1.0
93,Train/Low/low00142.png,0.36285371694949653,0.03021662827638477,40,0.0,0.0,0.0,1.0,0.0,1.0
94,Train/Low/low00182.png,0.1898307758479003,0.010069143686603749,40,0.0,0.0,0.0,0.25,0.0,0.25
95,Train/Low/low00477.png,1.4448668342544462,0.11989069088166338,40,0.0,0.0,0.0,1.0,0.0,1.0
96,Train/Low/low00036.png,1.4036763570340414,0.12823125855770487,40,0.0,0.0,0.0,1.0,0.0,1.0
97,Train/Low/low00594.png,1.359227154240882,0.054003278365155005,40,0.25,0.25,0.25,1.0,0.25,1.0
98,Train/Low/low00192.png,0.1726221143248745,0.015619194591185319,40,0.0,0.0,0.0,0.5,0.25,0.75
99,Train/Low/low00668.png,1.3399697333001885,0.06713528026759741,40,0.0,0.0,0.0,0.75,0.0,0.75
