index,low,identity_psnr,identity_ssim,T026_psnr,T026_ssim,T036_psnr,T036_ssim,T062_psnr,T062_ssim,delta_psnr_vs_T036,delta_psnr_vs_T026,delta_ssim_vs_T036
0,Train/Low/low00167.png,8.610336680007965,0.2894117665005753,16.770728094100033,0.7378128770386407,18.49349001280084,0.7076181901475809,18.180095393822036,0.6594837266820938,-0.31339461897880483,1.4093672997220033,-0.04813446346548711
1,Train/Low/low00598.png,8.384219286651549,0.13307268319470908,12.866100747139914,0.4497767729815929,15.428024535385559,0.4316354608971287,21.75437507902583,0.4258559213528695,6.326350543640272,8.888274331885917,-0.0057795395442591935
2,Train/Low/low00617.png,9.10063966753233,0.17273767043100807,13.950901538358703,0.4940841945471336,16.426598917634948,0.46873914773570874,23.74641637639231,0.4983903088246409,7.319817458757363,9.795514838033608,0.029651161088932176
3,Train/Low/low00230.png,7.498500084201139,0.27638326738925306,11.603040565372261,0.5891273042833134,12.686827596823369,0.576089462040629,12.756748357935452,0.5206694915153867,0.06992076111208334,1.153707792563191,-0.05541997052524239
4,Train/Low/low00022.png,6.10100201487281,0.18717675849225004,11.792000345564531,0.5964882749693434,14.920436190521954,0.5928918945957665,23.109857078097246,0.6458294897318348,8.189420887575292,11.317856732532714,0.05293759513606833
5,Train/Low/low00516.png,12.060276711810118,0.20018572660787157,15.310103660515049,0.5159542845504549,16.014155470127108,0.5045390315585737,23.366034547636303,0.5912375872684613,7.351879077509196,8.055930887121255,0.0866985557098876
6,Train/Low/low00454.png,9.804294271711937,0.12298715352354947,9.388835946190152,0.11181341156487135,9.42445666511065,0.09997398323249454,12.496691215343766,0.05833041477074151,3.072234550233116,3.107855269153614,-0.04164356846175303
7,Train/Low/low00037.png,6.337618458965716,0.027900282532001296,7.63681290225441,0.1404641156759009,8.176002026943404,0.1644984251160554,10.271226446841315,0.25981531348774634,2.09522441989791,2.634413544586905,0.09531688837169094
8,Train/Low/low00159.png,7.144122825527914,0.060183192473858706,9.2408379104223,0.24251622259946684,10.858599330133089,0.2574168721583513,12.99706876799275,0.30941985875633976,2.138469437859662,3.7562308575704506,0.052002986597988465
9,Train/Low/low00215.png,7.7949047953053725,0.2483593821387821,14.837148088302708,0.6871532246294145,17.379209824903413,0.6474958035314566,23.283024763641173,0.6321663421364841,5.90381493873776,8.445876675338464,-0.015329461394972488
10,Train/Low/low00658.png,7.395052813628158,0.21936362675937235,13.709359040794373,0.6304986561402706,15.093179807249701,0.6118194586285295,21.358746537800908,0.5958340684625498,6.265566730551207,7.6493874970065345,-0.015985390165979663
11,Train/Low/low00153.png,7.639045690552415,0.061358512581475934,9.53835774867211,0.2262248098108231,10.574125454756594,0.23263005598821387,13.779857717176176,0.29120624669502543,3.2057322624195823,4.2414999685040655,0.058576190706811554
12,Train/Low/low00195.png,4.508234274653001,0.043509236027710854,6.394540421172072,0.20621017605994937,7.144730437696115,0.2252420198567734,8.768149387440495,0.2652373702792549,1.62341894974438,2.3736089662684225,0.039995350422481535
13,Train/Low/low00201.png,8.753992447502997,0.3443221536025141,19.982946843980084,0.7761414156698027,16.07304808254939,0.6685421355016344,17.788889627039268,0.6599217977183759,1.7158415444898765,-2.1940572169408163,-0.008620337783258547
14,Train/Low/low00223.png,6.342565357390258,0.02942904179641282,7.55440938213869,0.13432363879363088,7.877586812463731,0.14708524939344672,9.555192984148196,0.18494395093132698,1.6776061716844648,2.0007836020095056,0.03785870153788026
15,Train/Low/low00570.png,4.636425681165655,0.15737722762919226,8.798662743572672,0.43989822659747896,11.228318735017597,0.43272538768810925,16.261490763779168,0.45807930549719345,5.033172028761571,7.462828020206496,0.025353917809084192
16,Train/Low/low00320.png,9.177859621852381,0.1725135496157057,9.232344837121483,0.15570333791723934,8.53059054006723,0.15097185945181343,14.85948215804546,0.15041640730670508,6.328891617978229,5.627137320923977,-0.0005554521451083538
17,Train/Low/low00306.png,6.8229487928584405,0.08255565735119934,6.619308440313574,0.07550211333854664,7.01636487246129,0.0688556874378118,10.868743835568225,0.07071090849535194,3.8523789631069345,4.24943539525465,0.0018552210575401434
18,Train/Low/low00264.png,5.426593530293142,0.10343664279426018,9.282730306926345,0.4562124817380149,13.369502335859696,0.5546449650631108,15.270994418007156,0.5676876459927748,1.9014920821474597,5.988264111080811,0.013042680929663986
19,Train/Low/low00588.png,7.283363794920513,0.1731091241147973,10.529555138658475,0.5212934009829127,10.692929055084978,0.48665952757352854,15.712178621731956,0.47167107620330573,5.0192495666469785,5.182623483073481,-0.01498845137022281
20,Train/Low/low00005.png,7.420848779426093,0.18825958648125388,14.26144229446674,0.720257711102667,18.09860211528061,0.7733447800374597,23.71629839913281,0.7819884658329055,5.617696283852201,9.45485610466607,0.008643685795445832
21,Train/Low/low00099.png,9.416645241748087,0.1402510777927077,14.383750718369278,0.4564608180156347,18.829895461786663,0.513863446226353,23.303907302526916,0.5007100834732122,4.474011840740253,8.920156584157638,-0.01315336275314083
22,Train/Low/low00309.png,7.794394519469758,0.09904313196654703,7.650752575438324,0.0930450639984753,8.052308858765347,0.0915245393519108,11.862605649810892,0.07622554552059708,3.8102967910455448,4.211853074372567,-0.01529899383131371
23,Train/Low/low00284.png,8.21855329432166,0.09897916453854143,7.639076630115504,0.09566537421489225,8.19929709625367,0.09119501314348381,13.046089294086203,0.0567361400002459,4.846792197832533,5.407012663970699,-0.034458873143237916
24,Train/Low/low00346.png,11.241170513180002,0.14597474560121015,11.307372550563642,0.15539598471572175,11.158131067245113,0.15395954688616598,13.41223420819729,0.05918055715445823,2.254103140952177,2.1048616576336485,-0.09477898973170774
25,Train/Low/low00568.png,5.415913668048278,0.1509978818015288,10.770664071181368,0.4943322075545257,14.682167371760675,0.5197144713610712,19.079040532691064,0.5172471471783137,4.396873160930388,8.308376461509695,-0.0024673241827575243
26,Train/Low/low00300.png,8.698946301616187,0.10512444393255282,9.537748458674342,0.09980606134604333,9.384253520276113,0.1074860087024861,12.520151756662315,0.06734005669180546,3.1358982363862022,2.9824032979879735,-0.04014595201068065
27,Train/Low/low00227.png,5.679897510694849,0.19796758411893756,10.350428588154381,0.5900509224057897,14.44502822621594,0.6146739215470446,22.336552023250533,0.6247840626055634,7.891523797034592,11.986123435096152,0.010110141058518818
28,Train/Low/low00258.png,8.788173619297181,0.23900036145912126,16.34416268173719,0.7354140967973744,19.012779265143635,0.7296531423549351,19.507898592855675,0.6823236446110038,0.4951193277120396,3.1637359111184864,-0.04732949774393125
29,Train/Low/low00624.png,6.5732593457079505,0.23884160444687258,12.997466975981231,0.6574830938308486,16.195929733820297,0.6696889178367559,22.53006927850229,0.6390144242946365,6.334139544681992,9.532602302521058,-0.030674493542119374
30,Train/Low/low00687.png,6.210498535331512,0.08843517846160556,9.701838038957396,0.423962859806077,12.814521264294667,0.5035458079375599,15.337930208186158,0.5288778661798226,2.523408943891491,5.636092169228762,0.0253320582422627
31,Train/Low/low00149.png,5.411836316925964,0.03886055222958848,7.073949084319442,0.15413910332620487,8.121861382010946,0.17409251386987593,9.461334485729486,0.23187767969256087,1.3394731037185394,2.387385401410044,0.05778516582268495
32,Train/Low/low00210.png,5.272723333323057,0.19072931479865188,10.831524122441154,0.6496316413539183,15.825327381592388,0.6469489210597376,18.818472305751158,0.6404501832045738,2.99314492415877,7.986948183310004,-0.00649873785516375
33,Train/Low/low00569.png,8.245634785596273,0.20642019495685784,16.075672487774323,0.5087803779728409,16.96400611446188,0.4744364832572084,17.446805592462795,0.42706631473672824,0.4827994780009135,1.3711331046884716,-0.04737016852048015
34,Train/Low/low00217.png,4.699282083927798,0.04384365115626205,6.030683070237477,0.16561719476555092,6.427316431763116,0.1661047963946454,8.158398214416344,0.17830934070429208,1.731081782653228,2.1277151441788673,0.012204544309646681
35,Train/Low/low00014.png,5.321379225179371,0.18264118633893964,9.409364027981063,0.5579338711571604,12.785418120246568,0.6044842191983145,19.800477642041994,0.609724010999962,7.0150595217954255,10.39111361406093,0.005239791801647464
36,Train/Low/low00259.png,6.87355704733839,0.13748093714789075,13.05634751788375,0.613753001276623,18.347280377771085,0.6421109383526936,21.850512325179437,0.6426298293425824,3.503231947408352,8.794164807295687,0.0005188909898887761
37,Train/Low/low00078.png,7.81920129255152,0.13678544363833614,11.380485193056968,0.4281398064199573,13.78293411231311,0.4483709647391093,22.197084944879897,0.5759067306981539,8.414150832566786,10.81659975182293,0.1275357659590446
38,Train/Low/low00127.png,5.79074607145491,0.15150398205711346,10.583066300013261,0.536715617242923,14.674200538768671,0.4967435886842751,17.47318402388213,0.5325216769939087,2.7989834851134585,6.890117723868869,0.03577808830963364
39,Train/Low/low00642.png,5.640560094742888,0.2481235973906087,11.77033897028947,0.6287490640590983,14.784216020140022,0.6479276968937123,21.50283909907683,0.6545960216971483,6.718623078936808,9.73250012878736,0.006668324803435932
40,Train/Low/low00539.png,7.461072874459667,0.1508181353614021,13.681609772063293,0.5873205887542603,16.797025219201583,0.5655290834248795,22.724905892185305,0.5797639509031295,5.927880672983722,9.043296120122012,0.01423486747824998
41,Train/Low/low00571.png,5.979698909126014,0.2605196553221129,12.582622197355589,0.5725636223727243,14.61505710724104,0.544265529020414,21.053517160273962,0.5470406232222881,6.438460053032923,8.470894962918374,0.002775094201874051
42,Train/Low/low00243.png,7.057668197796842,0.27564765815195874,15.90695619535197,0.7782018229026056,18.281282302884353,0.7595359255185842,22.246652057498988,0.7449581334641505,3.9653697546146347,6.339695862147018,-0.014577792054433658
43,Train/Low/low00450.png,23.132714875844812,0.9277268347610969,11.39731426259175,0.7014132636609841,10.508470072701147,0.6803472820527562,8.82338204427043,0.5829221464353334,-1.6850880284307177,-2.573932218321321,-0.09742513561742283
44,Train/Low/low00339.png,9.17583756855301,0.11415792365185223,9.270216253879408,0.1088403708431483,9.27396809972786,0.1067386803638432,11.402920210306773,0.05015027013394645,2.128952110578913,2.132703956427365,-0.056588410229896746
45,Train/Low/low00106.png,5.364477762850184,0.12555434987318437,7.101851472682523,0.3490684887136679,7.43318809975953,0.3492104441116621,10.261519127296452,0.4447639328891731,2.8283310275369224,3.159667654613929,0.09555348877751102
46,Train/Low/low00513.png,7.712805919094969,0.09483708715115004,10.479847318433196,0.35876775503636793,12.205859151021283,0.4380065869400118,14.487752875906807,0.5063726745533653,2.281893724885524,4.007905557473611,0.0683660876133535
47,Train/Low/low00114.png,3.686008168338563,0.05019754580662287,5.025441963414505,0.18784348941395992,5.554499683210619,0.20058008433911576,7.601614548461468,0.2604971777471996,2.0471148652508493,2.5761725850469626,0.05991709340808385
48,Train/Low/low00137.png,5.064092860792833,0.04852507571997021,6.3460407945835176,0.18245884260697276,6.629567189757825,0.18930970594263535,9.339465781276102,0.24344686760772205,2.709898591518277,2.9934249866925846,0.0541371616650867
49,Train/Low/low00365.png,11.02762596542031,0.2194317714597523,11.994337524089973,0.22211556461895618,10.838892077575617,0.20425953858134008,12.18769013739795,0.16275618692688906,1.3487980598223341,0.1933526133079777,-0.041503351654451015
50,Train/Low/low00337.png,9.441374569095819,0.09896648412610966,9.107469472482459,0.08806049608105213,9.300802776246988,0.08495301990289134,12.794108193127713,0.06387738681074358,3.493305416880725,3.686638720645254,-0.021075633092147758
51,Train/Low/low00289.png,7.36568569369128,0.09161453757026748,6.878383900831966,0.08820602148203253,7.334132449752308,0.08420020185411463,10.270354064679497,0.0705395200828851,2.936221614927189,3.391970163847531,-0.013660681771229533
52,Train/Low/low00112.png,9.315036806140876,0.2984232922093805,19.28959541103381,0.7497026121044127,17.45447748901322,0.6683486495441501,17.013424694269055,0.6152952966790979,-0.4410527947441665,-2.2761707167647565,-0.053053352865052195
53,Train/Low/low00249.png,5.715037758036599,0.04258511129292264,6.9622549053463425,0.1652377051294715,7.332179429006237,0.17073917790161472,9.34278677464761,0.19042664201496198,2.0106073456413736,2.380531869301268,0.019687464113347264
54,Train/Low/low00187.png,10.5084065735732,0.28075322523479557,21.171262960427327,0.7177184295936683,17.608985757732142,0.6360749581037254,17.261689080132506,0.595818339406569,-0.3472966775996369,-3.909573880294822,-0.040256618697156354
55,Train/Low/low00602.png,7.19715031844011,0.1926055513939309,11.881545687409698,0.5482559045973087,14.036801053427768,0.525452633194819,21.711241710534317,0.48201008661176026,7.674440657106549,9.829696023124619,-0.043442546583058794
56,Train/Low/low00526.png,4.6819032722100555,0.10549627886468742,8.126274166977122,0.26216605608891375,9.16849197773076,0.2902027473753523,13.57609762566863,0.3755291434808505,4.407605647937871,5.449823458691508,0.08532639610549819
57,Train/Low/low00633.png,6.564315808975348,0.23325116146982017,10.146988187803029,0.5158664018741936,10.858760533772585,0.5216269056710358,12.411744418947592,0.5419086407789635,1.5529838851750064,2.2647562311445633,0.020281735107927745
58,Train/Low/low00246.png,10.15735484730721,0.09930252141117292,13.7674733328582,0.41394253799633857,15.297900284550776,0.40546179689904255,21.685205282904047,0.4225603086659836,6.387304998353271,7.917731950045846,0.01709851176694105
59,Train/Low/low00587.png,7.263631922160613,0.16818912711673484,10.37754190402028,0.5061335948638599,11.734766953051361,0.498236419411944,15.614332307928173,0.4633555220822935,3.879565354876812,5.236790403907893,-0.034880897329650495
60,Train/Low/low00333.png,7.345493843416326,0.07832966516434449,8.403887415126729,0.07819286895693191,7.940949884721577,0.08163716157064428,10.806678822907829,0.05999779203717023,2.865728938186252,2.4027914077811,-0.021639369533474048
61,Train/Low/low00156.png,6.5025673512404625,0.06788499861110886,8.921823985121536,0.2976433664036089,11.348327927514543,0.3848346646076726,13.374276518041231,0.4069253536544503,2.0259485905266885,4.452452532919695,0.02209068904677769
62,Train/Low/low00489.png,6.792935102422167,0.11105930449046154,9.022078304034634,0.31058477555908115,10.421238824204968,0.34223256082472076,13.343541177108547,0.41750737322242415,2.9223023529035785,4.321462873073912,0.0752748123977034
63,Train/Low/low00612.png,8.647521512463388,0.2611204883480626,16.55659617189975,0.6709183067651818,15.676282137828522,0.5600873826392331,19.780004945310132,0.564023664685018,4.10372280748161,3.223408773410384,0.003936282045784889
64,Train/Low/low00572.png,7.602979949825501,0.3278505042687309,15.572870372614332,0.7000033529322571,14.643388860763451,0.6409784705596848,17.85468462017147,0.627348612399266,3.211295759408017,2.2818142475571364,-0.01362985816041884
65,Train/Low/low00129.png,4.811606492651188,0.23562061456926744,10.632226926671095,0.6853299079029683,12.509483945201223,0.6401079523743143,21.40859099622116,0.6709512562678651,8.899107051019937,10.776364069550066,0.030843303893550833
66,Train/Low/low00221.png,10.058356804918553,0.3815150044746107,22.832859726919175,0.792368584916353,14.821924270352536,0.6647797934471382,15.498684380821397,0.6369195473599025,0.6767601104688605,-7.334175346097778,-0.027860246087235696
67,Train/Low/low00676.png,7.979347400503107,0.09242015818786674,11.507176724792842,0.4415573617918879,14.267480846985235,0.5236689457373971,18.770422055172197,0.5553823376799489,4.502941208186963,7.263245330379355,0.03171339194255185
68,Train/Low/low00615.png,8.710472175137987,0.21210330772358357,15.581120414933212,0.6422922400576235,14.74805428503192,0.583771400524859,20.863653640325644,0.5666853054815952,6.115599355293725,5.282533225392433,-0.01708609504326375
69,Train/Low/low00324.png,11.184436094776347,0.19966335243910993,10.46769360950515,0.17205209503749525,9.946777234321043,0.1778912688077422,14.034140953223876,0.13300843662723186,4.087363718902832,3.5664473437187265,-0.04488283218051034
70,Train/Low/low00404.png,7.2057124236339165,0.11159418645925975,6.956011723542659,0.10039153485259174,6.668567532785165,0.09309065859283312,10.636693058982862,0.08987073216479308,3.9681255261976975,3.6806813354402035,-0.003219926428040046
71,Train/Low/low00415.png,10.288373375244548,0.290469029740114,8.347996071571622,0.24160312571264217,7.972682950511224,0.21498785389627698,17.11977630890066,0.26168187530890435,9.147093358389437,8.77178023732904,0.04669402141262738
72,Train/Low/low00263.png,9.41229588014047,0.32412834686554415,21.271772257143894,0.8001385365853572,18.80552317035792,0.7656560262060689,15.932408317712545,0.7115559154281281,-2.873114852645374,-5.339363939431349,-0.054100110777940746
73,Train/Low/low00548.png,5.561276442490598,0.15808232603725966,8.802875081978147,0.4740979553734916,10.389252603567925,0.46004296407161377,18.773123943979108,0.5579526337610966,8.383871340411183,9.970248862000961,0.09790966968948284
74,Train/Low/low00448.png,8.155628505321127,0.10580124082224256,8.658883956535188,0.10613114522112539,8.747351774617416,0.10701986516581083,11.194457881608042,0.06973442765998933,2.447106106990626,2.5355739250728533,-0.0372854375058215
75,Train/Low/low00631.png,7.161561399794181,0.1219539841632348,10.911435196550503,0.4352022883695616,14.160239829544366,0.4606964780695552,18.553428660173793,0.4565006334733117,4.393188830629427,7.64199346362329,-0.004195844596243503
76,Train/Low/low00023.png,4.642929352328997,0.07838583790706918,7.2274641883883515,0.3130622805919376,9.02924542639765,0.3605215992075086,11.410520688268445,0.41428606344477814,2.3812752618707957,4.183056499880093,0.05376446423726955
77,Train/Low/low00332.png,11.708044430988407,0.12808251835014753,13.234161020360421,0.11647678351746288,12.73412958067148,0.11190316419268365,11.98748843800046,0.053942552909339914,-0.7466411426710202,-1.2466725823599614,-0.05796061128334373
78,Train/Low/low00135.png,5.304801130207767,0.06006997102760089,7.403435176212552,0.23185109901582068,7.256676903821672,0.23269690812404822,10.629401766306543,0.32598257647658746,3.372724862484871,3.225966590093991,0.09328566835253924
79,Train/Low/low00566.png,9.926721518385309,0.15738971690784248,18.77944072637021,0.5105545064278495,16.922491473466003,0.46811732950622714,15.342209010746544,0.4401137438151927,-1.5802824627194596,-3.4372317156236676,-0.02800358569103445
80,Train/Low/low00494.png,7.088081654050513,0.1249308223802822,10.063316616832301,0.35847396382470803,11.880966109563452,0.40556726063217347,15.575641285741344,0.47525441710587457,3.694675176177892,5.512324668909043,0.0696871564737011
81,Train/Low/low00011.png,5.68187759059699,0.04806020410488547,7.6255751718117395,0.23330452924254305,9.408768911495217,0.29705067103530486,11.081634575900232,0.3471736913975115,1.6728656644050144,3.456059404088492,0.050123020362206616
82,Train/Low/low00467.png,12.557295269293178,0.17246744300056005,12.071846021634581,0.16708089759601585,12.150441786012687,0.14187935102564542,13.773248258605175,0.04762806259257766,1.6228064725924884,1.7014022369705941,-0.09425128843306776
83,Train/Low/low00481.png,12.58341672501803,0.40734094381743563,16.755293878028596,0.6661752919940379,11.656858334796178,0.5356898766654299,11.770789952979896,0.511708758643211,0.11393161818371844,-4.984503925048699,-0.023981118022218917
84,Train/Low/low00626.png,6.610308531611495,0.24599538558133652,13.002438604512703,0.6617066784467169,15.774622720000353,0.6744217626038763,22.11041062010449,0.6449538469499349,6.335787900104135,9.107972015591786,-0.029467915653941468
85,Train/Low/low00017.png,5.301383763768843,0.1108569718125522,9.574996940303343,0.4799875306781107,12.922156691261481,0.5546991499248355,15.849875727471975,0.571160431039981,2.927719036210494,6.274878787168632,0.016461281115145554
86,Train/Low/low00613.png,7.6323876496531975,0.22063416910022304,13.653025882944615,0.6182441990367844,19.64882551050924,0.584128431837003,23.40308736713776,0.5452492887732627,3.7542618566285206,9.750061484193147,-0.038879143063740296
87,Train/Low/low00270.png,7.207640955588194,0.07806763200405083,8.829212276047882,0.07772450811333516,8.104331953281147,0.08438956217984325,10.796373774907043,0.0462743156435638,2.692041821625896,1.967161498859161,-0.03811524653627945
88,Train/Low/low00297.png,6.684067956037895,0.08153536183485212,7.001281005960617,0.06940850566773502,6.917115352261431,0.06976053396101958,10.994498344330514,0.05444503184366314,4.077382992069084,3.993217338369897,-0.015315502117356446
89,Train/Low/low00343.png,15.326295219042334,0.3072309738834509,14.784819484633832,0.30341226497437385,14.342072806580415,0.3099209875495549,13.030045613678546,0.14834021174636805,-1.3120271929018692,-1.7547738709552867,-0.16158077580318683
90,Train/Low/low00074.png,6.563176723930057,0.10031268612309399,9.400820599977122,0.37643054152849525,11.54730675968378,0.427113805535907,16.418798096708276,0.45989921901053166,4.871491337024496,7.017977496731154,0.03278541347462466
91,Train/Low/low00113.png,4.200559303033136,0.050660340411333646,5.338981074370209,0.17070227200948715,5.153842640750823,0.13489510767610646,8.424380259747844,0.2696100631870412,3.270537618997021,3.085399185377635,0.13471495551093476
92,Train/Low/low00115.png,4.95254795083101,0.09395605562443438,7.060690727790582,0.2807280775456939,7.852132392966972,0.28319932998298425,11.780432967964927,0.3618674020701085,3.928300574997955,4.719742240174345,0.07866807208712423
93,Train/Low/low00162.png,5.753577576093695,0.09590296561658618,8.45556504969254,0.3289048475461381,9.546190797583199,0.35749600370608126,13.063710240606632,0.4334722347488388,3.517519443023433,4.608145190914092,0.07597623104275752
94,Train/Low/low00576.png,9.473656253258337,0.20811464927776271,16.750025336077826,0.8232328670076763,17.063246225589026,0.8036656152393079,23.988342042843513,0.8746202557828516,6.925095817254487,7.238316706765687,0.07095464054354372
95,Train/Low/low00077.png,4.929498983534731,0.09349723374409936,7.512527562054965,0.3471961572390409,8.099733875818444,0.3130751422778301,13.061595155839616,0.5122295542041839,4.961861280021171,5.549067593784651,0.1991544119263538
96,Train/Low/low00604.png,6.580319699633433,0.18609102368604483,11.615146373904988,0.5735643657893295,16.014779291385192,0.5233890932147061,21.224258738161502,0.5083690949842615,5.20947944677631,9.609112364256514,-0.015019998230444531
97,Train/Low/low00240.png,4.3878210738121135,0.05704008927167959,5.772307782268723,0.19922410961011544,5.665830499849475,0.1741635317991301,9.3716522092483,0.32849128811099415,3.7058217093988244,3.5993444269795765,0.15432775631186404
98,Train/Low/low00117.png,4.782417837133573,0.057625569809100906,6.6277628327660345,0.23725324736940068,7.443582961507412,0.24195253820963505,9.727836825309925,0.2892073471724896,2.2842538638025136,3.1000739925438907,0.04725480896285453
99,Train/Low/low00147.png,5.297878960438656,0.10251939322113758,8.841884145966684,0.39582818724258745,11.291741320198145,0.4452495094137952,14.678172482404845,0.5046449261030422,3.3864311622066996,5.836288336438161,0.05939541668924703
