index,low,normal,baseline_psnr,baseline_ssim,candidate_psnr,candidate_ssim,delta_psnr,delta_ssim
0,Train/Low/low00353.png,Train/Normal/normal00353.png,13.189543733318612,0.11608207570582094,13.06593171493973,0.1153121342806553,-0.12361201837888203,-0.000769941425165635
1,Train/Low/low00277.png,Train/Normal/normal00277.png,9.871313825397483,0.0976361007337283,9.483636318929996,0.10106967671263596,-0.38767750646748667,0.0034335759789076575
2,Train/Low/low00488.png,Train/Normal/normal00488.png,19.521511047663825,0.6005992467851423,13.432904259434103,0.4600683419533249,-6.088606788229722,-0.1405309048318174
3,Train/Low/low00301.png,Train/Normal/normal00301.png,8.731156221041967,0.0708922572085687,9.030274016118955,0.0837309838477404,0.2991177950769881,0.012838726639171696
4,Train/Low/low00341.png,Train/Normal/normal00341.png,11.768153018681794,0.1304218157342036,11.345302057438353,0.13887938411431228,-0.4228509612434408,0.008457568380108665
5,Train/Low/low00283.png,Train/Normal/normal00283.png,11.022483448068938,0.15426451556069054,12.491530406254409,0.16213435875477117,1.469046958185471,0.007869843194080628
6,Train/Low/low00079.png,Train/Normal/normal00079.png,16.17890718303539,0.6539066798266867,10.179235453119448,0.6098146978273297,-5.99967172991594,-0.044091981999357044
7,Train/Low/low00013.png,Train/Normal/normal00013.png,13.4186608257871,0.5852859136731139,7.243397729717056,0.4339172540279745,-6.175263096070044,-0.1513686596451394
8,Train/Low/low00198.png,Train/Normal/normal00198.png,13.439150017583062,0.6657420809846566,18.43069249159144,0.7633571181518013,4.991542474008378,0.0976150371671447
9,Train/Low/low00232.png,Train/Normal/normal00232.png,23.49622665344738,0.6339887183112296,15.448135504007361,0.6013686266564744,-8.048091149440019,-0.03262009165475521
10,Train/Low/low00582.png,Train/Normal/normal00582.png,9.115593176425497,0.15878284449530733,7.914977177156015,0.1198042102692454,-1.2006159992694823,-0.03897863422606193
11,Train/Low/low00190.png,Train/Normal/normal00190.png,11.198551179724994,0.3519319264505611,8.39934575229121,0.2382689050146166,-2.799205427433785,-0.1136630214359445
12,Train/Low/low00372.png,Train/Normal/normal00372.png,8.554676148110612,0.06271337231784124,7.78779552556257,0.07653248326092373,-0.766880622548042,0.013819110943082483
13,Train/Low/low00453.png,Train/Normal/normal00453.png,12.484140681211144,0.13093470138571744,12.107823959660855,0.15013229172216389,-0.37631672155028895,0.01919759033644644
14,Train/Low/low00463.png,Train/Normal/normal00463.png,12.782722528087387,0.1338210775055816,12.467420309375289,0.1492102812717329,-0.3153022187120982,0.0153892037661513
15,Train/Low/low00383.png,Train/Normal/normal00383.png,9.990326598847549,0.22385309030962114,9.790194391155955,0.22575574333983867,-0.20013220769159368,0.001902653030217527
16,Train/Low/low00158.png,Train/Normal/normal00158.png,15.116428525900183,0.32968767690672063,11.5117915494655,0.273227963013651,-3.6046369764346835,-0.05645971389306964
17,Train/Low/low00018.png,Train/Normal/normal00018.png,16.264631033551126,0.5851128575539055,9.997403592068894,0.42386187869541464,-6.267227441482232,-0.16125097885849088
18,Train/Low/low00006.png,Train/Normal/normal00006.png,16.50360557580747,0.7280171277132135,11.252189114340256,0.6408805053348696,-5.251416461467214,-0.08713662237834385
19,Train/Low/low00639.png,Train/Normal/normal00639.png,8.30110338280045,0.30995216616836146,5.809065427982158,0.2328431792385268,-2.4920379548182927,-0.07710898692983467
20,Train/Low/low00400.png,Train/Normal/normal00400.png,8.56832231034575,0.10653329603630322,7.727822927095643,0.10686845042650356,-0.8404993832501066,0.00033515439020033455
21,Train/Low/low00082.png,Train/Normal/normal00082.png,7.235785685345702,0.1941299553843666,6.107355446548412,0.14453285220500559,-1.1284302387972902,-0.049597103179361
22,Train/Low/low00462.png,Train/Normal/normal00462.png,8.975188458917264,0.07403425183997257,9.826629074495507,0.08546059145889426,0.8514406155782428,0.011426339618921685
23,Train/Low/low00052.png,Train/Normal/normal00052.png,18.44152922858261,0.6695592551441397,13.642267430573366,0.6125586521564479,-4.799261798009244,-0.05700060298769183
24,Train/Low/low00583.png,Train/Normal/normal00583.png,14.130981785928423,0.34867023600306657,9.74355443994752,0.3091067964429008,-4.387427345980903,-0.03956343956016578
25,Train/Low/low00237.png,Train/Normal/normal00237.png,6.807441806537193,0.1671174423319672,5.161002824806429,0.10322511513148286,-1.646438981730764,-0.06389232720048435
26,Train/Low/low00549.png,Train/Normal/normal00549.png,20.934143652137188,0.5708125861148236,12.340744374431294,0.5411964313967332,-8.593399277705894,-0.029616154718090315
27,Train/Low/low00231.png,Train/Normal/normal00231.png,8.073394179684087,0.24002402798558553,6.530795712173641,0.16791473243569147,-1.5425984675104454,-0.07210929554989406
28,Train/Low/low00031.png,Train/Normal/normal00031.png,6.062173615136135,0.10214268709073693,5.369207514664174,0.08113861999938317,-0.6929661004719616,-0.02100406709135376
29,Train/Low/low00144.png,Train/Normal/normal00144.png,12.326623101054846,0.41852120920006036,8.427254689937957,0.30121535674796907,-3.899368411116889,-0.1173058524520913
30,Train/Low/low00161.png,Train/Normal/normal00161.png,8.604504477628975,0.20269069822902472,7.1989075164652,0.13580185513854334,-1.4055969611637753,-0.06688884309048138
31,Train/Low/low00108.png,Train/Normal/normal00108.png,6.344345576420861,0.11149706576865541,5.744776121354205,0.07936667130285642,-0.5995694550666562,-0.03213039446579899
32,Train/Low/low00039.png,Train/Normal/normal00039.png,14.429005290676395,0.6926566410309581,18.684664842219043,0.7848464544830537,4.255659551542648,0.09218981345209554
33,Train/Low/low00559.png,Train/Normal/normal00559.png,14.600107839988173,0.5746496309779278,21.71748281627003,0.70468435165095,7.117374976281859,0.13003472067302224
34,Train/Low/low00669.png,Train/Normal/normal00669.png,17.477419593340354,0.5789378166734964,11.855666307101252,0.5464155341743727,-5.621753286239102,-0.0325222824991237
35,Train/Low/low00532.png,Train/Normal/normal00532.png,9.849246670505682,0.4908679547493098,6.885120559816134,0.4047099228331764,-2.9641261106895485,-0.08615803191613336
36,Train/Low/low00044.png,Train/Normal/normal00044.png,8.958095571781271,0.5019400081816489,8.244295740660593,0.5000286229603137,-0.7137998311206779,-0.00191138522133516
37,Train/Low/low00480.png,Train/Normal/normal00480.png,9.607466295064933,0.5445298444675786,9.323304015776694,0.5310165483245495,-0.284162279288239,-0.013513296143029097
38,Train/Low/low00452.png,Train/Normal/normal00452.png,9.70363376176121,0.08568165701458309,9.083760438151637,0.09238248062548145,-0.619873323609573,0.006700823610898354
39,Train/Low/low00307.png,Train/Normal/normal00307.png,9.70034141624559,0.1899254758662231,8.67146123501765,0.19036419908538926,-1.0288801812279402,0.0004387232191661594
40,Train/Low/low00143.png,Train/Normal/normal00143.png,10.92132410562134,0.3552296037566072,8.145909705295939,0.2566321531083349,-2.775414400325401,-0.0985974506482723
41,Train/Low/low00205.png,Train/Normal/normal00205.png,6.328393241128757,0.12893966100588605,5.393206754773913,0.0970824122226223,-0.9351864863548442,-0.03185724878326375
42,Train/Low/low00255.png,Train/Normal/normal00255.png,15.21540479360567,0.4958218893557624,11.078691787370332,0.3821690345507534,-4.136713006235338,-0.11365285480500897
43,Train/Low/low00048.png,Train/Normal/normal00048.png,18.59788717123463,0.6427841616351191,15.44069880225859,0.6170099480089903,-3.1571883689760387,-0.02577421362612875
44,Train/Low/low00170.png,Train/Normal/normal00170.png,11.700428099376945,0.3393277596829505,9.211162489416001,0.2649171380929468,-2.4892656099609436,-0.07441062159000367
45,Train/Low/low00357.png,Train/Normal/normal00357.png,14.287706966046365,0.1607320497949033,13.758201724251924,0.17520225114844423,-0.5295052417944408,0.014470201353540935
46,Train/Low/low00238.png,Train/Normal/normal00238.png,10.000012477366319,0.2996062293952325,6.737973346426632,0.18425596669491473,-3.2620391309396872,-0.11535026270031778
47,Train/Low/low00546.png,Train/Normal/normal00546.png,10.22655352159342,0.3912173767482477,8.716569895380875,0.3837164029266484,-1.509983626212545,-0.0075009738215993105
48,Train/Low/low00225.png,Train/Normal/normal00225.png,18.752465423463384,0.4929955422892447,13.561594553435532,0.48812866360656076,-5.190870870027853,-0.004866878682683928
49,Train/Low/low00015.png,Train/Normal/normal00015.png,6.391211992211923,0.2416655812631369,4.720038664285119,0.176146528078654,-1.6711733279268035,-0.0655190531844829
50,Train/Low/low00256.png,Train/Normal/normal00256.png,11.926907979298964,0.1633764885890704,11.164422706355651,0.12088671001324126,-0.7624852729433123,-0.042489778575829126
51,Train/Low/low00073.png,Train/Normal/normal00073.png,11.782966393196816,0.37957036410086503,8.42715273394317,0.25240944219021616,-3.355813659253645,-0.12716092191064887
52,Train/Low/low00096.png,Train/Normal/normal00096.png,13.265225060263246,0.5599056566188806,9.084572075733949,0.44895804836982495,-4.1806529845292975,-0.11094760824905564
53,Train/Low/low00379.png,Train/Normal/normal00379.png,9.148727577574453,0.17292563367465952,8.384895244965353,0.1722213275105682,-0.7638323326091001,-0.0007043061640913117
54,Train/Low/low00591.png,Train/Normal/normal00591.png,6.792378991149615,0.613177351504799,8.198723632886452,0.6675861283807895,1.4063446417368368,0.05440877687599044
55,Train/Low/low00439.png,Train/Normal/normal00439.png,9.56133628288824,0.10357200721063473,9.258751059891013,0.11419460641784228,-0.30258522299722657,0.010622599207207553
56,Train/Low/low00367.png,Train/Normal/normal00367.png,12.649254874988134,0.16648031481883793,11.841700712192619,0.17724109253306256,-0.8075541627955154,0.010760777714224623
57,Train/Low/low00271.png,Train/Normal/normal00271.png,8.068309875042534,0.17420815606491732,12.713738157196282,0.16819790461661496,4.645428282153748,-0.006010251448302362
58,Train/Low/low00151.png,Train/Normal/normal00151.png,12.280359809192468,0.48811729847351876,7.900508466889705,0.4062129395938311,-4.379851342302763,-0.08190435887968767
59,Train/Low/low00567.png,Train/Normal/normal00567.png,16.065356332677037,0.4948086029597087,12.971759209905196,0.4691795630176538,-3.0935971227718415,-0.0256290399420549
60,Train/Low/low00530.png,Train/Normal/normal00530.png,8.099754980624153,0.1952067643391319,8.516319853639162,0.21374630037448547,0.4165648730150089,0.018539536035353577
61,Train/Low/low00348.png,Train/Normal/normal00348.png,8.84098079324046,0.23712928473704806,13.97898753837972,0.20334482592340275,5.1380067451392595,-0.03378445881364531
62,Train/Low/low00670.png,Train/Normal/normal00670.png,15.535149413547076,0.5338615982884514,11.495009320923817,0.35663223702172425,-4.040140092623259,-0.17722936126672711
63,Train/Low/low00397.png,Train/Normal/normal00397.png,7.36455251762195,0.08593653545137109,7.279556453869741,0.0865252807743545,-0.08499606375220914,0.0005887453229834055
64,Train/Low/low00085.png,Train/Normal/normal00085.png,6.5708591969784695,0.1473893823379279,5.599126984702426,0.1131690898312038,-0.9717322122760432,-0.03422029250672409
65,Train/Low/low00527.png,Train/Normal/normal00527.png,11.344534678450984,0.3686916912293209,8.900205710546047,0.2987242304668581,-2.444328967904937,-0.0699674607624628
66,Train/Low/low00689.png,Train/Normal/normal00689.png,13.112993436816254,0.44642640400229633,9.978636617483993,0.37061458655600443,-3.134356819332261,-0.0758118174462919
67,Train/Low/low00645.png,Train/Normal/normal00645.png,15.288061979487924,0.6051697608473954,10.64939763484613,0.5678997384182872,-4.638664344641795,-0.03727002242910815
68,Train/Low/low00634.png,Train/Normal/normal00634.png,11.523781867117652,0.4952496141421328,10.904793765571764,0.4960811139868921,-0.618988101545888,0.0008314998447592759
69,Train/Low/low00359.png,Train/Normal/normal00359.png,8.504542911809347,0.09016498808019174,8.09357721589788,0.09518327155455895,-0.41096569591146626,0.0050182834743672106
70,Train/Low/low00063.png,Train/Normal/normal00063.png,11.094970448061474,0.470450791233123,6.962677564214582,0.31734835757175783,-4.132292883846892,-0.15310243366136517
71,Train/Low/low00611.png,Train/Normal/normal00611.png,18.36650463611707,0.5445859949707399,14.613087611033976,0.5570307222552855,-3.7534170250830954,0.012444727284545598
72,Train/Low/low00504.png,Train/Normal/normal00504.png,16.428724570034014,0.49984435995491855,12.896984175474625,0.3925948123831246,-3.531740394559389,-0.10724954757179395
73,Train/Low/low00565.png,Train/Normal/normal00565.png,15.310237494566557,0.5003681932474986,17.60433434982311,0.5468364268376754,2.2940968552565515,0.04646823359017682
74,Train/Low/low00682.png,Train/Normal/normal00682.png,14.623884424144372,0.43905211981439596,10.576892325255791,0.3036948293395863,-4.04699209888858,-0.13535729047480966
75,Train/Low/low00125.png,Train/Normal/normal00125.png,11.830792575072081,0.47156337353368305,8.204169452611302,0.4297345187373845,-3.6266231224607797,-0.041828854796298554
76,Train/Low/low00312.png,Train/Normal/normal00312.png,12.40782598751556,0.13185383190836145,12.030553538089288,0.15028160763750817,-0.3772724494262718,0.018427775729146723
77,Train/Low/low00111.png,Train/Normal/normal00111.png,17.89544908107785,0.6466793416172888,10.195880893257307,0.5683952666476595,-7.699568187820542,-0.0782840749696293
78,Train/Low/low00644.png,Train/Normal/normal00644.png,10.539373115316446,0.7345061476320942,17.0930941715762,0.9001159733536771,6.553721056259755,0.1656098257215829
79,Train/Low/low00458.png,Train/Normal/normal00458.png,8.579332252302832,0.09111136167723548,8.234835345615581,0.09302393420844868,-0.34449690668725097,0.0019125725312131997
80,Train/Low/low00435.png,Train/Normal/normal00435.png,10.591423325928213,0.0726900892709431,10.00406356067375,0.08540070414911297,-0.5873597652544635,0.012710614878169865
81,Train/Low/low00340.png,Train/Normal/normal00340.png,7.93917821489165,0.09105812223968399,7.477076919994291,0.09480489904148504,-0.4621012948973595,0.0037467768018010494
82,Train/Low/low00428.png,Train/Normal/normal00428.png,11.015657672845528,0.08937502614582393,9.991078359940113,0.10448464504803681,-1.0245793129054146,0.015109618902212879
83,Train/Low/low00671.png,Train/Normal/normal00671.png,15.230738130444678,0.5148140341592585,11.253158353433586,0.3391552877002074,-3.9775797770110923,-0.1756587464590511
84,Train/Low/low00286.png,Train/Normal/normal00286.png,9.654467530731356,0.0640687834355814,9.640936074951014,0.07723057890709502,-0.013531455780341872,0.013161795471513624
85,Train/Low/low00394.png,Train/Normal/normal00394.png,9.299365698776395,0.13206577935116556,8.722978823345294,0.1314781117300797,-0.5763868754311012,-0.0005876676210858633
86,Train/Low/low00635.png,Train/Normal/normal00635.png,7.303554835930198,0.20773069131315844,4.7241003540536575,0.11805310233319473,-2.5794544818765406,-0.08967758897996371
87,Train/Low/low00211.png,Train/Normal/normal00211.png,5.777953704830134,0.14896793382600323,4.630725419994299,0.10302203586930155,-1.147228284835835,-0.04594589795670169
88,Train/Low/low00171.png,Train/Normal/normal00171.png,13.853083922964304,0.44822137212616814,9.768926688425184,0.360016968657313,-4.08415723453912,-0.08820440346885516
89,Train/Low/low00496.png,Train/Normal/normal00496.png,14.275106980853693,0.5934822385377757,10.19113774489586,0.464714971027113,-4.083969235957833,-0.1287672675106627
90,Train/Low/low00437.png,Train/Normal/normal00437.png,9.902312028589966,0.077175174788239,9.9072525828675,0.09100958110858905,0.004940554277533593,0.013834406320350046
91,Train/Low/low00580.png,Train/Normal/normal00580.png,15.049861449028175,0.5834704364973692,15.077640014451228,0.6221944671070946,0.02777856542305379,0.0387240306097254
92,Train/Low/low00600.png,Train/Normal/normal00600.png,19.438216921224686,0.5399659484455657,11.395010816254281,0.48085060758053677,-8.043206104970405,-0.0591153408650289
93,Train/Low/low00267.png,Train/Normal/normal00267.png,16.765966828762174,0.5562428854337831,11.548734599043815,0.4612449512653138,-5.217232229718359,-0.0949979341684693
94,Train/Low/low00652.png,Train/Normal/normal00652.png,9.815448678337088,0.20873266226502055,8.720955178942571,0.13166406164336264,-1.0944934993945168,-0.0770686006216579
95,Train/Low/low00678.png,Train/Normal/normal00678.png,15.762944492964415,0.5130365891681469,10.734728368288577,0.4285407726678074,-5.028216124675838,-0.0844958165003395
96,Train/Low/low00070.png,Train/Normal/normal00070.png,17.354318125842568,0.6167935727023134,9.497237573780193,0.4851005052117876,-7.857080552062374,-0.13169306749052578
97,Train/Low/low00366.png,Train/Normal/normal00366.png,10.060698457465016,0.1291617904009792,9.445157697993412,0.1326630564523033,-0.6155407594716031,0.0035012660513241145
98,Train/Low/low00145.png,Train/Normal/normal00145.png,15.473509922329942,0.6799104539514014,18.19534713817479,0.755478146410322,2.7218372158448467,0.07556769245892059
99,Train/Low/low00472.png,Train/Normal/normal00472.png,10.848510420793962,0.4905315978652965,6.997798255650163,0.33844102750735133,-3.8507121651437997,-0.15209057035794515
