image_id,split,condition,view,d_dark,d_bright,input_clipping_fraction,type,active
23034,calibration,clean,full,-0.053382888436317444,-0.016478925943374634,0.0022551321890205145,bright,False
23034,calibration,clean,top_left,-0.07777091860771179,-0.04050473868846893,0.0015167363453656435,bright,False
23034,calibration,clean,top_right,-0.047240644693374634,0.000616118311882019,0.0032552084885537624,bright,False
23034,calibration,clean,bottom_left,-0.08958496153354645,-0.05050678551197052,0.0014121338026598096,bright,False
23034,calibration,clean,bottom_right,-0.04075935482978821,-0.030317142605781555,0.0028298611287027597,bright,False
23272,calibration,clean,full,-0.04413299262523651,0.030709266662597656,0.003768094815313816,bright,True
23272,calibration,clean,top_left,-0.04352201521396637,-0.0264853835105896,0.007237871643155813,bright,False
23272,calibration,clean,top_right,-0.012415111064910889,0.03405338525772095,0.0056827072985470295,bright,True
23272,calibration,clean,bottom_left,0.0030227750539779663,-0.022326618432998657,0.0020050860475748777,dark,False
23272,calibration,clean,bottom_right,-0.022492945194244385,0.02853107452392578,0.00014671361714135855,bright,False
25181,calibration,clean,full,0.006122007966041565,-0.03992202877998352,0.028170667588710785,dark,False
25181,calibration,clean,top_left,0.021637842059135437,-0.005223557353019714,0.02350941300392151,dark,False
25181,calibration,clean,top_right,0.01572035253047943,0.0027657002210617065,0.021901041269302368,dark,False
25181,calibration,clean,bottom_left,0.01783931255340576,0.0037838369607925415,0.026072174310684204,dark,False
25181,calibration,clean,bottom_right,0.024159982800483704,0.0014550238847732544,0.04117187485098839,dark,False
25228,calibration,clean,full,0.013739466667175293,0.01191931962966919,0.00013548329297918826,dark,False
25228,calibration,clean,top_left,0.021933913230895996,-0.015594393014907837,3.561253470252268e-05,dark,False
25228,calibration,clean,top_right,0.02440875768661499,-0.004012882709503174,8.865248673828319e-06,dark,False
25228,calibration,clean,bottom_left,0.022367164492607117,0.011454612016677856,0.00020477207726798952,dark,False
25228,calibration,clean,bottom_right,0.012822985649108887,0.0036596208810806274,0.00029255321715027094,dark,False
25394,calibration,clean,full,-0.007473558187484741,0.014282062649726868,0.0006406494649127126,bright,False
25394,calibration,clean,top_left,0.01419992744922638,0.005371153354644775,0.000978090800344944,dark,False
25394,calibration,clean,top_right,0.04216177761554718,-0.01140660047531128,0.0011052426416426897,dark,True
25394,calibration,clean,bottom_left,-0.022404029965400696,0.016329020261764526,8.802817319519818e-05,bright,False
25394,calibration,clean,bottom_right,-0.03291685879230499,0.005108088254928589,0.0003912363317795098,bright,False
25560,calibration,clean,full,-0.013884484767913818,0.019011080265045166,0.0006846635369583964,bright,False
25560,calibration,clean,top_left,-4.729628562927246e-05,0.011563330888748169,0.001731220749206841,bright,False
25560,calibration,clean,top_right,0.028957724571228027,0.005715429782867432,0.0004792644758708775,dark,True
25560,calibration,clean,bottom_left,-0.031939923763275146,-0.004027232527732849,0.0003912363317795098,bright,False
25560,calibration,clean,bottom_right,-0.01624879240989685,-0.017581239342689514,0.0001369327073916793,dark,False
33221,evaluation,clean,full,-0.020671382546424866,0.021654188632965088,0.044550783932209015,bright,False
33221,evaluation,clean,top_left,-0.0016172975301742554,0.021594122052192688,0.17268230020999908,bright,False
33221,evaluation,clean,top_right,-0.013784676790237427,0.0172814279794693,0.004088541958481073,bright,False
33221,evaluation,clean,bottom_left,-0.01934976875782013,0.02851930260658264,0.0006249999860301614,bright,False
33221,evaluation,clean,bottom_right,-0.03919288516044617,0.008840247988700867,0.0008072917116805911,bright,False
33221,evaluation,homogeneous_dark,full,0.028507784008979797,0.027681216597557068,0.00021267362171784043,dark,True
33221,evaluation,homogeneous_dark,top_left,0.029182687401771545,0.026590466499328613,4.340277882874943e-05,dark,True
33221,evaluation,homogeneous_dark,top_right,0.015944331884384155,0.0071420818567276,6.944444612599909e-05,dark,False
33221,evaluation,homogeneous_dark,bottom_left,0.008885473012924194,0.030015110969543457,0.0006076389108784497,bright,True
33221,evaluation,homogeneous_dark,bottom_right,-0.006031408905982971,0.016563430428504944,0.0001302083401242271,bright,False
33221,evaluation,homogeneous_bright,full,-0.0515395849943161,0.03386129438877106,0.45294487476348877,bright,True
33221,evaluation,homogeneous_bright,top_left,-0.01223631203174591,0.015289276838302612,0.768871545791626,bright,False
33221,evaluation,homogeneous_bright,top_right,-0.021274566650390625,0.024035662412643433,0.6999479532241821,bright,False
33221,evaluation,homogeneous_bright,bottom_left,-0.034395650029182434,0.03551079332828522,0.15439236164093018,bright,True
33221,evaluation,homogeneous_bright,bottom_right,-0.05643762648105621,0.00923098623752594,0.18856771290302277,bright,False
33221,evaluation,left_right,full,-0.02321109175682068,0.01117841899394989,0.22229167819023132,bright,False
33221,evaluation,left_right,top_left,0.029182687401771545,0.026590466499328613,4.340277882874943e-05,dark,True
33221,evaluation,left_right,top_right,-0.021274566650390625,0.024035662412643433,0.6999479532241821,bright,False
33221,evaluation,left_right,bottom_left,0.008885473012924194,0.030015110969543457,0.0006076389108784497,bright,True
33221,evaluation,left_right,bottom_right,-0.05643762648105621,0.00923098623752594,0.18856771290302277,bright,False
33221,evaluation,quadrants,full,-0.014766499400138855,0.013866186141967773,0.21362847089767456,bright,False
33221,evaluation,quadrants,top_left,0.029182687401771545,0.026590466499328613,4.340277882874943e-05,dark,True
33221,evaluation,quadrants,top_right,-0.021274566650390625,0.024035662412643433,0.6999479532241821,bright,False
33221,evaluation,quadrants,bottom_left,-0.034395650029182434,0.03551079332828522,0.15439236164093018,bright,True
33221,evaluation,quadrants,bottom_right,-0.006031408905982971,0.016563430428504944,0.0001302083401242271,bright,False
33221,evaluation,smooth_gradient,full,-0.01985548436641693,0.02573050558567047,0.15807509422302246,bright,False
33221,evaluation,smooth_gradient,top_left,-0.0002525150775909424,0.010593041777610779,4.340277882874943e-05,bright,False
33221,evaluation,smooth_gradient,top_right,-0.020727410912513733,0.024557605385780334,0.565538227558136,bright,False
33221,evaluation,smooth_gradient,bottom_left,-0.010563701391220093,0.029892683029174805,0.0006076389108784497,bright,True
33221,evaluation,smooth_gradient,bottom_right,-0.05137258768081665,0.007784411311149597,0.06611111015081406,bright,False
33368,evaluation,clean,full,0.004870980978012085,0.04223667085170746,0.03876348212361336,bright,True
33368,evaluation,clean,top_left,0.02608126401901245,0.04566952586174011,0.0685669407248497,bright,True
33368,evaluation,clean,top_right,0.037017256021499634,0.022569552063941956,0.07629881054162979,dark,True
33368,evaluation,clean,bottom_left,-0.023922085762023926,0.04417546093463898,0.0028038194868713617,bright,True
33368,evaluation,clean,bottom_right,-0.021155178546905518,0.03606042265892029,0.0076649305410683155,bright,True
33368,evaluation,homogeneous_dark,full,0.035331398248672485,0.044000640511512756,0.03752826899290085,bright,True
33368,evaluation,homogeneous_dark,top_left,0.061362624168395996,0.03117954730987549,0.0677301213145256,dark,True
33368,evaluation,homogeneous_dark,top_right,0.0699780285358429,0.017461732029914856,0.07628137618303299,dark,True
33368,evaluation,homogeneous_dark,bottom_left,0.01389971375465393,0.02406582236289978,0.0003124999930150807,bright,False
33368,evaluation,homogeneous_dark,bottom_right,0.014790177345275879,0.02944888174533844,0.006076388992369175,bright,False
33368,evaluation,homogeneous_bright,full,-0.0133228600025177,0.04877236485481262,0.30459287762641907,bright,True
33368,evaluation,homogeneous_bright,top_left,0.016638532280921936,0.057738691568374634,0.19986924529075623,bright,True
33368,evaluation,homogeneous_bright,top_right,0.019802719354629517,0.03398466110229492,0.21671023964881897,bright,True
33368,evaluation,homogeneous_bright,bottom_left,-0.040117666125297546,0.042056307196617126,0.4210677146911621,bright,True
33368,evaluation,homogeneous_bright,bottom_right,-0.03063349425792694,0.04592244327068329,0.37992188334465027,bright,True
33368,evaluation,left_right,full,0.004836380481719971,0.023085027933120728,0.16621868312358856,bright,False
33368,evaluation,left_right,top_left,0.061362624168395996,0.03117954730987549,0.0677301213145256,dark,True
33368,evaluation,left_right,top_right,0.019802719354629517,0.03398466110229492,0.21671023964881897,bright,True
33368,evaluation,left_right,bottom_left,0.01389971375465393,0.02406582236289978,0.0003124999930150807,bright,False
33368,evaluation,left_right,bottom_right,-0.03063349425792694,0.04592244327068329,0.37992188334465027,bright,True
33368,evaluation,quadrants,full,0.0006334632635116577,0.030957147479057312,0.17797058820724487,bright,True
33368,evaluation,quadrants,top_left,0.061362624168395996,0.03117954730987549,0.0677301213145256,dark,True
33368,evaluation,quadrants,top_right,0.019802719354629517,0.03398466110229492,0.21671023964881897,bright,True
33368,evaluation,quadrants,bottom_left,-0.040117666125297546,0.042056307196617126,0.4210677146911621,bright,True
33368,evaluation,quadrants,bottom_right,0.014790177345275879,0.02944888174533844,0.006076388992369175,bright,False
33368,evaluation,smooth_gradient,full,0.022064372897148132,0.03828601539134979,0.10654575377702713,bright,True
33368,evaluation,smooth_gradient,top_left,0.040037140250205994,0.036799877882003784,0.0677301213145256,dark,True
33368,evaluation,smooth_gradient,top_right,0.032427117228507996,0.023697704076766968,0.14987795054912567,dark,True
33368,evaluation,smooth_gradient,bottom_left,-0.025898128747940063,0.02678026258945465,0.0003124999930150807,bright,False
33368,evaluation,smooth_gradient,bottom_right,-0.012618094682693481,0.043385714292526245,0.2082812488079071,bright,True
39405,evaluation,clean,full,0.013744309544563293,0.016689002513885498,0.0010269953636452556,bright,False
39405,evaluation,clean,top_left,0.02778807282447815,0.01236926019191742,0.0003227699489798397,dark,True
39405,evaluation,clean,top_right,0.014195933938026428,0.01853311061859131,0.0003814554074779153,bright,False
39405,evaluation,clean,bottom_left,0.00783798098564148,0.007564440369606018,0.0013693270739167929,dark,False
39405,evaluation,clean,bottom_right,0.02385815978050232,0.006037667393684387,0.0020344287622720003,dark,False
39405,evaluation,homogeneous_dark,full,0.02813608944416046,0.009573802351951599,0.0010269953636452556,dark,True
39405,evaluation,homogeneous_dark,top_left,0.04717762768268585,0.009276002645492554,0.0003227699489798397,dark,True
39405,evaluation,homogeneous_dark,top_right,0.02753564715385437,0.01688617467880249,0.0003814554074779153,dark,True
39405,evaluation,homogeneous_dark,bottom_left,0.025627732276916504,0.0034690946340560913,0.0013693270739167929,dark,False
39405,evaluation,homogeneous_dark,bottom_right,0.03964591026306152,0.00405256450176239,0.0020344287622720003,dark,True
39405,evaluation,homogeneous_bright,full,0.0024083852767944336,0.016694054007530212,0.0036800666712224483,bright,False
39405,evaluation,homogeneous_bright,top_left,0.013210266828536987,0.01752758026123047,0.008098592050373554,bright,False
39405,evaluation,homogeneous_bright,top_right,0.005136460065841675,0.024051547050476074,0.003080985974520445,bright,False
39405,evaluation,homogeneous_bright,bottom_left,0.0004888176918029785,0.006648123264312744,0.001428012503311038,bright,False
39405,evaluation,homogeneous_bright,bottom_right,0.01736178994178772,0.011312201619148254,0.0021126761566847563,dark,False
39405,evaluation,left_right,full,0.005946889519691467,0.004605516791343689,0.0017214397666975856,dark,False
39405,evaluation,left_right,top_left,0.04717762768268585,0.009276002645492554,0.0003227699489798397,dark,True
39405,evaluation,left_right,top_right,0.005136460065841675,0.024051547050476074,0.003080985974520445,bright,False
39405,evaluation,left_right,bottom_left,0.025627732276916504,0.0034690946340560913,0.0013693270739167929,dark,False
39405,evaluation,left_right,bottom_right,0.01736178994178772,0.011312201619148254,0.0021126761566847563,dark,False
39405,evaluation,quadrants,full,0.0008389502763748169,0.012483581900596619,0.0017165493918582797,bright,False
39405,evaluation,quadrants,top_left,0.04717762768268585,0.009276002645492554,0.0003227699489798397,dark,True
39405,evaluation,quadrants,top_right,0.005136460065841675,0.024051547050476074,0.003080985974520445,bright,False
39405,evaluation,quadrants,bottom_left,0.0004888176918029785,0.006648123264312744,0.001428012503311038,bright,False
39405,evaluation,quadrants,bottom_right,0.03964591026306152,0.00405256450176239,0.0020344287622720003,dark,True
39405,evaluation,smooth_gradient,full,0.01587173342704773,0.011871621012687683,0.0010294405510649085,dark,False
39405,evaluation,smooth_gradient,top_left,0.042921364307403564,0.011950328946113586,0.0003227699489798397,dark,True
39405,evaluation,smooth_gradient,top_right,0.010878488421440125,0.021256357431411743,0.0003912363317795098,bright,False
39405,evaluation,smooth_gradient,bottom_left,0.014825373888015747,0.006021752953529358,0.0013693270739167929,dark,False
39405,evaluation,smooth_gradient,bottom_right,0.022858425974845886,0.008158907294273376,0.0020344287622720003,dark,False
40036,evaluation,clean,full,-0.02688060700893402,-0.006174251437187195,0.0025987299159169197,bright,False
40036,evaluation,clean,top_left,-0.002711087465286255,0.007206663489341736,0.0007758019492030144,bright,False
40036,evaluation,clean,top_right,-0.024312138557434082,0.017466992139816284,0.0046440972946584225,bright,False
40036,evaluation,clean,bottom_left,-0.011804401874542236,-0.009430691599845886,0.0016823569312691689,bright,False
40036,evaluation,clean,bottom_right,-0.031075075268745422,0.0016575455665588379,0.0032812501303851604,bright,False
40036,evaluation,homogeneous_dark,full,0.005205333232879639,-0.002810269594192505,0.0006263047689571977,dark,False
40036,evaluation,homogeneous_dark,top_left,0.03320293128490448,-0.002005279064178467,0.00019177126523572952,dark,True
40036,evaluation,homogeneous_dark,top_right,-0.005650341510772705,0.023284897208213806,0.0016927083488553762,bright,False
40036,evaluation,homogeneous_dark,bottom_left,0.020016729831695557,-0.0191495418548584,0.00022663876006845385,dark,False
40036,evaluation,homogeneous_dark,bottom_right,0.004743337631225586,-0.00016142427921295166,0.0003906250058207661,dark,False
40036,evaluation,homogeneous_bright,full,-0.032676830887794495,0.004951581358909607,0.16774964332580566,bright,False
40036,evaluation,homogeneous_bright,top_left,-0.013641983270645142,0.012262865900993347,0.08213911950588226,bright,False
40036,evaluation,homogeneous_bright,top_right,-0.039630576968193054,0.02308236062526703,0.2957899272441864,bright,False
40036,evaluation,homogeneous_bright,bottom_left,-0.014972865581512451,-0.0032329410314559937,0.11249999701976776,bright,False
40036,evaluation,homogeneous_bright,bottom_right,-0.03834898769855499,0.005437061190605164,0.17998264729976654,bright,False
40036,evaluation,left_right,full,-0.022878497838974,-0.008388280868530273,0.11929583549499512,bright,False
40036,evaluation,left_right,top_left,0.03320293128490448,-0.002005279064178467,0.00019177126523572952,dark,True
40036,evaluation,left_right,top_right,-0.039630576968193054,0.02308236062526703,0.2957899272441864,bright,False
40036,evaluation,left_right,bottom_left,0.020016729831695557,-0.0191495418548584,0.00022663876006845385,dark,False
40036,evaluation,left_right,bottom_right,-0.03834898769855499,0.005437061190605164,0.17998264729976654,bright,False
40036,evaluation,quadrants,full,-0.023450076580047607,-0.007908657193183899,0.10231384634971619,bright,False
40036,evaluation,quadrants,top_left,0.03320293128490448,-0.002005279064178467,0.00019177126523572952,dark,True
40036,evaluation,quadrants,top_right,-0.039630576968193054,0.02308236062526703,0.2957899272441864,bright,False
40036,evaluation,quadrants,bottom_left,-0.014972865581512451,-0.0032329410314559937,0.11249999701976776,bright,False
40036,evaluation,quadrants,bottom_right,0.004743337631225586,-0.00016142427921295166,0.0003906250058207661,dark,False
40036,evaluation,smooth_gradient,full,-0.021799519658088684,-0.005492165684700012,0.06713639199733734,bright,False
40036,evaluation,smooth_gradient,top_left,0.009527653455734253,0.0037132352590560913,0.00019177126523572952,dark,False
40036,evaluation,smooth_gradient,top_right,-0.03840106725692749,0.01766522228717804,0.14384548366069794,bright,False
40036,evaluation,smooth_gradient,bottom_left,0.002753123641014099,-0.008258581161499023,0.00022663876006845385,dark,False
40036,evaluation,smooth_gradient,bottom_right,-0.03649602830410004,0.003333374857902527,0.12372396141290665,bright,False
42070,evaluation,clean,full,0.01896710693836212,0.0044898539781570435,0.00232812506146729,dark,False
42070,evaluation,clean,top_left,0.010425373911857605,0.0033136457204818726,0.0006249999860301614,dark,False
42070,evaluation,clean,top_right,0.006201073527336121,0.02177572250366211,0.0031458332668989897,bright,False
42070,evaluation,clean,bottom_left,0.0059391409158706665,0.008579164743423462,0.0018645833479240537,bright,False
42070,evaluation,clean,bottom_right,0.0009632706642150879,-0.01222662627696991,0.0036770831793546677,dark,False
42070,evaluation,homogeneous_dark,full,0.039082661271095276,0.019587218761444092,0.0005520833074115217,dark,True
42070,evaluation,homogeneous_dark,top_left,0.03803817927837372,0.006296053528785706,0.0,dark,True
42070,evaluation,homogeneous_dark,top_right,0.03174595534801483,0.021350547671318054,2.0833333110203966e-05,dark,True
42070,evaluation,homogeneous_dark,bottom_left,0.014902487397193909,-0.003741338849067688,0.0014062499394640326,dark,False
42070,evaluation,homogeneous_dark,bottom_right,0.009665057063102722,-0.010640144348144531,0.0007812500116415322,dark,False
42070,evaluation,homogeneous_bright,full,0.01096983253955841,0.01319161057472229,0.32488542795181274,bright,False
42070,evaluation,homogeneous_bright,top_left,0.012327954173088074,0.016221612691879272,0.3245208263397217,bright,False
42070,evaluation,homogeneous_bright,top_right,0.024445265531539917,0.03876599669456482,0.43681249022483826,bright,True
42070,evaluation,homogeneous_bright,bottom_left,0.004611492156982422,0.008233845233917236,0.15440624952316284,bright,False
42070,evaluation,homogeneous_bright,bottom_right,-0.0042846351861953735,-0.009882792830467224,0.3838020861148834,dark,False
42070,evaluation,left_right,full,0.013025760650634766,0.010105684399604797,0.20550520718097687,dark,False
42070,evaluation,left_right,top_left,0.03803817927837372,0.006296053528785706,0.0,dark,True
42070,evaluation,left_right,top_right,0.024445265531539917,0.03876599669456482,0.43681249022483826,bright,True
42070,evaluation,left_right,bottom_left,0.014902487397193909,-0.003741338849067688,0.0014062499394640326,dark,False
42070,evaluation,left_right,bottom_right,-0.0042846351861953735,-0.009882792830467224,0.3838020861148834,dark,False
42070,evaluation,quadrants,full,0.02111130952835083,0.003550127148628235,0.14800000190734863,dark,False
42070,evaluation,quadrants,top_left,0.03803817927837372,0.006296053528785706,0.0,dark,True
42070,evaluation,quadrants,top_right,0.024445265531539917,0.03876599669456482,0.43681249022483826,bright,True
42070,evaluation,quadrants,bottom_left,0.004611492156982422,0.008233845233917236,0.15440624952316284,bright,False
42070,evaluation,quadrants,bottom_right,0.009665057063102722,-0.010640144348144531,0.0007812500116415322,dark,False
42070,evaluation,smooth_gradient,full,0.015416860580444336,0.006129816174507141,0.1590416580438614,dark,False
42070,evaluation,smooth_gradient,top_left,0.027715876698493958,0.0062408000230789185,0.0,dark,True
42070,evaluation,smooth_gradient,top_right,0.02122841775417328,0.027480140328407288,0.39926040172576904,bright,False
42070,evaluation,smooth_gradient,bottom_left,0.011375486850738525,0.0041105300188064575,0.0014062499394640326,dark,False
42070,evaluation,smooth_gradient,bottom_right,-0.0042636096477508545,-0.011146977543830872,0.23549999296665192,dark,False
44260,evaluation,clean,full,-0.05938185751438141,-0.04000179469585419,6.49688172416063e-06,bright,False
44260,evaluation,clean,top_left,-0.036257997155189514,-0.02402050793170929,8.680555765749887e-06,bright,False
44260,evaluation,clean,top_right,-0.06220567226409912,-0.05174511671066284,0.0,bright,False
44260,evaluation,clean,bottom_left,-0.03929990530014038,-0.003444880247116089,8.680555765749887e-06,bright,False
44260,evaluation,clean,bottom_right,-0.04781255125999451,-0.038289591670036316,8.644537047075573e-06,bright,False
44260,evaluation,homogeneous_dark,full,-0.016276568174362183,-0.05130577087402344,0.0,dark,False
44260,evaluation,homogeneous_dark,top_left,0.011277452111244202,-0.024514615535736084,0.0,dark,False
44260,evaluation,homogeneous_dark,top_right,-0.013914108276367188,-0.05855342745780945,0.0,dark,False
44260,evaluation,homogeneous_dark,bottom_left,0.001370847225189209,-0.01772172749042511,0.0,dark,False
44260,evaluation,homogeneous_dark,bottom_right,-0.0006879866123199463,-0.042662397027015686,0.0,dark,False
44260,evaluation,homogeneous_bright,full,-0.07726024091243744,-0.02884790301322937,0.14185941219329834,bright,False
44260,evaluation,homogeneous_bright,top_left,-0.04823267459869385,-0.016368284821510315,0.09942708909511566,bright,False
44260,evaluation,homogeneous_bright,top_right,-0.08247120678424835,-0.046158358454704285,0.11724585294723511,bright,False
44260,evaluation,homogeneous_bright,bottom_left,-0.0435413122177124,0.02072042226791382,0.21372395753860474,bright,False
44260,evaluation,homogeneous_bright,bottom_right,-0.06615142524242401,-0.03261284530162811,0.13716286420822144,bright,False
44260,evaluation,left_right,full,-0.057513490319252014,-0.0559697151184082,0.06373440474271774,bright,False
44260,evaluation,left_right,top_left,0.011277452111244202,-0.024514615535736084,0.0,dark,False
44260,evaluation,left_right,top_right,-0.08247120678424835,-0.046158358454704285,0.11724585294723511,bright,False
44260,evaluation,left_right,bottom_left,0.001370847225189209,-0.01772172749042511,0.0,dark,False
44260,evaluation,left_right,bottom_right,-0.06615142524242401,-0.03261284530162811,0.13716286420822144,bright,False
44260,evaluation,quadrants,full,-0.05107799172401428,-0.02873365581035614,0.08269231021404266,bright,False
44260,evaluation,quadrants,top_left,0.011277452111244202,-0.024514615535736084,0.0,dark,False
44260,evaluation,quadrants,top_right,-0.08247120678424835,-0.046158358454704285,0.11724585294723511,bright,False
44260,evaluation,quadrants,bottom_left,-0.0435413122177124,0.02072042226791382,0.21372395753860474,bright,False
44260,evaluation,quadrants,bottom_right,-0.0006879866123199463,-0.042662397027015686,0.0,dark,False
44260,evaluation,smooth_gradient,full,-0.05519817769527435,-0.041284382343292236,0.025991857051849365,bright,False
44260,evaluation,smooth_gradient,top_left,-0.011316463351249695,-0.026043057441711426,0.0,dark,False
44260,evaluation,smooth_gradient,top_right,-0.07255266606807709,-0.049358874559402466,0.052135203033685684,bright,False
44260,evaluation,smooth_gradient,bottom_left,-0.016278550028800964,-0.0048809051513671875,0.0,bright,False
44260,evaluation,smooth_gradient,bottom_right,-0.0581325888633728,-0.03678993880748749,0.05161653086543083,bright,False
46872,evaluation,clean,full,-0.02630791813135147,0.002488076686859131,0.0036966220941394567,bright,False
46872,evaluation,clean,top_left,-0.027712181210517883,-0.017852917313575745,0.003264687256887555,bright,False
46872,evaluation,clean,top_right,-0.028636112809181213,0.0035941749811172485,0.0025047711096704006,bright,False
46872,evaluation,clean,bottom_left,0.007184833288192749,0.012365788221359253,0.00813378021121025,bright,False
46872,evaluation,clean,bottom_right,-0.020696282386779785,0.01447094976902008,0.0008985368767753243,bright,False
46872,evaluation,homogeneous_dark,full,-0.002048984169960022,0.004777267575263977,0.0028023424092680216,bright,False
46872,evaluation,homogeneous_dark,top_left,-0.005295053124427795,-0.01841801404953003,0.001995529979467392,dark,False
46872,evaluation,homogeneous_dark,top_right,0.016980215907096863,0.004478171467781067,0.0004452926223166287,dark,False
46872,evaluation,homogeneous_dark,bottom_left,0.03309120237827301,0.0047609806060791016,0.008117816410958767,dark,True
46872,evaluation,homogeneous_dark,bottom_right,0.007969915866851807,0.009431183338165283,0.0006679389625787735,bright,False
46872,evaluation,homogeneous_bright,full,-0.03279940038919449,0.013298124074935913,0.15935906767845154,bright,False
46872,evaluation,homogeneous_bright,top_left,-0.039096400141716,-0.009946882724761963,0.10614623129367828,bright,False
46872,evaluation,homogeneous_bright,top_right,-0.043591782450675964,0.00648854672908783,0.23996500670909882,bright,False
46872,evaluation,homogeneous_bright,bottom_left,-0.0006040036678314209,0.01866289973258972,0.07792943716049194,bright,False
46872,evaluation,homogeneous_bright,bottom_right,-0.04441310465335846,0.01916283369064331,0.2128816843032837,bright,False
46872,evaluation,left_right,full,-0.021312370896339417,-0.0021891742944717407,0.11595164239406586,bright,False
46872,evaluation,left_right,top_left,-0.005295053124427795,-0.01841801404953003,0.001995529979467392,dark,False
46872,evaluation,left_right,top_right,-0.043591782450675964,0.00648854672908783,0.23996500670909882,bright,False
46872,evaluation,left_right,bottom_left,0.03309120237827301,0.0047609806060791016,0.008117816410958767,dark,True
46872,evaluation,left_right,bottom_right,-0.04441310465335846,0.01916283369064331,0.2128816843032837,bright,False
46872,evaluation,quadrants,full,-0.02321542799472809,-0.00797116756439209,0.08021630346775055,bright,False
46872,evaluation,quadrants,top_left,-0.005295053124427795,-0.01841801404953003,0.001995529979467392,dark,False
46872,evaluation,quadrants,top_right,-0.043591782450675964,0.00648854672908783,0.23996500670909882,bright,False
46872,evaluation,quadrants,bottom_left,-0.0006040036678314209,0.01866289973258972,0.07792943716049194,bright,False
46872,evaluation,quadrants,bottom_right,0.007969915866851807,0.009431183338165283,0.0006679389625787735,bright,False
46872,evaluation,smooth_gradient,full,-0.0236797034740448,0.0029408037662506104,0.06580226123332977,bright,False
46872,evaluation,smooth_gradient,top_left,-0.015803739428520203,-0.021326273679733276,0.001995529979467392,dark,False
46872,evaluation,smooth_gradient,top_right,-0.042154520750045776,0.0074780285358428955,0.1640823781490326,bright,False
46872,evaluation,smooth_gradient,bottom_left,0.020471319556236267,0.006813511252403259,0.008117816410958767,dark,False
46872,evaluation,smooth_gradient,bottom_right,-0.028318271040916443,0.020278751850128174,0.08854962140321732,bright,False
50145,evaluation,clean,full,-0.006809204816818237,0.005206510424613953,0.11988281458616257,bright,False
50145,evaluation,clean,top_left,-0.028989583253860474,-0.01890219748020172,0.15195313096046448,bright,False
50145,evaluation,clean,top_right,-0.00883224606513977,0.018722981214523315,0.17994792759418488,bright,False
50145,evaluation,clean,bottom_left,-0.01006227731704712,0.011018529534339905,0.10028646141290665,bright,False
50145,evaluation,clean,bottom_right,-0.0037605464458465576,0.001913607120513916,0.047343749552965164,bright,False
50145,evaluation,homogeneous_dark,full,0.01939930021762848,0.012412235140800476,0.03854817897081375,dark,False
50145,evaluation,homogeneous_dark,top_left,0.010997310280799866,-0.017518699169158936,0.023880209773778915,dark,False
50145,evaluation,homogeneous_dark,top_right,0.021074652671813965,0.00707051157951355,0.00572916679084301,dark,False
50145,evaluation,homogeneous_dark,bottom_left,0.01829668879508972,0.005565732717514038,0.07914062589406967,dark,False
50145,evaluation,homogeneous_dark,bottom_right,0.0225553959608078,0.0034698843955993652,0.04544270783662796,dark,False
50145,evaluation,homogeneous_bright,full,-0.010100260376930237,0.009269550442695618,0.5179492235183716,bright,False
50145,evaluation,homogeneous_bright,top_left,-0.00957496464252472,0.0007767230272293091,0.7332812547683716,bright,False
50145,evaluation,homogeneous_bright,top_right,-0.010175541043281555,0.015330702066421509,0.80796879529953,bright,False
50145,evaluation,homogeneous_bright,bottom_left,-0.014048904180526733,0.02908247709274292,0.35229167342185974,bright,False
50145,evaluation,homogeneous_bright,bottom_right,-0.019886493682861328,0.013359487056732178,0.17825521528720856,bright,False
50145,evaluation,left_right,full,-0.012967094779014587,-0.0009648799896240234,0.2723112106323242,bright,False
50145,evaluation,left_right,top_left,0.010997310280799866,-0.017518699169158936,0.023880209773778915,dark,False
50145,evaluation,left_right,top_right,-0.010175541043281555,0.015330702066421509,0.80796879529953,bright,False
50145,evaluation,left_right,bottom_left,0.01829668879508972,0.005565732717514038,0.07914062589406967,dark,False
50145,evaluation,left_right,bottom_right,-0.019886493682861328,0.013359487056732178,0.17825521528720856,bright,False
50145,evaluation,quadrants,full,-0.0065609365701675415,0.0024992674589157104,0.3073958456516266,bright,False
50145,evaluation,quadrants,top_left,0.010997310280799866,-0.017518699169158936,0.023880209773778915,dark,False
50145,evaluation,quadrants,top_right,-0.010175541043281555,0.015330702066421509,0.80796879529953,bright,False
50145,evaluation,quadrants,bottom_left,-0.014048904180526733,0.02908247709274292,0.35229167342185974,bright,False
50145,evaluation,quadrants,bottom_right,0.0225553959608078,0.0034698843955993652,0.04544270783662796,dark,False
50145,evaluation,smooth_gradient,full,-0.0048322975635528564,0.005454301834106445,0.23455078899860382,bright,False
50145,evaluation,smooth_gradient,top_left,-0.00013941526412963867,-0.020579352974891663,0.023880209773778915,dark,False
50145,evaluation,smooth_gradient,top_right,-0.013293176889419556,0.011654749512672424,0.7571354508399963,bright,False
50145,evaluation,smooth_gradient,bottom_left,0.011219650506973267,0.007686972618103027,0.07914062589406967,dark,False
50145,evaluation,smooth_gradient,bottom_right,-0.015732422471046448,0.004832789301872253,0.07804687321186066,bright,False
51598,evaluation,clean,full,-0.009471610188484192,0.009647831320762634,0.00455545773729682,bright,False
51598,evaluation,clean,top_left,-0.0071065425872802734,0.005497246980667114,0.006176643539220095,bright,False
51598,evaluation,clean,top_right,-0.004464894533157349,0.007892876863479614,0.00022007043298799545,bright,False
51598,evaluation,clean,bottom_left,-0.019715696573257446,0.00011026859283447266,0.004408744163811207,bright,False
51598,evaluation,clean,bottom_right,-0.0017767250537872314,-0.011025846004486084,0.007416373584419489,dark,False
51598,evaluation,homogeneous_dark,full,0.008737757802009583,0.0020653903484344482,0.0030901555437594652,dark,False
51598,evaluation,homogeneous_dark,top_left,0.015235304832458496,0.009366154670715332,0.0005355047178454697,dark,False
51598,evaluation,homogeneous_dark,top_right,0.0063803791999816895,0.010176241397857666,0.0,bright,False
51598,evaluation,homogeneous_dark,bottom_left,0.006507307291030884,-0.0020194947719573975,0.004408744163811207,dark,False
51598,evaluation,homogeneous_dark,bottom_right,0.01294015347957611,-0.015142694115638733,0.007416373584419489,dark,False
51598,evaluation,homogeneous_bright,full,-0.015359893441200256,0.014389768242835999,0.31744059920310974,bright,False
51598,evaluation,homogeneous_bright,top_left,-0.013796478509902954,-0.0012065768241882324,0.5281323790550232,bright,False
51598,evaluation,homogeneous_bright,top_right,-0.010454237461090088,0.009181946516036987,0.49367666244506836,bright,False
51598,evaluation,homogeneous_bright,bottom_left,-0.019961968064308167,0.002479270100593567,0.12391432374715805,bright,False
51598,evaluation,homogeneous_bright,bottom_right,-0.004591032862663269,-0.0025237351655960083,0.12403903156518936,bright,False
51598,evaluation,left_right,full,0.006057828664779663,0.0006420612335205078,0.15566498041152954,dark,False
51598,evaluation,left_right,top_left,0.015235304832458496,0.009366154670715332,0.0005355047178454697,dark,False
51598,evaluation,left_right,top_right,-0.010454237461090088,0.009181946516036987,0.49367666244506836,bright,False
51598,evaluation,left_right,bottom_left,0.006507307291030884,-0.0020194947719573975,0.004408744163811207,dark,False
51598,evaluation,left_right,bottom_right,-0.004591032862663269,-0.0025237351655960083,0.12403903156518936,bright,False
51598,evaluation,quadrants,full,0.013870865106582642,0.006337791681289673,0.15638571977615356,dark,False
51598,evaluation,quadrants,top_left,0.015235304832458496,0.009366154670715332,0.0005355047178454697,dark,False
51598,evaluation,quadrants,top_right,-0.010454237461090088,0.009181946516036987,0.49367666244506836,bright,False
51598,evaluation,quadrants,bottom_left,-0.019961968064308167,0.002479270100593567,0.12391432374715805,bright,False
51598,evaluation,quadrants,bottom_right,0.01294015347957611,-0.015142694115638733,0.007416373584419489,dark,False
51598,evaluation,smooth_gradient,full,0.015991806983947754,0.017604321241378784,0.09502274543046951,bright,False
51598,evaluation,smooth_gradient,top_left,0.009899497032165527,0.01190561056137085,0.0005355047178454697,bright,False
51598,evaluation,smooth_gradient,top_right,-0.005404561758041382,0.009171247482299805,0.33002495765686035,bright,False
51598,evaluation,smooth_gradient,bottom_left,-0.0011624395847320557,-0.0037682652473449707,0.004408744163811207,dark,False
51598,evaluation,smooth_gradient,bottom_right,-0.0019104480743408203,-0.00766831636428833,0.045121774077415466,dark,False
54593,evaluation,clean,full,-0.017112702131271362,0.028858572244644165,0.001650574035011232,bright,False
54593,evaluation,clean,top_left,0.0051043033599853516,0.006615668535232544,0.0017346582608297467,bright,False
54593,evaluation,clean,top_right,-0.017513170838356018,0.014524385333061218,0.003585069440305233,bright,False
54593,evaluation,clean,bottom_left,-0.04259529709815979,0.012920916080474854,0.00041841002530418336,bright,False
54593,evaluation,clean,bottom_right,-0.017337530851364136,0.025747671723365784,0.0008593749953433871,bright,False
54593,evaluation,homogeneous_dark,full,0.014641374349594116,0.023527100682258606,0.0010264439042657614,bright,False
54593,evaluation,homogeneous_dark,top_left,0.01888735592365265,0.007597371935844421,0.0013075313763692975,dark,False
54593,evaluation,homogeneous_dark,top_right,0.019842401146888733,0.008637845516204834,0.0026909722946584225,dark,False
54593,evaluation,homogeneous_dark,bottom_left,-0.016598790884017944,0.00407564640045166,4.358437581686303e-05,bright,False
54593,evaluation,homogeneous_dark,bottom_right,0.01596301794052124,0.014789417386054993,6.0763890360249206e-05,dark,False
54593,evaluation,homogeneous_bright,full,-0.030649378895759583,0.039548009634017944,0.3108885586261749,bright,True
54593,evaluation,homogeneous_bright,top_left,-0.006884917616844177,0.015037864446640015,0.03652370721101761,bright,False
54593,evaluation,homogeneous_bright,top_right,-0.028423279523849487,0.015235960483551025,0.055477432906627655,bright,False
54593,evaluation,homogeneous_bright,bottom_left,-0.04550866782665253,0.023192524909973145,0.5240498185157776,bright,False
54593,evaluation,homogeneous_bright,bottom_right,-0.019216403365135193,0.03488913178443909,0.6272482872009277,bright,True
54593,evaluation,left_right,full,-0.012093305587768555,0.022596612572669983,0.17137481272220612,bright,False
54593,evaluation,left_right,top_left,0.01888735592365265,0.007597371935844421,0.0013075313763692975,dark,False
54593,evaluation,left_right,top_right,-0.028423279523849487,0.015235960483551025,0.055477432906627655,bright,False
54593,evaluation,left_right,bottom_left,-0.016598790884017944,0.00407564640045166,4.358437581686303e-05,bright,False
54593,evaluation,left_right,bottom_right,-0.019216403365135193,0.03488913178443909,0.6272482872009277,bright,True
54593,evaluation,quadrants,full,-0.00902925431728363,0.024744465947151184,0.14497868716716766,bright,False
54593,evaluation,quadrants,top_left,0.01888735592365265,0.007597371935844421,0.0013075313763692975,dark,False
54593,evaluation,quadrants,top_right,-0.028423279523849487,0.015235960483551025,0.055477432906627655,bright,False
54593,evaluation,quadrants,bottom_left,-0.04550866782665253,0.023192524909973145,0.5240498185157776,bright,False
54593,evaluation,quadrants,bottom_right,0.01596301794052124,0.014789417386054993,6.0763890360249206e-05,dark,False
54593,evaluation,smooth_gradient,full,-0.007176682353019714,0.033390775322914124,0.05972512066364288,bright,True
54593,evaluation,smooth_gradient,top_left,0.013289570808410645,0.0034542232751846313,0.0013075313763692975,dark,False
54593,evaluation,smooth_gradient,top_right,-0.0258588045835495,0.012967407703399658,0.022769097238779068,bright,False
54593,evaluation,smooth_gradient,bottom_left,-0.021329745650291443,0.005554094910621643,4.358437581686303e-05,bright,False
54593,evaluation,smooth_gradient,bottom_right,-0.016142114996910095,0.03323942422866821,0.21428820490837097,bright,True
57725,evaluation,clean,full,-0.003434017300605774,-0.03171201050281525,0.0014304578071460128,dark,False
57725,evaluation,clean,top_left,-0.014118611812591553,-0.01963767409324646,0.005340375937521458,dark,False
57725,evaluation,clean,top_right,0.011515334248542786,-0.010826274752616882,0.0003032081585843116,dark,False
57725,evaluation,clean,bottom_left,0.02431236207485199,-0.03241230547428131,0.0,dark,False
57725,evaluation,clean,bottom_right,0.039738431572914124,-0.02007557451725006,7.824726344551891e-05,dark,True
57725,evaluation,homogeneous_dark,full,0.029828891158103943,-0.026604369282722473,7.335680948017398e-06,dark,True
57725,evaluation,homogeneous_dark,top_left,0.010450243949890137,-0.018743157386779785,0.0,dark,False
57725,evaluation,homogeneous_dark,top_right,0.04479828476905823,-0.016331136226654053,0.0,dark,True
57725,evaluation,homogeneous_dark,bottom_left,0.05595040321350098,-0.029160156846046448,0.0,dark,True
57725,evaluation,homogeneous_dark,bottom_right,0.05809973180294037,-0.024883508682250977,2.934272379206959e-05,dark,True
57725,evaluation,homogeneous_bright,full,-0.009771093726158142,-0.023525148630142212,0.15372653305530548,dark,False
57725,evaluation,homogeneous_bright,top_left,-0.002828925848007202,-0.007601127028465271,0.4821302890777588,dark,False
57725,evaluation,homogeneous_bright,top_right,0.0028406530618667603,-0.0037637799978256226,0.11756651103496552,dark,False
57725,evaluation,homogeneous_bright,bottom_left,0.014855459332466125,-0.03063356876373291,0.0015062597813084722,dark,False
57725,evaluation,homogeneous_bright,bottom_right,0.027331247925758362,-0.016500890254974365,0.013703051954507828,dark,True
57725,evaluation,left_right,full,0.00823281705379486,-0.022920653223991394,0.03281738981604576,dark,False
57725,evaluation,left_right,top_left,0.010450243949890137,-0.018743157386779785,0.0,dark,False
57725,evaluation,left_right,top_right,0.0028406530618667603,-0.0037637799978256226,0.11756651103496552,dark,False
57725,evaluation,left_right,bottom_left,0.05595040321350098,-0.029160156846046448,0.0,dark,True
57725,evaluation,left_right,bottom_right,0.027331247925758362,-0.016500890254974365,0.013703051954507828,dark,True
57725,evaluation,quadrants,full,0.01097378134727478,-0.020390033721923828,0.029775528237223625,dark,False
57725,evaluation,quadrants,top_left,0.010450243949890137,-0.018743157386779785,0.0,dark,False
57725,evaluation,quadrants,top_right,0.0028406530618667603,-0.0037637799978256226,0.11756651103496552,dark,False
57725,evaluation,quadrants,bottom_left,0.014855459332466125,-0.03063356876373291,0.0015062597813084722,dark,False
57725,evaluation,quadrants,bottom_right,0.05809973180294037,-0.024883508682250977,2.934272379206959e-05,dark,True
57725,evaluation,smooth_gradient,full,-0.0035771578550338745,-0.030380338430404663,0.009414124302566051,dark,False
57725,evaluation,smooth_gradient,top_left,-0.002612560987472534,-0.01867830753326416,0.0,dark,False
57725,evaluation,smooth_gradient,top_right,0.0077743083238601685,-0.007899120450019836,0.03323552384972572,dark,False
57725,evaluation,smooth_gradient,bottom_left,0.03882770240306854,-0.03243111073970795,0.0,dark,True
57725,evaluation,smooth_gradient,bottom_right,0.032838836312294006,-0.016647517681121826,0.004420970566570759,dark,True
58655,evaluation,clean,full,0.008239075541496277,-0.013783112168312073,0.015612006187438965,dark,False
58655,evaluation,clean,top_left,-0.017992675304412842,-0.009259164333343506,0.00048611112288199365,bright,False
58655,evaluation,clean,top_right,-0.003996327519416809,-0.005148261785507202,0.005381944589316845,dark,False
58655,evaluation,clean,bottom_left,0.028060704469680786,-0.005098804831504822,0.00968188140541315,dark,True
58655,evaluation,clean,bottom_right,0.023270010948181152,-0.0023925304412841797,0.046792879700660706,dark,False
58655,evaluation,homogeneous_dark,full,0.0391569584608078,-0.00579775869846344,0.001299376250244677,dark,True
58655,evaluation,homogeneous_dark,top_left,0.03399202227592468,-0.014203593134880066,3.4722223062999547e-05,dark,True
58655,evaluation,homogeneous_dark,top_right,0.028226807713508606,0.0001898258924484253,0.0033333334140479565,dark,True
58655,evaluation,homogeneous_dark,bottom_left,0.04893571138381958,0.003294035792350769,0.0011583679588511586,dark,True
58655,evaluation,homogeneous_dark,bottom_right,0.04872788488864899,0.0038788914680480957,0.0006742738769389689,dark,True
58655,evaluation,homogeneous_bright,full,-0.004338741302490234,-0.006368294358253479,0.25253593921661377,dark,False
58655,evaluation,homogeneous_bright,top_left,-0.030474692583084106,0.0022855252027511597,0.41973960399627686,bright,False
58655,evaluation,homogeneous_bright,top_right,-0.007296055555343628,0.010361433029174805,0.4099999964237213,bright,False
58655,evaluation,homogeneous_bright,bottom_left,0.015542924404144287,0.0015363097190856934,0.06124654412269592,dark,False
58655,evaluation,homogeneous_bright,bottom_right,0.007799416780471802,0.006962209939956665,0.12050484865903854,dark,False
58655,evaluation,left_right,full,0.010364130139350891,-0.0015100538730621338,0.13277460634708405,dark,False
58655,evaluation,left_right,top_left,0.03399202227592468,-0.014203593134880066,3.4722223062999547e-05,dark,True
58655,evaluation,left_right,top_right,-0.007296055555343628,0.010361433029174805,0.4099999964237213,bright,False
58655,evaluation,left_right,bottom_left,0.04893571138381958,0.003294035792350769,0.0011583679588511586,dark,True
58655,evaluation,left_right,bottom_right,0.007799416780471802,0.006962209939956665,0.12050484865903854,dark,False
58655,evaluation,quadrants,full,0.01062174141407013,-0.006672948598861694,0.11780795454978943,dark,False
58655,evaluation,quadrants,top_left,0.03399202227592468,-0.014203593134880066,3.4722223062999547e-05,dark,True
58655,evaluation,quadrants,top_right,-0.007296055555343628,0.010361433029174805,0.4099999964237213,bright,False
58655,evaluation,quadrants,bottom_left,0.015542924404144287,0.0015363097190856934,0.06124654412269592,dark,False
58655,evaluation,quadrants,bottom_right,0.04872788488864899,0.0038788914680480957,0.0006742738769389689,dark,True
58655,evaluation,smooth_gradient,full,0.019462183117866516,-0.009369060397148132,0.09703092277050018,dark,False
58655,evaluation,smooth_gradient,top_left,0.002439633011817932,-0.00974370539188385,3.4722223062999547e-05,dark,False
58655,evaluation,smooth_gradient,top_right,-0.007224544882774353,0.0017630308866500854,0.28872397541999817,bright,False
58655,evaluation,smooth_gradient,bottom_left,0.058604925870895386,-0.0006520003080368042,0.0011583679588511586,dark,True
58655,evaluation,smooth_gradient,bottom_right,0.0184452086687088,0.004269510507583618,0.09859959036111832,dark,False
