index,low,baseline_selected_step,common_selected_step,baseline_selected_psnr,common_selected_psnr,common_reference_best_psnr_step,common_reference_best_psnr,psnr_headroom,prior_psnr_loss,earlier_psnr_reaches_baseline,earliest_psnr_rescue_step,baseline_selected_ssim,common_selected_ssim,common_reference_best_ssim_step,common_reference_best_ssim,ssim_headroom,prior_ssim_loss,earlier_ssim_reaches_baseline,earliest_ssim_rescue_step
0,Train/Low/low00353.png,40,40,12.185141558096594,11.883085059765627,9,12.064537829490858,0.18145276972523128,True,False,,0.13612575407426075,0.13025996108516497,1,0.1452088306067481,0.014948869521583141,True,True,0
1,Train/Low/low00277.png,37,40,9.10915034555986,9.057781775344399,0,9.416516428742836,0.3587346533984377,True,True,0,0.10449994442718188,0.0971572047223369,1,0.10944337570496439,0.012286170982627492,True,True,0
2,Train/Low/low00488.png,40,40,14.54841121257896,15.631130065177947,40,15.631130065177947,0.0,False,True,27,0.5462285787311408,0.5437211634472449,40,0.5437211634472449,0.0,True,False,
3,Train/Low/low00301.png,40,40,8.647248144923264,9.112550116905073,40,9.112550116905073,0.0,False,True,22,0.0859665937391699,0.08601970091292428,8,0.09359816584778356,0.00757846493485928,False,True,0
4,Train/Low/low00341.png,38,40,10.845309283720965,10.72830583554662,0,10.931137210990693,0.2028313754440738,True,True,0,0.14829274216673893,0.1481139930502572,9,0.15165383012151812,0.0035398370712609317,True,True,6
5,Train/Low/low00283.png,40,40,11.159828941564173,11.276497108378845,4,11.59301124355515,0.31651413517630544,False,True,0,0.18362276183607812,0.19567485609071134,0,0.22612965287933642,0.030454796788625088,False,True,0
6,Train/Low/low00079.png,40,40,9.961169288526726,14.887879335033237,33,15.20311339397445,0.31523405894121304,False,True,16,0.6126928254223849,0.6653463813808574,26,0.6718392422636659,0.006492860882808427,False,True,15
7,Train/Low/low00013.png,40,40,8.044479711314759,12.892810486751591,40,12.892810486751591,0.0,False,True,18,0.5193684497091732,0.5917691121416723,40,0.5917691121416723,0.0,False,True,21
8,Train/Low/low00198.png,40,40,19.29324291771075,17.682477764877415,26,20.744347867487228,3.061870102609813,True,True,23,0.7970432750756323,0.7285124025697223,21,0.7698256104006921,0.04131320783096981,True,False,
9,Train/Low/low00232.png,40,40,16.17870565445416,21.655620933551255,34,22.097009803290327,0.44138886973907177,False,True,17,0.657327814919943,0.655360811227957,40,0.655360811227957,0.0,True,False,
10,Train/Low/low00582.png,40,40,8.079229181254732,8.203170840844717,34,8.224648262230975,0.0214774213862583,False,True,23,0.14409111767915578,0.13272385476098564,34,0.13381089206279698,0.0010870373018113388,True,False,
11,Train/Low/low00190.png,40,40,8.895620550277405,10.548332215446132,40,10.548332215446132,0.0,False,True,19,0.28547265269186267,0.3361266824442745,40,0.3361266824442745,0.0,False,True,20
12,Train/Low/low00372.png,40,40,7.86442018222981,7.0659355848256205,38,7.066092460225977,0.00015687540035624892,True,False,,0.07965820475725367,0.08675392215151834,31,0.08795452848194012,0.0012006063304217801,False,True,0
13,Train/Low/low00453.png,34,40,11.668195331378879,11.64193423415952,0,12.320398028157399,0.6784637939978797,True,True,0,0.1478177007627077,0.12854298510411616,2,0.17027956010649573,0.04173657500237957,True,True,0
14,Train/Low/low00463.png,34,40,11.910883985049301,11.93022782125616,0,12.32542978099255,0.39520195973639005,False,True,0,0.158507624759975,0.1314909394544244,0,0.17472816750411568,0.043237228049691295,True,True,0
15,Train/Low/low00383.png,34,40,8.673216133488685,9.438146002499039,0,9.728275661129267,0.290129658630228,False,True,0,0.21235724169569226,0.21565235209080358,0,0.24255094602479157,0.026898593933987996,False,True,0
16,Train/Low/low00158.png,40,40,12.256728725982025,13.92089601148755,40,13.92089601148755,0.0,False,True,20,0.31482353990601897,0.31666341607466597,30,0.3208602893498754,0.004196873275209456,False,True,24
17,Train/Low/low00018.png,40,40,11.304397230911702,13.851152588793848,40,13.851152588793848,0.0,False,True,20,0.5324775614334474,0.5637797713462517,40,0.5637797713462517,0.0,False,True,28
18,Train/Low/low00006.png,40,40,11.409587176173448,14.937258494468981,29,16.70217706826023,1.764918573791249,False,True,16,0.6384443479398435,0.7256801522873424,26,0.7482918694632094,0.022611717175866963,False,True,15
19,Train/Low/low00639.png,40,40,6.098090587162251,7.15993103027953,40,7.15993103027953,0.0,False,True,20,0.26765381769481444,0.2870830377354276,40,0.2870830377354276,0.0,False,True,23
20,Train/Low/low00400.png,40,40,7.4653849442524685,6.919001878666679,0,7.159274110311897,0.2402722316452186,True,False,,0.111244478307637,0.10353982174123577,0,0.11185103334586509,0.008311211604629318,True,True,0
21,Train/Low/low00082.png,40,40,6.412602921877961,6.657251900694314,28,6.769011709993242,0.11175980929892759,False,True,19,0.17192046751012272,0.18021547532181095,27,0.18695857323870865,0.0067430979168977,False,True,20
22,Train/Low/low00462.png,40,40,9.509729812853555,9.360202299159052,32,9.417889772368452,0.05768747320940015,True,False,,0.09060424240649484,0.09461799631678867,0,0.11810860313626365,0.02349060681947497,False,True,0
23,Train/Low/low00052.png,40,40,12.468756320847458,13.282370272510333,23,15.187357035427535,1.9049867629172024,False,True,14,0.5788236853275173,0.6147393134055346,23,0.6568391252606403,0.042099811855105695,False,True,14
24,Train/Low/low00583.png,40,40,10.927445122762961,11.126368938160386,30,11.51378442865963,0.38741549049924373,False,True,24,0.38225519839956124,0.3459008542501843,27,0.38375266137960046,0.03785180712941616,True,True,26
25,Train/Low/low00237.png,40,40,5.855622204612487,6.083283945449921,40,6.083283945449921,0.0,False,True,34,0.15880693886282488,0.1547389827699562,40,0.1547389827699562,0.0,True,False,
26,Train/Low/low00549.png,40,40,12.728129959892474,14.964806556264962,38,14.995239805655382,0.030433249390419803,False,True,18,0.5838160965390649,0.553745033710929,20,0.5617683337828245,0.008023300071895556,True,False,
27,Train/Low/low00231.png,40,40,6.943249526880838,7.600494825763264,34,7.62835652270923,0.02786169694596552,False,True,19,0.21195361502454227,0.2307418387788284,31,0.23443061631884418,0.0036887775400157863,False,True,21
28,Train/Low/low00031.png,40,40,5.514742768167357,5.721229504270745,38,5.72320540623076,0.0019759019600149585,False,True,21,0.09405837346769,0.09396109346008023,28,0.09797706100242673,0.004015967542346496,True,True,21
29,Train/Low/low00144.png,40,40,9.03998207839395,10.784932682630377,40,10.784932682630377,0.0,False,True,19,0.36088786167178993,0.38357647429514374,34,0.3858536058819843,0.002277131586840564,False,True,23
30,Train/Low/low00161.png,40,40,7.5762229012401585,8.20685399506505,32,8.31046738514971,0.10361339008466075,False,True,18,0.17537808226506954,0.19477347956841803,32,0.19776382777471987,0.0029903482063018405,False,True,20
31,Train/Low/low00108.png,40,40,5.85284236978428,5.90675180896703,27,5.958108576735011,0.051356767767980926,False,True,19,0.09248233098711116,0.09043620460546122,26,0.09547455435555383,0.0050383497500926105,True,True,20
32,Train/Low/low00039.png,40,40,19.51666477463308,19.263198738232536,25,25.83250045698538,6.569301718752843,True,True,19,0.80645722382703,0.7575571470268501,23,0.8090953238150286,0.051538176788178514,True,True,21
33,Train/Low/low00559.png,40,40,20.13575291332962,14.521284323945387,19,20.87022850089575,6.348944176950361,True,True,17,0.7221431833208637,0.6036042709511432,14,0.7151258270786576,0.11152155612751435,True,False,
34,Train/Low/low00669.png,40,40,11.320534123725148,15.868962355705843,40,15.868962355705843,0.0,False,True,15,0.5552482037596597,0.5909772653203457,34,0.5917633446575024,0.0007860793371566865,False,True,16
35,Train/Low/low00532.png,40,40,6.583012495268031,9.007855094348972,40,9.007855094348972,0.0,False,True,15,0.3994572899364422,0.482673894946187,40,0.482673894946187,0.0,False,True,15
36,Train/Low/low00044.png,40,40,7.349820335359947,8.938759483818735,37,8.945848121146923,0.0070886373281879855,False,True,11,0.4354895382237823,0.5021873151484938,25,0.5196091728391803,0.017421857690686493,False,True,10
37,Train/Low/low00480.png,40,40,8.594545954474828,8.32527411450548,20,8.514340917823406,0.18906680331792636,True,False,,0.5004368431520713,0.4659186274003064,19,0.4885879352882641,0.022669307887957735,True,False,
38,Train/Low/low00452.png,29,40,8.559340936404052,8.50613351153381,40,8.50613351153381,0.0,True,False,,0.09980846102175517,0.10187819182865648,0,0.1101753016884793,0.008297109859822821,False,True,0
39,Train/Low/low00307.png,36,40,7.578502494808901,7.5728793602917435,0,8.694291705755465,1.121412345463721,True,True,0,0.19051369559355782,0.1776482171154532,0,0.21201443966859035,0.03436622255313715,True,True,0
40,Train/Low/low00143.png,40,40,8.523487405116438,9.557308898498748,35,9.59303289787908,0.035723999380332216,False,True,18,0.2999832078651653,0.3225744918729447,36,0.323386730613323,0.0008122387403783349,False,True,22
41,Train/Low/low00205.png,40,40,5.507265829728624,5.824207971732491,31,5.861540946430127,0.037332974697635635,False,True,18,0.11170786473286466,0.1138757860568132,28,0.11752574303908582,0.0036499569822726202,False,True,20
42,Train/Low/low00255.png,40,40,11.363903988779606,13.229052206412158,40,13.229052206412158,0.0,False,True,19,0.412744102839442,0.4538471130369107,32,0.46232881832423,0.008481705287319286,False,True,19
43,Train/Low/low00048.png,40,40,15.006417245991852,20.41122344924348,28,20.71182552247325,0.30060207322977206,False,True,16,0.6286023924580989,0.6743002973676907,24,0.6840129501495864,0.009712652781895703,False,True,16
44,Train/Low/low00170.png,40,40,9.440403518286438,10.94087165574991,34,10.969997979573316,0.029126323823405187,False,True,18,0.29610102605559924,0.3205457977567796,30,0.3322268130854314,0.01168101532865179,False,True,20
45,Train/Low/low00357.png,39,40,13.497637132119433,13.542130261400105,0,14.01896518456283,0.47683492316272513,False,True,0,0.1768656958835355,0.15592425644211794,5,0.1873193526138642,0.03139509617174627,True,True,0
46,Train/Low/low00238.png,40,40,7.6338368808414465,8.465087262305646,40,8.465087262305646,0.0,False,True,28,0.2559288082519005,0.27009217961751975,40,0.27009217961751975,0.0,False,True,32
47,Train/Low/low00546.png,40,40,8.409033111947062,9.61775945334876,40,9.61775945334876,0.0,False,True,16,0.363842726202608,0.38032980408618994,23,0.392576911399995,0.012247107313805072,False,True,15
48,Train/Low/low00225.png,40,40,14.559431646120384,17.135814046695547,40,17.135814046695547,0.0,False,True,18,0.5490474969561651,0.5193249579751748,21,0.5288635422128165,0.009538584237641756,True,False,
49,Train/Low/low00015.png,40,40,4.970489478378956,5.827143757241002,40,5.827143757241002,0.0,False,True,19,0.20299809580645226,0.22537574359271764,40,0.22537574359271764,0.0,False,True,20
50,Train/Low/low00256.png,40,40,11.307023548397941,11.367238865518676,24,11.651146516273235,0.2839076507545588,False,True,16,0.13336158133987322,0.133548751835367,23,0.15386048065868307,0.020311728823316083,False,True,16
51,Train/Low/low00073.png,40,40,9.200281599493964,11.071322158915143,40,11.071322158915143,0.0,False,True,21,0.3211106448562765,0.36312389188017435,36,0.36443213621509696,0.0013082443349226036,False,True,23
52,Train/Low/low00096.png,40,40,9.309210397655963,12.61769778192759,40,12.61769778192759,0.0,False,True,16,0.4764101924019941,0.5603111124797734,40,0.5603111124797734,0.0,False,True,17
53,Train/Low/low00379.png,35,40,7.489416876673904,6.645414012769896,0,8.330283582246793,1.6848695694768967,True,True,0,0.15925577507017946,0.13341361417895264,0,0.1798358979156913,0.04642228373673865,True,True,0
54,Train/Low/low00591.png,40,40,10.821284802383852,9.263604574324402,4,15.562279719233006,6.298675144908604,True,True,0,0.7761225943336032,0.7207555112476036,3,0.9110758995053139,0.19032038825771025,True,True,0
55,Train/Low/low00439.png,38,36,9.04400435575597,9.044144208718919,0,9.408663749756872,0.3645195410379536,False,True,0,0.1093726098488254,0.09553555965007823,2,0.12287253054936312,0.027336970899284885,True,True,0
56,Train/Low/low00367.png,37,40,11.495993567436159,11.452064842973918,0,11.895752651313398,0.4436878083394795,True,True,0,0.18719723379198142,0.17706177877980736,5,0.188595159564862,0.011533380785054642,True,True,4
57,Train/Low/low00271.png,40,40,11.169551025289564,12.87113669041439,40,12.87113669041439,0.0,False,True,0,0.16791995680534313,0.2069603092411647,0,0.23726001531753108,0.030299706076366367,False,True,0
58,Train/Low/low00151.png,40,40,8.363703588667242,9.469008948176459,31,9.852608363565,0.3835994153885416,False,True,18,0.4602597369664058,0.4614666614986401,28,0.47539306619066235,0.013926404692022276,False,True,21
59,Train/Low/low00567.png,40,40,14.63763125461901,19.06764863776499,37,19.107621922248,0.039973284483011184,False,True,20,0.5017584844377009,0.5240164139710771,35,0.5250907484977537,0.0010743345266766013,False,True,20
60,Train/Low/low00530.png,40,40,7.2693754856045745,7.609529572664503,11,7.689486626346719,0.07995705368221628,False,True,4,0.12568087388523738,0.15834430660115045,26,0.16357684065836178,0.00523253405721133,False,True,5
61,Train/Low/low00348.png,40,40,11.349704602747925,12.846490890183304,15,12.993984828729044,0.14749393854573967,False,True,0,0.2014489416988822,0.266637930870129,5,0.27955501406620104,0.012917083196072043,False,True,0
62,Train/Low/low00670.png,40,40,12.149947625152997,15.238156515742194,40,15.238156515742194,0.0,False,True,17,0.4227079087128179,0.5304856255149574,40,0.5304856255149574,0.0,False,True,18
63,Train/Low/low00397.png,40,40,6.72586670175958,6.572832336264678,0,7.354093972462554,0.7812616361978755,True,True,0,0.0825709726056163,0.07489908163680935,0,0.09212562367894055,0.0172265420421312,True,True,0
64,Train/Low/low00085.png,40,40,5.733407562626155,6.077211674341934,34,6.079613644166436,0.002401969824501471,False,True,19,0.1307491154751987,0.14017251479636256,31,0.1423889468354189,0.002216432039056332,False,True,21
65,Train/Low/low00527.png,40,40,8.617421188523199,9.367481616698415,30,9.855222950543608,0.487741333845193,False,True,16,0.28634855772340945,0.3077407125160682,40,0.3077407125160682,0.0,False,True,14
66,Train/Low/low00689.png,40,40,10.008122847504964,10.78125214607243,31,10.934360995539642,0.15310884946721082,False,True,17,0.38488052942166584,0.4206336822751414,39,0.42079908788503867,0.00016540560989725117,False,True,17
67,Train/Low/low00645.png,40,40,11.054307303332473,14.137632825401523,33,14.46600170372611,0.3283688783245875,False,True,20,0.6053865964043579,0.6279460706703691,29,0.6316506546076582,0.0037045839372891187,False,True,21
68,Train/Low/low00634.png,40,40,10.243040534026157,11.061664154148021,25,12.033466803440762,0.9718026492927407,False,True,14,0.49278640083497977,0.49837283971365137,22,0.5233662704454539,0.024993430731802546,False,True,14
69,Train/Low/low00359.png,35,40,7.877507205198805,8.08307186522908,0,8.2110591541686,0.12798728893952038,False,True,0,0.09060856418363337,0.08095767192604424,1,0.10139645182266017,0.02043877989661594,True,True,0
70,Train/Low/low00063.png,40,40,7.70147377717035,8.5705193578154,40,8.5705193578154,0.0,False,True,25,0.40306734966804636,0.42215627948159373,40,0.42215627948159373,0.0,False,True,30
71,Train/Low/low00611.png,40,40,14.129986044065985,17.427402779793436,27,20.109275701381893,2.6818729215884574,False,True,15,0.551312042881631,0.5723472932575049,21,0.5922302808285609,0.019882987571056,False,True,15
72,Train/Low/low00504.png,40,40,13.44646196172385,12.791384511239762,29,12.822257803252358,0.030873292012595144,True,False,,0.43933824285556267,0.3843318621166651,27,0.38641265582555634,0.0020807937088912487,True,False,
73,Train/Low/low00565.png,40,40,18.70003589711129,17.091883953890083,21,21.372560359276342,4.280676405386259,True,True,17,0.5502691749074243,0.528316432729704,19,0.5622905105556099,0.03397407782590589,True,True,16
74,Train/Low/low00682.png,40,40,11.372560103884375,14.235204292464477,40,14.235204292464477,0.0,False,True,18,0.3667818138969045,0.43833787991332324,40,0.43833787991332324,0.0,False,True,19
75,Train/Low/low00125.png,40,40,8.372760576564772,10.808351004943704,40,10.808351004943704,0.0,False,True,17,0.4527234683928434,0.4911003213504075,40,0.4911003213504075,0.0,False,True,18
76,Train/Low/low00312.png,40,40,11.638053949835776,11.169447009687305,21,11.355912113511941,0.1864651038246361,True,False,,0.1733843308056857,0.1697709782275331,3,0.1849583637612998,0.015187385533766695,True,True,0
77,Train/Low/low00111.png,40,40,10.986059857982092,14.81747322008902,32,15.06580912387199,0.24833590378296932,False,True,17,0.625918363533314,0.6474127973377715,40,0.6474127973377715,0.0,False,True,20
78,Train/Low/low00644.png,40,40,20.42923625351108,14.960321959518371,12,22.61906919367695,7.658747234158579,True,True,10,0.9212847528077578,0.8634038682439024,12,0.9428805632213318,0.07947669497742949,True,True,8
79,Train/Low/low00458.png,40,40,7.894260527888251,7.857787850684767,0,8.303283118684725,0.44549526799995753,True,True,0,0.08847219736341913,0.07881386908380804,0,0.0997006962896963,0.02088682720588826,True,True,0
80,Train/Low/low00435.png,40,40,9.741853064182537,9.106966338340541,31,9.170714717148737,0.06374837880819584,True,False,,0.09169364085822106,0.10487014708081076,0,0.11683924548966736,0.011969098408856599,False,True,0
81,Train/Low/low00340.png,38,40,7.246521965953474,7.517477013984394,37,7.523766458284957,0.006289444300563218,False,True,19,0.1003514489490856,0.0939715151535453,10,0.10044811723898496,0.006476602085439653,True,True,10
82,Train/Low/low00428.png,40,40,10.151644857128751,9.882316656475185,40,9.882316656475185,0.0,True,False,,0.1110397208486839,0.11612900305535734,1,0.1199659211739089,0.003836918118551566,False,True,0
83,Train/Low/low00671.png,40,40,12.183219182277902,15.13542945283736,40,15.13542945283736,0.0,False,True,18,0.42141568034552024,0.5133149757098795,33,0.5157198970138002,0.0024049213039206707,False,True,19
84,Train/Low/low00286.png,40,40,9.35478712067033,9.19486668680668,26,9.405540002618466,0.2106733158117855,True,True,22,0.09552922575174407,0.10300972195832421,40,0.10300972195832421,0.0,False,True,0
85,Train/Low/low00394.png,40,40,7.992565592539627,7.525567090407242,0,8.724818415396587,1.199251324989345,True,True,0,0.12589928315466845,0.11226350132407809,0,0.1398774037403104,0.027613902416232322,True,True,0
86,Train/Low/low00635.png,40,40,5.459903604431904,6.199009286399184,40,6.199009286399184,0.0,False,True,29,0.17202258150027508,0.18501286260632782,40,0.18501286260632782,0.0,False,True,33
87,Train/Low/low00211.png,40,40,5.0043264338758515,5.170102774371958,28,5.236143237603988,0.06604046323203061,False,True,21,0.13848862284852873,0.14143970656195717,26,0.14471851930397717,0.003278812742019993,False,True,22
88,Train/Low/low00171.png,40,40,10.371243502995839,12.690578983880405,37,12.726894956749653,0.03631597286924837,False,True,17,0.41898296106493094,0.4158047477808746,29,0.4280733593814546,0.01226861160057996,True,True,20
89,Train/Low/low00496.png,40,40,9.794040297196059,10.305212280680438,24,10.735251595300774,0.43003931462033584,False,True,16,0.47722681547478124,0.48877716124793813,24,0.5196156226746457,0.030838461426707542,False,True,17
90,Train/Low/low00437.png,40,40,9.599141596056002,9.436578749108586,33,9.475493095589272,0.038914346480686035,True,False,,0.10777494597356364,0.10211463062913505,2,0.11696319624170284,0.014848565612567796,True,True,0
91,Train/Low/low00580.png,40,40,17.217342722005796,16.05295326420469,23,20.417013996067478,4.364060731862789,True,True,18,0.6781373546964704,0.600791995010117,18,0.6629317441803322,0.06213974917021514,True,False,
92,Train/Low/low00600.png,40,40,13.41609015421775,17.6068081879269,33,17.75224538724584,0.14543719931893762,False,True,20,0.5827031616586129,0.5600127815321839,26,0.5638204947784932,0.003807713246309241,True,False,
93,Train/Low/low00267.png,40,40,11.93980796520851,13.445630444130842,29,14.139545757895132,0.6939153137642897,False,True,18,0.49295135517378486,0.5322975766116202,29,0.5478187376218807,0.015521161010260465,False,True,18
94,Train/Low/low00652.png,40,40,8.847868538471689,9.302931917225925,29,9.372701076565313,0.06976915933938876,False,True,16,0.16067548343371496,0.1827880492293555,33,0.18600395284748447,0.0032159036181289846,False,True,18
95,Train/Low/low00678.png,40,40,10.93587785844814,13.72630366848485,36,13.746281983603437,0.019978315118587275,False,True,17,0.4611781471091196,0.49529325358595694,28,0.5058420642396578,0.01054881065370089,False,True,18
96,Train/Low/low00070.png,40,40,10.721023336341524,12.804538673487668,31,13.26280596277131,0.4582672892836417,False,True,19,0.5728301853770168,0.5841092247637479,29,0.5939446294272146,0.009835404663466663,False,True,22
97,Train/Low/low00366.png,39,40,9.099255054042965,8.904813383935048,0,9.479732017942537,0.5749186340074885,True,True,0,0.13682832021685015,0.12936624339308891,3,0.1377514550590028,0.008385211665913883,True,True,2
98,Train/Low/low00145.png,40,40,16.791683632409946,18.595278701401924,25,24.36803187047367,5.772753169071745,False,True,16,0.765337839218132,0.7347317808472618,20,0.7737868859389705,0.03905510509170873,True,True,17
99,Train/Low/low00472.png,40,40,7.694572092327725,9.352652030797792,40,9.352652030797792,0.0,False,True,21,0.40299166015270765,0.4297025382925562,35,0.4302038779023147,0.0005013396097584555,False,True,24
