image_id,condition,SSIM0,SSIM1,delta,output_path,output_sha256,reference_path,reference_sha256
50844,clean,1.0,1.0,0.0,/media/wenchang/F/wjq/TTIE/runs/20260912-191947-ttie-t014-stage-b/artifacts/audit/episodes/000/outputs.pt,a7afcb1ce95be4ad212e5256af8625875827a792a43ac7b814d49c5960148af0,/media/wenchang/F/wjq/TTIE/runs/20260912-191947-ttie-t014-stage-b/artifacts/audit/episodes/000/outputs.pt,a7afcb1ce95be4ad212e5256af8625875827a792a43ac7b814d49c5960148af0
50844,homogeneous_dark,0.6990547402163719,0.7091367053882534,0.010081965171881424,/media/wenchang/F/wjq/TTIE/runs/20260912-191947-ttie-t014-stage-b/artifacts/audit/episodes/001/outputs.pt,7dfcc65fc3f12a2feb5d7c5b12bf29f6d451c73afa57261ee109aa13a3f3698e,/media/wenchang/F/wjq/TTIE/runs/20260912-191947-ttie-t014-stage-b/artifacts/audit/episodes/000/outputs.pt,a7afcb1ce95be4ad212e5256af8625875827a792a43ac7b814d49c5960148af0
50844,homogeneous_bright,0.8443032186666363,0.8545295796035329,0.010226360936896661,/media/wenchang/F/wjq/TTIE/runs/20260912-191947-ttie-t014-stage-b/artifacts/audit/episodes/002/outputs.pt,58ea37c36a4cf137d719b46511db2ae8c71d8995e9d1dac435b2fad46964b1ab,/media/wenchang/F/wjq/TTIE/runs/20260912-191947-ttie-t014-stage-b/artifacts/audit/episodes/000/outputs.pt,a7afcb1ce95be4ad212e5256af8625875827a792a43ac7b814d49c5960148af0
50844,left_right,0.7012751303317956,0.7372541429452439,0.03597901261344838,/media/wenchang/F/wjq/TTIE/runs/20260912-191947-ttie-t014-stage-b/artifacts/audit/episodes/003/outputs.pt,3e71c4eb42423d712799975c013aa233a92be665e3c177badc64fcc073db8036,/media/wenchang/F/wjq/TTIE/runs/20260912-191947-ttie-t014-stage-b/artifacts/audit/episodes/000/outputs.pt,a7afcb1ce95be4ad212e5256af8625875827a792a43ac7b814d49c5960148af0
50844,quadrants,0.8119483659487283,0.8291205644214893,0.01717219847276097,/media/wenchang/F/wjq/TTIE/runs/20260912-191947-ttie-t014-stage-b/artifacts/audit/episodes/004/outputs.pt,e071d544c2b28f7439c3ee890516024f686a90c516fbf54f786f84134d6a9402,/media/wenchang/F/wjq/TTIE/runs/20260912-191947-ttie-t014-stage-b/artifacts/audit/episodes/000/outputs.pt,a7afcb1ce95be4ad212e5256af8625875827a792a43ac7b814d49c5960148af0
50896,clean,1.0,1.0,0.0,/media/wenchang/F/wjq/TTIE/runs/20260912-191947-ttie-t014-stage-b/artifacts/audit/episodes/006/outputs.pt,323dcca3c3e33c36a1140a4280234f2012dec9b394de61c7d8a1769205f259f1,/media/wenchang/F/wjq/TTIE/runs/20260912-191947-ttie-t014-stage-b/artifacts/audit/episodes/006/outputs.pt,323dcca3c3e33c36a1140a4280234f2012dec9b394de61c7d8a1769205f259f1
50896,homogeneous_dark,0.6361628237752236,0.6361628237752236,0.0,/media/wenchang/F/wjq/TTIE/runs/20260912-191947-ttie-t014-stage-b/artifacts/audit/episodes/007/outputs.pt,e31f28e2b7a69ac534c4f29273b628d9f674b8bd2e89662f94e6341d1999edfb,/media/wenchang/F/wjq/TTIE/runs/20260912-191947-ttie-t014-stage-b/artifacts/audit/episodes/006/outputs.pt,323dcca3c3e33c36a1140a4280234f2012dec9b394de61c7d8a1769205f259f1
50896,homogeneous_bright,0.8948432254151892,0.9051371597009443,0.01029393428575509,/media/wenchang/F/wjq/TTIE/runs/20260912-191947-ttie-t014-stage-b/artifacts/audit/episodes/008/outputs.pt,ead4331e9b56e9e31a6e61880d15305a4fed1c8ec38313ff503db215495a4eef,/media/wenchang/F/wjq/TTIE/runs/20260912-191947-ttie-t014-stage-b/artifacts/audit/episodes/006/outputs.pt,323dcca3c3e33c36a1140a4280234f2012dec9b394de61c7d8a1769205f259f1
50896,left_right,0.7171926208216904,0.7846607641538752,0.06746814333218476,/media/wenchang/F/wjq/TTIE/runs/20260912-191947-ttie-t014-stage-b/artifacts/audit/episodes/009/outputs.pt,b9b588dd8d446a70e0b53dcbf2a4945ad1ec57f13a02e82f01c9018152f93544,/media/wenchang/F/wjq/TTIE/runs/20260912-191947-ttie-t014-stage-b/artifacts/audit/episodes/006/outputs.pt,323dcca3c3e33c36a1140a4280234f2012dec9b394de61c7d8a1769205f259f1
50896,quadrants,0.7779750357791988,0.776915357049891,-0.0010596787293077892,/media/wenchang/F/wjq/TTIE/runs/20260912-191947-ttie-t014-stage-b/artifacts/audit/episodes/010/outputs.pt,481ef5d1281db4e374d8da9c65101ce044aaa071148ac5924b3f7e127871c32b,/media/wenchang/F/wjq/TTIE/runs/20260912-191947-ttie-t014-stage-b/artifacts/audit/episodes/006/outputs.pt,323dcca3c3e33c36a1140a4280234f2012dec9b394de61c7d8a1769205f259f1
51008,clean,1.0,1.0,0.0,/media/wenchang/F/wjq/TTIE/runs/20260912-191947-ttie-t014-stage-b/artifacts/audit/episodes/012/outputs.pt,4cba84f7447b56a0ca92921135ac9e6eeafdf1f64af133091444d67d16a0e0d8,/media/wenchang/F/wjq/TTIE/runs/20260912-191947-ttie-t014-stage-b/artifacts/audit/episodes/012/outputs.pt,4cba84f7447b56a0ca92921135ac9e6eeafdf1f64af133091444d67d16a0e0d8
51008,homogeneous_dark,0.6723281642140804,0.8670405511550067,0.1947123869409263,/media/wenchang/F/wjq/TTIE/runs/20260912-191947-ttie-t014-stage-b/artifacts/audit/episodes/013/outputs.pt,b37b1090e5fdb3451b2e34bc442c1a5685929f4f8b5dc9784b65bc1b54515055,/media/wenchang/F/wjq/TTIE/runs/20260912-191947-ttie-t014-stage-b/artifacts/audit/episodes/012/outputs.pt,4cba84f7447b56a0ca92921135ac9e6eeafdf1f64af133091444d67d16a0e0d8
51008,homogeneous_bright,0.8611794622453696,0.8944524458438283,0.03327298359845876,/media/wenchang/F/wjq/TTIE/runs/20260912-191947-ttie-t014-stage-b/artifacts/audit/episodes/014/outputs.pt,2f9e99186d1ff14e04a66d7cbac91d9b0d4cbf0821f48c8a7fadd42534599258,/media/wenchang/F/wjq/TTIE/runs/20260912-191947-ttie-t014-stage-b/artifacts/audit/episodes/012/outputs.pt,4cba84f7447b56a0ca92921135ac9e6eeafdf1f64af133091444d67d16a0e0d8
51008,left_right,0.8464062263503482,0.9104368090051542,0.06403058265480599,/media/wenchang/F/wjq/TTIE/runs/20260912-191947-ttie-t014-stage-b/artifacts/audit/episodes/015/outputs.pt,b5f1eea513f1fde9210d8ac9aa4659bb48c5fdb536d2c0fe2ac5ac5829051727,/media/wenchang/F/wjq/TTIE/runs/20260912-191947-ttie-t014-stage-b/artifacts/audit/episodes/012/outputs.pt,4cba84f7447b56a0ca92921135ac9e6eeafdf1f64af133091444d67d16a0e0d8
51008,quadrants,0.882586829510731,0.8892089491238158,0.006622119613084787,/media/wenchang/F/wjq/TTIE/runs/20260912-191947-ttie-t014-stage-b/artifacts/audit/episodes/016/outputs.pt,983f6fe474077c97701f1ecd542fee8085dbba9b8ba2c926fcd77e1f5132a0c9,/media/wenchang/F/wjq/TTIE/runs/20260912-191947-ttie-t014-stage-b/artifacts/audit/episodes/012/outputs.pt,4cba84f7447b56a0ca92921135ac9e6eeafdf1f64af133091444d67d16a0e0d8
51309,clean,1.0,1.0,0.0,/media/wenchang/F/wjq/TTIE/runs/20260912-191947-ttie-t014-stage-b/artifacts/audit/episodes/018/outputs.pt,26415b1b9cfee1c56f22c2e051c360a6c08250bef5fd4068cbd03880ba8295a6,/media/wenchang/F/wjq/TTIE/runs/20260912-191947-ttie-t014-stage-b/artifacts/audit/episodes/018/outputs.pt,26415b1b9cfee1c56f22c2e051c360a6c08250bef5fd4068cbd03880ba8295a6
51309,homogeneous_dark,0.5291587207715798,0.6859395537290753,0.15678083295749556,/media/wenchang/F/wjq/TTIE/runs/20260912-191947-ttie-t014-stage-b/artifacts/audit/episodes/019/outputs.pt,735b1cf67e5af3d1eb94af74370b5c3d4a2389392f8a45ac337694a11eac3aec,/media/wenchang/F/wjq/TTIE/runs/20260912-191947-ttie-t014-stage-b/artifacts/audit/episodes/018/outputs.pt,26415b1b9cfee1c56f22c2e051c360a6c08250bef5fd4068cbd03880ba8295a6
51309,homogeneous_bright,0.904467562650021,0.9190549131850406,0.014587350535019583,/media/wenchang/F/wjq/TTIE/runs/20260912-191947-ttie-t014-stage-b/artifacts/audit/episodes/020/outputs.pt,c00211dab558e9b8a4f604255d44ec1860cf39fddec6b16f6dccd59ffb98ffce,/media/wenchang/F/wjq/TTIE/runs/20260912-191947-ttie-t014-stage-b/artifacts/audit/episodes/018/outputs.pt,26415b1b9cfee1c56f22c2e051c360a6c08250bef5fd4068cbd03880ba8295a6
51309,left_right,0.8163612201700157,0.8369327840114416,0.02057156384142589,/media/wenchang/F/wjq/TTIE/runs/20260912-191947-ttie-t014-stage-b/artifacts/audit/episodes/021/outputs.pt,5cd5e86fd5aa2e70f85c0adaf7080d3486f33148b15508006857b321192da809,/media/wenchang/F/wjq/TTIE/runs/20260912-191947-ttie-t014-stage-b/artifacts/audit/episodes/018/outputs.pt,26415b1b9cfee1c56f22c2e051c360a6c08250bef5fd4068cbd03880ba8295a6
51309,quadrants,0.8232483262048208,0.8299966199076706,0.006748293702849795,/media/wenchang/F/wjq/TTIE/runs/20260912-191947-ttie-t014-stage-b/artifacts/audit/episodes/022/outputs.pt,e8abe8efe18211e16e194cd2664b6479eba9dc338eeb78893c279e8e43d71237,/media/wenchang/F/wjq/TTIE/runs/20260912-191947-ttie-t014-stage-b/artifacts/audit/episodes/018/outputs.pt,26415b1b9cfee1c56f22c2e051c360a6c08250bef5fd4068cbd03880ba8295a6
51314,clean,1.0,1.0,0.0,/media/wenchang/F/wjq/TTIE/runs/20260912-191947-ttie-t014-stage-b/artifacts/audit/episodes/024/outputs.pt,0f0bb4b00476a1b6505ac35e7ccfef52d5e313acc8cf84830f3a96f87ee0cce8,/media/wenchang/F/wjq/TTIE/runs/20260912-191947-ttie-t014-stage-b/artifacts/audit/episodes/024/outputs.pt,0f0bb4b00476a1b6505ac35e7ccfef52d5e313acc8cf84830f3a96f87ee0cce8
51314,homogeneous_dark,0.8125235037003027,0.8442168259429244,0.03169332224262167,/media/wenchang/F/wjq/TTIE/runs/20260912-191947-ttie-t014-stage-b/artifacts/audit/episodes/025/outputs.pt,9b5a48813132f9972fe646761cad1bbf35790254902c158190e36e2023e1fa2f,/media/wenchang/F/wjq/TTIE/runs/20260912-191947-ttie-t014-stage-b/artifacts/audit/episodes/024/outputs.pt,0f0bb4b00476a1b6505ac35e7ccfef52d5e313acc8cf84830f3a96f87ee0cce8
51314,homogeneous_bright,0.9332249969067483,0.936510989933623,0.0032859930268747117,/media/wenchang/F/wjq/TTIE/runs/20260912-191947-ttie-t014-stage-b/artifacts/audit/episodes/026/outputs.pt,0bc2c96a32bca4cd10139cc296ce699c7c5a7c2a9687fb02962b4c6c4cc2697c,/media/wenchang/F/wjq/TTIE/runs/20260912-191947-ttie-t014-stage-b/artifacts/audit/episodes/024/outputs.pt,0f0bb4b00476a1b6505ac35e7ccfef52d5e313acc8cf84830f3a96f87ee0cce8
51314,left_right,0.8934321188552846,0.9203689186969988,0.026936799841714154,/media/wenchang/F/wjq/TTIE/runs/20260912-191947-ttie-t014-stage-b/artifacts/audit/episodes/027/outputs.pt,d332a96a37d577559a0bb0d672a1afff73acc67ac23e2c8c17482c6607e7a1ed,/media/wenchang/F/wjq/TTIE/runs/20260912-191947-ttie-t014-stage-b/artifacts/audit/episodes/024/outputs.pt,0f0bb4b00476a1b6505ac35e7ccfef52d5e313acc8cf84830f3a96f87ee0cce8
51314,quadrants,0.8450039136337829,0.8624664102441691,0.017462496610386236,/media/wenchang/F/wjq/TTIE/runs/20260912-191947-ttie-t014-stage-b/artifacts/audit/episodes/028/outputs.pt,a57b9a5378b4e35b81eef52c263dd56ee869996f6c67213684fa6ac0d5b07df4,/media/wenchang/F/wjq/TTIE/runs/20260912-191947-ttie-t014-stage-b/artifacts/audit/episodes/024/outputs.pt,0f0bb4b00476a1b6505ac35e7ccfef52d5e313acc8cf84830f3a96f87ee0cce8
51326,clean,1.0,1.0,0.0,/media/wenchang/F/wjq/TTIE/runs/20260912-191947-ttie-t014-stage-b/artifacts/audit/episodes/030/outputs.pt,4a78b6f906535688ee1b013ae60776253a9f42fb26377a4a2646591e55472182,/media/wenchang/F/wjq/TTIE/runs/20260912-191947-ttie-t014-stage-b/artifacts/audit/episodes/030/outputs.pt,4a78b6f906535688ee1b013ae60776253a9f42fb26377a4a2646591e55472182
51326,homogeneous_dark,0.5691035516993376,0.6886429001003371,0.11953934840099956,/media/wenchang/F/wjq/TTIE/runs/20260912-191947-ttie-t014-stage-b/artifacts/audit/episodes/031/outputs.pt,27dc02c51c6e5fb12168cb33ad6dae9d3e6708865f75e0332878a16a1d24bc69,/media/wenchang/F/wjq/TTIE/runs/20260912-191947-ttie-t014-stage-b/artifacts/audit/episodes/030/outputs.pt,4a78b6f906535688ee1b013ae60776253a9f42fb26377a4a2646591e55472182
51326,homogeneous_bright,0.8819699684123532,0.8841822901095542,0.0022123216972009807,/media/wenchang/F/wjq/TTIE/runs/20260912-191947-ttie-t014-stage-b/artifacts/audit/episodes/032/outputs.pt,13d22ba5a33058e519d47641be13eece03ba3644f21b75de0da4619ade7f82e5,/media/wenchang/F/wjq/TTIE/runs/20260912-191947-ttie-t014-stage-b/artifacts/audit/episodes/030/outputs.pt,4a78b6f906535688ee1b013ae60776253a9f42fb26377a4a2646591e55472182
51326,left_right,0.8419920658215413,0.846720567783895,0.004728501962353748,/media/wenchang/F/wjq/TTIE/runs/20260912-191947-ttie-t014-stage-b/artifacts/audit/episodes/033/outputs.pt,afe9c34edaa0c05c4acf9dc5556a46e95319727cfb2b526b5be4f26756089417,/media/wenchang/F/wjq/TTIE/runs/20260912-191947-ttie-t014-stage-b/artifacts/audit/episodes/030/outputs.pt,4a78b6f906535688ee1b013ae60776253a9f42fb26377a4a2646591e55472182
51326,quadrants,0.8228625118645382,0.8384215132950833,0.015559001430545116,/media/wenchang/F/wjq/TTIE/runs/20260912-191947-ttie-t014-stage-b/artifacts/audit/episodes/034/outputs.pt,0a8b038f3048257877fd712114f09ac4c670be0f7f0bbc6dbc89f97ca2134954,/media/wenchang/F/wjq/TTIE/runs/20260912-191947-ttie-t014-stage-b/artifacts/audit/episodes/030/outputs.pt,4a78b6f906535688ee1b013ae60776253a9f42fb26377a4a2646591e55472182
51610,clean,0.9998878333728665,0.9825354608047959,-0.01735237256807054,/media/wenchang/F/wjq/TTIE/runs/20260912-191947-ttie-t014-stage-b/artifacts/audit/episodes/036/outputs.pt,fa7f0b28936469e757fdd9f864cb34f5238ae490a9c08eb7e1c4869d84f91da1,/media/wenchang/F/wjq/TTIE/runs/20260912-191947-ttie-t014-stage-b/artifacts/audit/episodes/036/outputs.pt,fa7f0b28936469e757fdd9f864cb34f5238ae490a9c08eb7e1c4869d84f91da1
51610,homogeneous_dark,0.8329662360565621,0.8536022854661686,0.020636049409606505,/media/wenchang/F/wjq/TTIE/runs/20260912-191947-ttie-t014-stage-b/artifacts/audit/episodes/037/outputs.pt,7351a6a6be2db2a33dc19e918bb849aae4a6cdd029e8e8b0c71a02c818d5de38,/media/wenchang/F/wjq/TTIE/runs/20260912-191947-ttie-t014-stage-b/artifacts/audit/episodes/036/outputs.pt,fa7f0b28936469e757fdd9f864cb34f5238ae490a9c08eb7e1c4869d84f91da1
51610,homogeneous_bright,0.8811555008097912,0.8926648641337207,0.011509363323929489,/media/wenchang/F/wjq/TTIE/runs/20260912-191947-ttie-t014-stage-b/artifacts/audit/episodes/038/outputs.pt,88334ce18355a69534d1ace7f31852d52c65ced0c62db93b4ef83f3140c48ff2,/media/wenchang/F/wjq/TTIE/runs/20260912-191947-ttie-t014-stage-b/artifacts/audit/episodes/036/outputs.pt,fa7f0b28936469e757fdd9f864cb34f5238ae490a9c08eb7e1c4869d84f91da1
51610,left_right,0.8097448552564017,0.8268386895613195,0.017093834304917732,/media/wenchang/F/wjq/TTIE/runs/20260912-191947-ttie-t014-stage-b/artifacts/audit/episodes/039/outputs.pt,67d077ee370d708aec1ce24a444bb7c744b0d595bf8f4ff8497c3e5118eece78,/media/wenchang/F/wjq/TTIE/runs/20260912-191947-ttie-t014-stage-b/artifacts/audit/episodes/036/outputs.pt,fa7f0b28936469e757fdd9f864cb34f5238ae490a9c08eb7e1c4869d84f91da1
51610,quadrants,0.8922052547651891,0.8971022212956324,0.0048969665304433585,/media/wenchang/F/wjq/TTIE/runs/20260912-191947-ttie-t014-stage-b/artifacts/audit/episodes/040/outputs.pt,0ad51457f67d30c2161587614f388de07d62f9e23682122aeb6d1c29fd72ec54,/media/wenchang/F/wjq/TTIE/runs/20260912-191947-ttie-t014-stage-b/artifacts/audit/episodes/036/outputs.pt,fa7f0b28936469e757fdd9f864cb34f5238ae490a9c08eb7e1c4869d84f91da1
51712,clean,1.0,1.0,0.0,/media/wenchang/F/wjq/TTIE/runs/20260912-191947-ttie-t014-stage-b/artifacts/audit/episodes/042/outputs.pt,c774fc4a841f780e2e35012c5aa78794dfae967693ab75012fb83a2be377a20e,/media/wenchang/F/wjq/TTIE/runs/20260912-191947-ttie-t014-stage-b/artifacts/audit/episodes/042/outputs.pt,c774fc4a841f780e2e35012c5aa78794dfae967693ab75012fb83a2be377a20e
51712,homogeneous_dark,0.9015310077811747,0.9243891552386827,0.022858147457508027,/media/wenchang/F/wjq/TTIE/runs/20260912-191947-ttie-t014-stage-b/artifacts/audit/episodes/043/outputs.pt,03f5a2bd56f688486c839bc18da4405ec07cc725c090133561344ca9752ab2e8,/media/wenchang/F/wjq/TTIE/runs/20260912-191947-ttie-t014-stage-b/artifacts/audit/episodes/042/outputs.pt,c774fc4a841f780e2e35012c5aa78794dfae967693ab75012fb83a2be377a20e
51712,homogeneous_bright,0.88323373671623,0.8885554774840787,0.005321740767848748,/media/wenchang/F/wjq/TTIE/runs/20260912-191947-ttie-t014-stage-b/artifacts/audit/episodes/044/outputs.pt,121f181cd07c40e084f4d742cfc1e71f620cf62e27e8ced68f4afcdead416598,/media/wenchang/F/wjq/TTIE/runs/20260912-191947-ttie-t014-stage-b/artifacts/audit/episodes/042/outputs.pt,c774fc4a841f780e2e35012c5aa78794dfae967693ab75012fb83a2be377a20e
51712,left_right,0.8880160313940375,0.9056737763841916,0.017657744990154045,/media/wenchang/F/wjq/TTIE/runs/20260912-191947-ttie-t014-stage-b/artifacts/audit/episodes/045/outputs.pt,d5d996666661e2db0714c709de29d893fc9347c002b253ab92010d27391763a9,/media/wenchang/F/wjq/TTIE/runs/20260912-191947-ttie-t014-stage-b/artifacts/audit/episodes/042/outputs.pt,c774fc4a841f780e2e35012c5aa78794dfae967693ab75012fb83a2be377a20e
51712,quadrants,0.7379150403929476,0.886556072836849,0.14864103244390137,/media/wenchang/F/wjq/TTIE/runs/20260912-191947-ttie-t014-stage-b/artifacts/audit/episodes/046/outputs.pt,fab473705c7095e0b8978e6d1104a156e547f52bc0106c408ad211b758b79167,/media/wenchang/F/wjq/TTIE/runs/20260912-191947-ttie-t014-stage-b/artifacts/audit/episodes/042/outputs.pt,c774fc4a841f780e2e35012c5aa78794dfae967693ab75012fb83a2be377a20e
51738,clean,1.0,1.0,0.0,/media/wenchang/F/wjq/TTIE/runs/20260912-191947-ttie-t014-stage-b/artifacts/audit/episodes/048/outputs.pt,06a590e90a9968dcaf465a4e01ef32dfa0b6ed1de1ac4165e7b46c7739104257,/media/wenchang/F/wjq/TTIE/runs/20260912-191947-ttie-t014-stage-b/artifacts/audit/episodes/048/outputs.pt,06a590e90a9968dcaf465a4e01ef32dfa0b6ed1de1ac4165e7b46c7739104257
51738,homogeneous_dark,0.9502796878318324,0.9523640167746016,0.00208432894276922,/media/wenchang/F/wjq/TTIE/runs/20260912-191947-ttie-t014-stage-b/artifacts/audit/episodes/049/outputs.pt,21800c6193d75ebc4fff364b7b8bb3367a0331680513b8c3afdbd61900afd146,/media/wenchang/F/wjq/TTIE/runs/20260912-191947-ttie-t014-stage-b/artifacts/audit/episodes/048/outputs.pt,06a590e90a9968dcaf465a4e01ef32dfa0b6ed1de1ac4165e7b46c7739104257
51738,homogeneous_bright,0.8831800875590392,0.8845420606670914,0.0013619731080521946,/media/wenchang/F/wjq/TTIE/runs/20260912-191947-ttie-t014-stage-b/artifacts/audit/episodes/050/outputs.pt,d866e48ceb6fc8416ef9bb8b16c9d63b734dda794add6c2208b7a0acb691173e,/media/wenchang/F/wjq/TTIE/runs/20260912-191947-ttie-t014-stage-b/artifacts/audit/episodes/048/outputs.pt,06a590e90a9968dcaf465a4e01ef32dfa0b6ed1de1ac4165e7b46c7739104257
51738,left_right,0.8884506225981104,0.8970053507974987,0.008554728199388295,/media/wenchang/F/wjq/TTIE/runs/20260912-191947-ttie-t014-stage-b/artifacts/audit/episodes/051/outputs.pt,cf6ca31064b1dd6c8406daf8bb9edfe63819560579ec7223c55c10593befdcd2,/media/wenchang/F/wjq/TTIE/runs/20260912-191947-ttie-t014-stage-b/artifacts/audit/episodes/048/outputs.pt,06a590e90a9968dcaf465a4e01ef32dfa0b6ed1de1ac4165e7b46c7739104257
51738,quadrants,0.8833445023301189,0.9126849792269032,0.029340476896784318,/media/wenchang/F/wjq/TTIE/runs/20260912-191947-ttie-t014-stage-b/artifacts/audit/episodes/052/outputs.pt,16d22d3c739320ccd56f841f97438bea8aca0569465bc2554c50e80bed90b810,/media/wenchang/F/wjq/TTIE/runs/20260912-191947-ttie-t014-stage-b/artifacts/audit/episodes/048/outputs.pt,06a590e90a9968dcaf465a4e01ef32dfa0b6ed1de1ac4165e7b46c7739104257
51938,clean,1.0,1.0,0.0,/media/wenchang/F/wjq/TTIE/runs/20260912-191947-ttie-t014-stage-b/artifacts/audit/episodes/054/outputs.pt,9062cf8dc74d85b04a24f59aa1934551da516dac454a1da1afaa1afddbd7a2bc,/media/wenchang/F/wjq/TTIE/runs/20260912-191947-ttie-t014-stage-b/artifacts/audit/episodes/054/outputs.pt,9062cf8dc74d85b04a24f59aa1934551da516dac454a1da1afaa1afddbd7a2bc
51938,homogeneous_dark,0.8005076334541352,0.8059611268965663,0.005453493442431068,/media/wenchang/F/wjq/TTIE/runs/20260912-191947-ttie-t014-stage-b/artifacts/audit/episodes/055/outputs.pt,987174005c22eaf2af05974e5db64550ef253552ddcd31d1157411017042edf1,/media/wenchang/F/wjq/TTIE/runs/20260912-191947-ttie-t014-stage-b/artifacts/audit/episodes/054/outputs.pt,9062cf8dc74d85b04a24f59aa1934551da516dac454a1da1afaa1afddbd7a2bc
51938,homogeneous_bright,0.8555722684785224,0.8571077485064758,0.0015354800279533398,/media/wenchang/F/wjq/TTIE/runs/20260912-191947-ttie-t014-stage-b/artifacts/audit/episodes/056/outputs.pt,1d17f49f90271197e38e0b7129d5e9d4483a073f0cb1f01ef5fd0ebf07b822ae,/media/wenchang/F/wjq/TTIE/runs/20260912-191947-ttie-t014-stage-b/artifacts/audit/episodes/054/outputs.pt,9062cf8dc74d85b04a24f59aa1934551da516dac454a1da1afaa1afddbd7a2bc
51938,left_right,0.8816359788472259,0.8816359788472259,0.0,/media/wenchang/F/wjq/TTIE/runs/20260912-191947-ttie-t014-stage-b/artifacts/audit/episodes/057/outputs.pt,092648130ff320a2fd74d38675f68755028370f50421503e1ce22a35a7fcc76a,/media/wenchang/F/wjq/TTIE/runs/20260912-191947-ttie-t014-stage-b/artifacts/audit/episodes/054/outputs.pt,9062cf8dc74d85b04a24f59aa1934551da516dac454a1da1afaa1afddbd7a2bc
51938,quadrants,0.7729174274807494,0.8271989787694976,0.05428155128874812,/media/wenchang/F/wjq/TTIE/runs/20260912-191947-ttie-t014-stage-b/artifacts/audit/episodes/058/outputs.pt,824262a383934d113487b296baecf835f974d772590409f13e70ac8a69309442,/media/wenchang/F/wjq/TTIE/runs/20260912-191947-ttie-t014-stage-b/artifacts/audit/episodes/054/outputs.pt,9062cf8dc74d85b04a24f59aa1934551da516dac454a1da1afaa1afddbd7a2bc
51961,clean,1.0,1.0,0.0,/media/wenchang/F/wjq/TTIE/runs/20260912-191947-ttie-t014-stage-b/artifacts/audit/episodes/060/outputs.pt,2541e3c68148f71c95491d4e092a89ee37181605d4e7d09b8d4c51acc6b68127,/media/wenchang/F/wjq/TTIE/runs/20260912-191947-ttie-t014-stage-b/artifacts/audit/episodes/060/outputs.pt,2541e3c68148f71c95491d4e092a89ee37181605d4e7d09b8d4c51acc6b68127
51961,homogeneous_dark,0.6680979681566207,0.6714353818001204,0.0033374136434997093,/media/wenchang/F/wjq/TTIE/runs/20260912-191947-ttie-t014-stage-b/artifacts/audit/episodes/061/outputs.pt,83944317b4d2915cb0d616cb169780411ae1adcf4ff3bca4214948496ce24902,/media/wenchang/F/wjq/TTIE/runs/20260912-191947-ttie-t014-stage-b/artifacts/audit/episodes/060/outputs.pt,2541e3c68148f71c95491d4e092a89ee37181605d4e7d09b8d4c51acc6b68127
51961,homogeneous_bright,0.8585621364849785,0.87436436426721,0.015802227782231504,/media/wenchang/F/wjq/TTIE/runs/20260912-191947-ttie-t014-stage-b/artifacts/audit/episodes/062/outputs.pt,605be94b99b1c0e359300b5752d439fb02e6311c7dd87d7fd3b025a7b7990656,/media/wenchang/F/wjq/TTIE/runs/20260912-191947-ttie-t014-stage-b/artifacts/audit/episodes/060/outputs.pt,2541e3c68148f71c95491d4e092a89ee37181605d4e7d09b8d4c51acc6b68127
51961,left_right,0.7036425699860703,0.7410792627416558,0.03743669275558548,/media/wenchang/F/wjq/TTIE/runs/20260912-191947-ttie-t014-stage-b/artifacts/audit/episodes/063/outputs.pt,200a14a091d5e27f661387b815db0f0de14f53c89495354a22bad96d641417ab,/media/wenchang/F/wjq/TTIE/runs/20260912-191947-ttie-t014-stage-b/artifacts/audit/episodes/060/outputs.pt,2541e3c68148f71c95491d4e092a89ee37181605d4e7d09b8d4c51acc6b68127
51961,quadrants,0.7820163889540683,0.7868814416408156,0.0048650526867473065,/media/wenchang/F/wjq/TTIE/runs/20260912-191947-ttie-t014-stage-b/artifacts/audit/episodes/064/outputs.pt,6fcd342c8fbe098e3a907a174e43b22550794813fa0b5a7d23b50573aecdc40d,/media/wenchang/F/wjq/TTIE/runs/20260912-191947-ttie-t014-stage-b/artifacts/audit/episodes/060/outputs.pt,2541e3c68148f71c95491d4e092a89ee37181605d4e7d09b8d4c51acc6b68127
51976,clean,0.9686669464732233,0.9768934584030938,0.008226511929870561,/media/wenchang/F/wjq/TTIE/runs/20260912-191947-ttie-t014-stage-b/artifacts/audit/episodes/066/outputs.pt,7f20395fa4df818384405bbfcd7d30d039158b3c894864d869a78835d612af3f,/media/wenchang/F/wjq/TTIE/runs/20260912-191947-ttie-t014-stage-b/artifacts/audit/episodes/066/outputs.pt,7f20395fa4df818384405bbfcd7d30d039158b3c894864d869a78835d612af3f
51976,homogeneous_dark,0.9523463762202989,0.9525162104387758,0.00016983421847682756,/media/wenchang/F/wjq/TTIE/runs/20260912-191947-ttie-t014-stage-b/artifacts/audit/episodes/067/outputs.pt,3ed48a9b7f45882557582bf2010cda0872b08ebe996877c8eda63b4f61be3a1e,/media/wenchang/F/wjq/TTIE/runs/20260912-191947-ttie-t014-stage-b/artifacts/audit/episodes/066/outputs.pt,7f20395fa4df818384405bbfcd7d30d039158b3c894864d869a78835d612af3f
51976,homogeneous_bright,0.9069904150101435,0.931606479408381,0.02461606439823749,/media/wenchang/F/wjq/TTIE/runs/20260912-191947-ttie-t014-stage-b/artifacts/audit/episodes/068/outputs.pt,4858c5f873867bc82c76326f6b5f8bec0c5160abe17aed866393ba04299ed6b4,/media/wenchang/F/wjq/TTIE/runs/20260912-191947-ttie-t014-stage-b/artifacts/audit/episodes/066/outputs.pt,7f20395fa4df818384405bbfcd7d30d039158b3c894864d869a78835d612af3f
51976,left_right,0.9151360679708731,0.9490136371860775,0.03387756921520435,/media/wenchang/F/wjq/TTIE/runs/20260912-191947-ttie-t014-stage-b/artifacts/audit/episodes/069/outputs.pt,5e0a3b720ac491a5d8a5540285957f33fecb22125b68060d2d067baa77966bed,/media/wenchang/F/wjq/TTIE/runs/20260912-191947-ttie-t014-stage-b/artifacts/audit/episodes/066/outputs.pt,7f20395fa4df818384405bbfcd7d30d039158b3c894864d869a78835d612af3f
51976,quadrants,0.9341150654286299,0.9456364011154551,0.01152133568682523,/media/wenchang/F/wjq/TTIE/runs/20260912-191947-ttie-t014-stage-b/artifacts/audit/episodes/070/outputs.pt,ff782b0d527004844be2aaae6f5834017492785da69be7ac7361f5789f170265,/media/wenchang/F/wjq/TTIE/runs/20260912-191947-ttie-t014-stage-b/artifacts/audit/episodes/066/outputs.pt,7f20395fa4df818384405bbfcd7d30d039158b3c894864d869a78835d612af3f
52007,clean,1.0,1.0,0.0,/media/wenchang/F/wjq/TTIE/runs/20260912-191947-ttie-t014-stage-b/artifacts/audit/episodes/072/outputs.pt,a752e87102e3de149408ab3be72ce2f32bb9cae53557a8c73ebb78cc8e9dfe36,/media/wenchang/F/wjq/TTIE/runs/20260912-191947-ttie-t014-stage-b/artifacts/audit/episodes/072/outputs.pt,a752e87102e3de149408ab3be72ce2f32bb9cae53557a8c73ebb78cc8e9dfe36
52007,homogeneous_dark,0.6846791533803611,0.8155146480476023,0.1308354946672412,/media/wenchang/F/wjq/TTIE/runs/20260912-191947-ttie-t014-stage-b/artifacts/audit/episodes/073/outputs.pt,e7f769c7c95bd99bcae1272167506a0c80cdbdf0d031f4248d0cf5af2576267f,/media/wenchang/F/wjq/TTIE/runs/20260912-191947-ttie-t014-stage-b/artifacts/audit/episodes/072/outputs.pt,a752e87102e3de149408ab3be72ce2f32bb9cae53557a8c73ebb78cc8e9dfe36
52007,homogeneous_bright,0.853572491149919,0.8450448642419973,-0.008527626907921637,/media/wenchang/F/wjq/TTIE/runs/20260912-191947-ttie-t014-stage-b/artifacts/audit/episodes/074/outputs.pt,00586b3a18630b0fb3f543c8490f4e1d36e1a88e8a9d031d648219d52eb5d4dd,/media/wenchang/F/wjq/TTIE/runs/20260912-191947-ttie-t014-stage-b/artifacts/audit/episodes/072/outputs.pt,a752e87102e3de149408ab3be72ce2f32bb9cae53557a8c73ebb78cc8e9dfe36
52007,left_right,0.7772158602364306,0.795073336112222,0.01785747587579134,/media/wenchang/F/wjq/TTIE/runs/20260912-191947-ttie-t014-stage-b/artifacts/audit/episodes/075/outputs.pt,f0ea27469b9c63a341e2f2842311c0dd45ee49a68755281f3bf9c73e02bea008,/media/wenchang/F/wjq/TTIE/runs/20260912-191947-ttie-t014-stage-b/artifacts/audit/episodes/072/outputs.pt,a752e87102e3de149408ab3be72ce2f32bb9cae53557a8c73ebb78cc8e9dfe36
52007,quadrants,0.8693310998716408,0.8704689107147544,0.0011378108431135958,/media/wenchang/F/wjq/TTIE/runs/20260912-191947-ttie-t014-stage-b/artifacts/audit/episodes/076/outputs.pt,9c9f54e0b5ab51ed0bc6a87f4b72037dcb8f4b6987aa548a3d216f7e5321d0be,/media/wenchang/F/wjq/TTIE/runs/20260912-191947-ttie-t014-stage-b/artifacts/audit/episodes/072/outputs.pt,a752e87102e3de149408ab3be72ce2f32bb9cae53557a8c73ebb78cc8e9dfe36
52017,clean,1.0,1.0,0.0,/media/wenchang/F/wjq/TTIE/runs/20260912-191947-ttie-t014-stage-b/artifacts/audit/episodes/078/outputs.pt,5f73954463b1a03b8a34d49515daf7c11d6bb4bab733fca77fd5a0e0bac22c73,/media/wenchang/F/wjq/TTIE/runs/20260912-191947-ttie-t014-stage-b/artifacts/audit/episodes/078/outputs.pt,5f73954463b1a03b8a34d49515daf7c11d6bb4bab733fca77fd5a0e0bac22c73
52017,homogeneous_dark,0.8037637239983408,0.8157406114203726,0.011976887422031735,/media/wenchang/F/wjq/TTIE/runs/20260912-191947-ttie-t014-stage-b/artifacts/audit/episodes/079/outputs.pt,39f1478bdeedd773ef04188bb418fcfbcc17ed82a1db0cbcf644babd9b8c5e89,/media/wenchang/F/wjq/TTIE/runs/20260912-191947-ttie-t014-stage-b/artifacts/audit/episodes/078/outputs.pt,5f73954463b1a03b8a34d49515daf7c11d6bb4bab733fca77fd5a0e0bac22c73
52017,homogeneous_bright,0.9494067636551484,0.9632531655064279,0.0138464018512795,/media/wenchang/F/wjq/TTIE/runs/20260912-191947-ttie-t014-stage-b/artifacts/audit/episodes/080/outputs.pt,46c8e559124e4c84dd17e4e48650884dff0948b99b1ea092fa5706e5a7934ce4,/media/wenchang/F/wjq/TTIE/runs/20260912-191947-ttie-t014-stage-b/artifacts/audit/episodes/078/outputs.pt,5f73954463b1a03b8a34d49515daf7c11d6bb4bab733fca77fd5a0e0bac22c73
52017,left_right,0.88120467508042,0.8870699962819216,0.005865321201501628,/media/wenchang/F/wjq/TTIE/runs/20260912-191947-ttie-t014-stage-b/artifacts/audit/episodes/081/outputs.pt,6192d0a281c9c89a8cc2fbcdd76e382fe9efd74aaeaf70efe95158554d8210db,/media/wenchang/F/wjq/TTIE/runs/20260912-191947-ttie-t014-stage-b/artifacts/audit/episodes/078/outputs.pt,5f73954463b1a03b8a34d49515daf7c11d6bb4bab733fca77fd5a0e0bac22c73
52017,quadrants,0.8109143109151775,0.8280824059797861,0.01716809506460859,/media/wenchang/F/wjq/TTIE/runs/20260912-191947-ttie-t014-stage-b/artifacts/audit/episodes/082/outputs.pt,952abbc4cd8dfa5ed13f4198162c1b5b3aeb573b9d90258b07feb7fc1dddd629,/media/wenchang/F/wjq/TTIE/runs/20260912-191947-ttie-t014-stage-b/artifacts/audit/episodes/078/outputs.pt,5f73954463b1a03b8a34d49515daf7c11d6bb4bab733fca77fd5a0e0bac22c73
52412,clean,1.0,1.0,0.0,/media/wenchang/F/wjq/TTIE/runs/20260912-191947-ttie-t014-stage-b/artifacts/audit/episodes/084/outputs.pt,f4895515e9584e0f1e529b6acf31701acf07ecbda59e80de508006d56ab367d3,/media/wenchang/F/wjq/TTIE/runs/20260912-191947-ttie-t014-stage-b/artifacts/audit/episodes/084/outputs.pt,f4895515e9584e0f1e529b6acf31701acf07ecbda59e80de508006d56ab367d3
52412,homogeneous_dark,0.8966158777014364,0.9184502816950365,0.02183440399360015,/media/wenchang/F/wjq/TTIE/runs/20260912-191947-ttie-t014-stage-b/artifacts/audit/episodes/085/outputs.pt,5bcaa2412b0b54142e06b3053b8dc2a912ddb495027d644d5cf11271d3292eca,/media/wenchang/F/wjq/TTIE/runs/20260912-191947-ttie-t014-stage-b/artifacts/audit/episodes/084/outputs.pt,f4895515e9584e0f1e529b6acf31701acf07ecbda59e80de508006d56ab367d3
52412,homogeneous_bright,0.8382822529659472,0.8456207513712507,0.00733849840530354,/media/wenchang/F/wjq/TTIE/runs/20260912-191947-ttie-t014-stage-b/artifacts/audit/episodes/086/outputs.pt,595948e6d2169974f8cda6329b1bafc7fb45ef7c5a2eadd679a3ac1daaa2eb58,/media/wenchang/F/wjq/TTIE/runs/20260912-191947-ttie-t014-stage-b/artifacts/audit/episodes/084/outputs.pt,f4895515e9584e0f1e529b6acf31701acf07ecbda59e80de508006d56ab367d3
52412,left_right,0.8765417637256925,0.8765417637256925,0.0,/media/wenchang/F/wjq/TTIE/runs/20260912-191947-ttie-t014-stage-b/artifacts/audit/episodes/087/outputs.pt,4adc8044a68265053e752c395ad608dcc5b4d7e680093060d8e53a27b04da231,/media/wenchang/F/wjq/TTIE/runs/20260912-191947-ttie-t014-stage-b/artifacts/audit/episodes/084/outputs.pt,f4895515e9584e0f1e529b6acf31701acf07ecbda59e80de508006d56ab367d3
52412,quadrants,0.8682019068664677,0.8682019068664677,0.0,/media/wenchang/F/wjq/TTIE/runs/20260912-191947-ttie-t014-stage-b/artifacts/audit/episodes/088/outputs.pt,db40068eb03b6615ca97a593de69e39bdebf0d8d6e2c96b3bb432800a41f281f,/media/wenchang/F/wjq/TTIE/runs/20260912-191947-ttie-t014-stage-b/artifacts/audit/episodes/084/outputs.pt,f4895515e9584e0f1e529b6acf31701acf07ecbda59e80de508006d56ab367d3
52413,clean,1.0,1.0,0.0,/media/wenchang/F/wjq/TTIE/runs/20260912-191947-ttie-t014-stage-b/artifacts/audit/episodes/090/outputs.pt,7f58b5796ef6843e248e5a10c172f37814baef2414c4599a5afbf23f60dceb54,/media/wenchang/F/wjq/TTIE/runs/20260912-191947-ttie-t014-stage-b/artifacts/audit/episodes/090/outputs.pt,7f58b5796ef6843e248e5a10c172f37814baef2414c4599a5afbf23f60dceb54
52413,homogeneous_dark,0.7812527290696593,0.8049004251761682,0.023647696106508964,/media/wenchang/F/wjq/TTIE/runs/20260912-191947-ttie-t014-stage-b/artifacts/audit/episodes/091/outputs.pt,6cc84e65700d6c4b7702884f6b599f8caf54ab34aedc42da73a7e13620b2147c,/media/wenchang/F/wjq/TTIE/runs/20260912-191947-ttie-t014-stage-b/artifacts/audit/episodes/090/outputs.pt,7f58b5796ef6843e248e5a10c172f37814baef2414c4599a5afbf23f60dceb54
52413,homogeneous_bright,0.8797851832085489,0.8573937439824033,-0.022391439226145615,/media/wenchang/F/wjq/TTIE/runs/20260912-191947-ttie-t014-stage-b/artifacts/audit/episodes/092/outputs.pt,1cec8551415073ee830d70752b25463d0539491fa89f88e510f2fc9cb0bdd194,/media/wenchang/F/wjq/TTIE/runs/20260912-191947-ttie-t014-stage-b/artifacts/audit/episodes/090/outputs.pt,7f58b5796ef6843e248e5a10c172f37814baef2414c4599a5afbf23f60dceb54
52413,left_right,0.8370890858274075,0.8293289634139763,-0.007760122413431159,/media/wenchang/F/wjq/TTIE/runs/20260912-191947-ttie-t014-stage-b/artifacts/audit/episodes/093/outputs.pt,67f0208a862a9e455f6e220dce674c379a5d1b0ad82ff0285ec27b03b0dc27a2,/media/wenchang/F/wjq/TTIE/runs/20260912-191947-ttie-t014-stage-b/artifacts/audit/episodes/090/outputs.pt,7f58b5796ef6843e248e5a10c172f37814baef2414c4599a5afbf23f60dceb54
52413,quadrants,0.7277321879235396,0.7569389703479527,0.029206782424413102,/media/wenchang/F/wjq/TTIE/runs/20260912-191947-ttie-t014-stage-b/artifacts/audit/episodes/094/outputs.pt,83cbc03a61f6a3a7567cef13c5ff7308cfce079a3e5c13bc0a5cd9d32de17a91,/media/wenchang/F/wjq/TTIE/runs/20260912-191947-ttie-t014-stage-b/artifacts/audit/episodes/090/outputs.pt,7f58b5796ef6843e248e5a10c172f37814baef2414c4599a5afbf23f60dceb54
52462,clean,1.0,1.0,0.0,/media/wenchang/F/wjq/TTIE/runs/20260912-191947-ttie-t014-stage-b/artifacts/audit/episodes/096/outputs.pt,5bf8a40debf1c76154484db675c5d5c87baabf97fb76aa5be9822902051bfc4b,/media/wenchang/F/wjq/TTIE/runs/20260912-191947-ttie-t014-stage-b/artifacts/audit/episodes/096/outputs.pt,5bf8a40debf1c76154484db675c5d5c87baabf97fb76aa5be9822902051bfc4b
52462,homogeneous_dark,0.5922273538573325,0.5922273538573325,0.0,/media/wenchang/F/wjq/TTIE/runs/20260912-191947-ttie-t014-stage-b/artifacts/audit/episodes/097/outputs.pt,68ba458a191c0b02fb78152c7482d94a7b528c0eeb154a2e269d52c646ecc841,/media/wenchang/F/wjq/TTIE/runs/20260912-191947-ttie-t014-stage-b/artifacts/audit/episodes/096/outputs.pt,5bf8a40debf1c76154484db675c5d5c87baabf97fb76aa5be9822902051bfc4b
52462,homogeneous_bright,0.6731155474743488,0.6945925459007348,0.021476998426386062,/media/wenchang/F/wjq/TTIE/runs/20260912-191947-ttie-t014-stage-b/artifacts/audit/episodes/098/outputs.pt,56922b14ac5b38d91447ed19f34a6f14421e90112d18b0574dd610b2164368d7,/media/wenchang/F/wjq/TTIE/runs/20260912-191947-ttie-t014-stage-b/artifacts/audit/episodes/096/outputs.pt,5bf8a40debf1c76154484db675c5d5c87baabf97fb76aa5be9822902051bfc4b
52462,left_right,0.6267601136685785,0.6498017228018654,0.0230416091332869,/media/wenchang/F/wjq/TTIE/runs/20260912-191947-ttie-t014-stage-b/artifacts/audit/episodes/099/outputs.pt,51be04c3d87674af1d27147b6df3863d5e9aad7fe96152fb08f9203a996dfbca,/media/wenchang/F/wjq/TTIE/runs/20260912-191947-ttie-t014-stage-b/artifacts/audit/episodes/096/outputs.pt,5bf8a40debf1c76154484db675c5d5c87baabf97fb76aa5be9822902051bfc4b
52462,quadrants,0.6306269406583422,0.6420444704047723,0.011417529746430066,/media/wenchang/F/wjq/TTIE/runs/20260912-191947-ttie-t014-stage-b/artifacts/audit/episodes/100/outputs.pt,57dcaa841478bf360f99935d24c797bd23c84e40d14be9e9122edf98edf70520,/media/wenchang/F/wjq/TTIE/runs/20260912-191947-ttie-t014-stage-b/artifacts/audit/episodes/096/outputs.pt,5bf8a40debf1c76154484db675c5d5c87baabf97fb76aa5be9822902051bfc4b
52507,clean,1.0,1.0,0.0,/media/wenchang/F/wjq/TTIE/runs/20260912-191947-ttie-t014-stage-b/artifacts/audit/episodes/102/outputs.pt,fecf149ee925d6f3c55825aeaf7e2551d5313a857e12d96878e486f4c20c2be6,/media/wenchang/F/wjq/TTIE/runs/20260912-191947-ttie-t014-stage-b/artifacts/audit/episodes/102/outputs.pt,fecf149ee925d6f3c55825aeaf7e2551d5313a857e12d96878e486f4c20c2be6
52507,homogeneous_dark,0.706733328864447,0.7142082810057288,0.007474952141281799,/media/wenchang/F/wjq/TTIE/runs/20260912-191947-ttie-t014-stage-b/artifacts/audit/episodes/103/outputs.pt,f00cf5f7e7965f310a63788c9b9a8d8cb78c1aad30fba417e710fa100b411402,/media/wenchang/F/wjq/TTIE/runs/20260912-191947-ttie-t014-stage-b/artifacts/audit/episodes/102/outputs.pt,fecf149ee925d6f3c55825aeaf7e2551d5313a857e12d96878e486f4c20c2be6
52507,homogeneous_bright,0.9514927359187678,0.9576329765926355,0.006140240673867647,/media/wenchang/F/wjq/TTIE/runs/20260912-191947-ttie-t014-stage-b/artifacts/audit/episodes/104/outputs.pt,2acdede2f49ef506274dec2c370bc7257c24f3e0eaab3e89f3cd09ad5bb0c1e0,/media/wenchang/F/wjq/TTIE/runs/20260912-191947-ttie-t014-stage-b/artifacts/audit/episodes/102/outputs.pt,fecf149ee925d6f3c55825aeaf7e2551d5313a857e12d96878e486f4c20c2be6
52507,left_right,0.8052999859192038,0.805940549191548,0.0006405632723441856,/media/wenchang/F/wjq/TTIE/runs/20260912-191947-ttie-t014-stage-b/artifacts/audit/episodes/105/outputs.pt,8a677fad08fb30fc0e83eeee59020361d7c7a8312c42c381725f42ea6a0fcf85,/media/wenchang/F/wjq/TTIE/runs/20260912-191947-ttie-t014-stage-b/artifacts/audit/episodes/102/outputs.pt,fecf149ee925d6f3c55825aeaf7e2551d5313a857e12d96878e486f4c20c2be6
52507,quadrants,0.8354717584557252,0.8518767665026894,0.01640500804696421,/media/wenchang/F/wjq/TTIE/runs/20260912-191947-ttie-t014-stage-b/artifacts/audit/episodes/106/outputs.pt,be30a892ab2f1ae3bdebbe0a89930a1e45759e23a32cf453b58fa966c3c7d762,/media/wenchang/F/wjq/TTIE/runs/20260912-191947-ttie-t014-stage-b/artifacts/audit/episodes/102/outputs.pt,fecf149ee925d6f3c55825aeaf7e2551d5313a857e12d96878e486f4c20c2be6
52565,clean,1.0,1.0,0.0,/media/wenchang/F/wjq/TTIE/runs/20260912-191947-ttie-t014-stage-b/artifacts/audit/episodes/108/outputs.pt,f742d37f750e2804234bf3578fee8cef92d70dddb6add29f370028880919f48e,/media/wenchang/F/wjq/TTIE/runs/20260912-191947-ttie-t014-stage-b/artifacts/audit/episodes/108/outputs.pt,f742d37f750e2804234bf3578fee8cef92d70dddb6add29f370028880919f48e
52565,homogeneous_dark,0.6584804808202005,0.8461356458474133,0.1876551650272128,/media/wenchang/F/wjq/TTIE/runs/20260912-191947-ttie-t014-stage-b/artifacts/audit/episodes/109/outputs.pt,249c6d054ef2023b0dab1c2738bf07b86ce1dd50a2776fb533ed5dfae8ef590c,/media/wenchang/F/wjq/TTIE/runs/20260912-191947-ttie-t014-stage-b/artifacts/audit/episodes/108/outputs.pt,f742d37f750e2804234bf3578fee8cef92d70dddb6add29f370028880919f48e
52565,homogeneous_bright,0.8773142299995208,0.8656314971283985,-0.011682732871122314,/media/wenchang/F/wjq/TTIE/runs/20260912-191947-ttie-t014-stage-b/artifacts/audit/episodes/110/outputs.pt,4d6be8a65ec67107dd1f74d1c793fb1ecc911db2ffce41ec76f74581cdcc7cb0,/media/wenchang/F/wjq/TTIE/runs/20260912-191947-ttie-t014-stage-b/artifacts/audit/episodes/108/outputs.pt,f742d37f750e2804234bf3578fee8cef92d70dddb6add29f370028880919f48e
52565,left_right,0.8386591069820224,0.8772412709585339,0.038582163976511485,/media/wenchang/F/wjq/TTIE/runs/20260912-191947-ttie-t014-stage-b/artifacts/audit/episodes/111/outputs.pt,be68067bb10142402b75d15700ee66bfec0f002b93f0e04e6265782aed079da8,/media/wenchang/F/wjq/TTIE/runs/20260912-191947-ttie-t014-stage-b/artifacts/audit/episodes/108/outputs.pt,f742d37f750e2804234bf3578fee8cef92d70dddb6add29f370028880919f48e
52565,quadrants,0.9057935547547271,0.8879221437987025,-0.017871410956024625,/media/wenchang/F/wjq/TTIE/runs/20260912-191947-ttie-t014-stage-b/artifacts/audit/episodes/112/outputs.pt,a032dfa1d884ca6ed8ef140abf75445b81a89cf4c3ba0e3891e69816196a5355,/media/wenchang/F/wjq/TTIE/runs/20260912-191947-ttie-t014-stage-b/artifacts/audit/episodes/108/outputs.pt,f742d37f750e2804234bf3578fee8cef92d70dddb6add29f370028880919f48e
52591,clean,1.0,1.0,0.0,/media/wenchang/F/wjq/TTIE/runs/20260912-191947-ttie-t014-stage-b/artifacts/audit/episodes/114/outputs.pt,f6142cc1f02d280d1ae5f8f5b88c1584af4907c7dc56b9ab6d3b58309d3ebf47,/media/wenchang/F/wjq/TTIE/runs/20260912-191947-ttie-t014-stage-b/artifacts/audit/episodes/114/outputs.pt,f6142cc1f02d280d1ae5f8f5b88c1584af4907c7dc56b9ab6d3b58309d3ebf47
52591,homogeneous_dark,0.6949642021829637,0.72925855973086,0.034294357547896226,/media/wenchang/F/wjq/TTIE/runs/20260912-191947-ttie-t014-stage-b/artifacts/audit/episodes/115/outputs.pt,15d5d48d48deee9c314065cf1015627de41853feba37967f834c634489272c38,/media/wenchang/F/wjq/TTIE/runs/20260912-191947-ttie-t014-stage-b/artifacts/audit/episodes/114/outputs.pt,f6142cc1f02d280d1ae5f8f5b88c1584af4907c7dc56b9ab6d3b58309d3ebf47
52591,homogeneous_bright,0.8118735826353358,0.8535876350925171,0.041714052457181294,/media/wenchang/F/wjq/TTIE/runs/20260912-191947-ttie-t014-stage-b/artifacts/audit/episodes/116/outputs.pt,bc6eecdd6ae394f409fb2dd90e4038c10bcaf81f350ba06c58625bab65ee6845,/media/wenchang/F/wjq/TTIE/runs/20260912-191947-ttie-t014-stage-b/artifacts/audit/episodes/114/outputs.pt,f6142cc1f02d280d1ae5f8f5b88c1584af4907c7dc56b9ab6d3b58309d3ebf47
52591,left_right,0.7147851663443378,0.7484634824015576,0.033678316057219826,/media/wenchang/F/wjq/TTIE/runs/20260912-191947-ttie-t014-stage-b/artifacts/audit/episodes/117/outputs.pt,e21a41071082c584b1f63cdab76af2cd78478fba8c1394d45ac14437f9f0b63e,/media/wenchang/F/wjq/TTIE/runs/20260912-191947-ttie-t014-stage-b/artifacts/audit/episodes/114/outputs.pt,f6142cc1f02d280d1ae5f8f5b88c1584af4907c7dc56b9ab6d3b58309d3ebf47
52591,quadrants,0.7342340563520893,0.7431431599937521,0.008909103641662863,/media/wenchang/F/wjq/TTIE/runs/20260912-191947-ttie-t014-stage-b/artifacts/audit/episodes/118/outputs.pt,328ca7c279f835e6b616efd0eca68be658f69200ce648babed2bc1980a39556b,/media/wenchang/F/wjq/TTIE/runs/20260912-191947-ttie-t014-stage-b/artifacts/audit/episodes/114/outputs.pt,f6142cc1f02d280d1ae5f8f5b88c1584af4907c7dc56b9ab6d3b58309d3ebf47
52891,clean,1.0,1.0,0.0,/media/wenchang/F/wjq/TTIE/runs/20260912-191947-ttie-t014-stage-b/artifacts/audit/episodes/120/outputs.pt,d1ffd19b6c2c63f00a56460e03f99c0a1c6fcb71b385c9edd113cd05250ac979,/media/wenchang/F/wjq/TTIE/runs/20260912-191947-ttie-t014-stage-b/artifacts/audit/episodes/120/outputs.pt,d1ffd19b6c2c63f00a56460e03f99c0a1c6fcb71b385c9edd113cd05250ac979
52891,homogeneous_dark,0.9375474292834689,0.9375474292834689,0.0,/media/wenchang/F/wjq/TTIE/runs/20260912-191947-ttie-t014-stage-b/artifacts/audit/episodes/121/outputs.pt,0adb17358377ae233ae8e3ab6085914d47d7ae07137f449031541837cdc77c00,/media/wenchang/F/wjq/TTIE/runs/20260912-191947-ttie-t014-stage-b/artifacts/audit/episodes/120/outputs.pt,d1ffd19b6c2c63f00a56460e03f99c0a1c6fcb71b385c9edd113cd05250ac979
52891,homogeneous_bright,0.8626116623135095,0.8773120085577151,0.014700346244205575,/media/wenchang/F/wjq/TTIE/runs/20260912-191947-ttie-t014-stage-b/artifacts/audit/episodes/122/outputs.pt,004bd068ea9b3bce2b6e7e2b34aa51d491a79fe2c7b56751d3abf44b57600c0e,/media/wenchang/F/wjq/TTIE/runs/20260912-191947-ttie-t014-stage-b/artifacts/audit/episodes/120/outputs.pt,d1ffd19b6c2c63f00a56460e03f99c0a1c6fcb71b385c9edd113cd05250ac979
52891,left_right,0.8906378839071633,0.8895276398628766,-0.0011102440442866124,/media/wenchang/F/wjq/TTIE/runs/20260912-191947-ttie-t014-stage-b/artifacts/audit/episodes/123/outputs.pt,8827c2725fb19357b56d79578f4baec02d19660cff6eb0996f75b9134b520a5d,/media/wenchang/F/wjq/TTIE/runs/20260912-191947-ttie-t014-stage-b/artifacts/audit/episodes/120/outputs.pt,d1ffd19b6c2c63f00a56460e03f99c0a1c6fcb71b385c9edd113cd05250ac979
52891,quadrants,0.9034131092477096,0.9102419731988912,0.006828863951181652,/media/wenchang/F/wjq/TTIE/runs/20260912-191947-ttie-t014-stage-b/artifacts/audit/episodes/124/outputs.pt,0e3a275fbe377c6827b18dd1b0c785d265a65014a37f83b1e24a7d3be6ba3f48,/media/wenchang/F/wjq/TTIE/runs/20260912-191947-ttie-t014-stage-b/artifacts/audit/episodes/120/outputs.pt,d1ffd19b6c2c63f00a56460e03f99c0a1c6fcb71b385c9edd113cd05250ac979
52996,clean,1.0,1.0,0.0,/media/wenchang/F/wjq/TTIE/runs/20260912-191947-ttie-t014-stage-b/artifacts/audit/episodes/126/outputs.pt,debeae9aa257bafb817c34ded2d17f717c367570d26c915008af4bb55ff304a9,/media/wenchang/F/wjq/TTIE/runs/20260912-191947-ttie-t014-stage-b/artifacts/audit/episodes/126/outputs.pt,debeae9aa257bafb817c34ded2d17f717c367570d26c915008af4bb55ff304a9
52996,homogeneous_dark,0.9518549083572942,0.9518549083572942,0.0,/media/wenchang/F/wjq/TTIE/runs/20260912-191947-ttie-t014-stage-b/artifacts/audit/episodes/127/outputs.pt,08c6895116d197724ce7bffaff6853ef5b98ae698d3f73c9d2faada1baccce1a,/media/wenchang/F/wjq/TTIE/runs/20260912-191947-ttie-t014-stage-b/artifacts/audit/episodes/126/outputs.pt,debeae9aa257bafb817c34ded2d17f717c367570d26c915008af4bb55ff304a9
52996,homogeneous_bright,0.916174660766299,0.9183867681616068,0.0022121073953077497,/media/wenchang/F/wjq/TTIE/runs/20260912-191947-ttie-t014-stage-b/artifacts/audit/episodes/128/outputs.pt,7ca6f2cc4b272820d8c4fbc22143f22de2a99f4cd8c8a2a938fe6c29eb5509ab,/media/wenchang/F/wjq/TTIE/runs/20260912-191947-ttie-t014-stage-b/artifacts/audit/episodes/126/outputs.pt,debeae9aa257bafb817c34ded2d17f717c367570d26c915008af4bb55ff304a9
52996,left_right,0.8601942424199642,0.9496810274355089,0.08948678501554463,/media/wenchang/F/wjq/TTIE/runs/20260912-191947-ttie-t014-stage-b/artifacts/audit/episodes/129/outputs.pt,27a8503d75c91c0497039e47f8d367a7e3648fcfdb6c1d358d03cc5a5cb55d4b,/media/wenchang/F/wjq/TTIE/runs/20260912-191947-ttie-t014-stage-b/artifacts/audit/episodes/126/outputs.pt,debeae9aa257bafb817c34ded2d17f717c367570d26c915008af4bb55ff304a9
52996,quadrants,0.9064199631528024,0.9514518260494285,0.045031862896626085,/media/wenchang/F/wjq/TTIE/runs/20260912-191947-ttie-t014-stage-b/artifacts/audit/episodes/130/outputs.pt,31b4a17e034db6c2ac3aaa4886c4b76a80d500502b2644fe53cd8efa3714c6a8,/media/wenchang/F/wjq/TTIE/runs/20260912-191947-ttie-t014-stage-b/artifacts/audit/episodes/126/outputs.pt,debeae9aa257bafb817c34ded2d17f717c367570d26c915008af4bb55ff304a9
53505,clean,1.0,1.0,0.0,/media/wenchang/F/wjq/TTIE/runs/20260912-191947-ttie-t014-stage-b/artifacts/audit/episodes/132/outputs.pt,69cebae9607f43b45a341ccad4ce7d5f5e5866bac13b1781ae6b2f5c171425c7,/media/wenchang/F/wjq/TTIE/runs/20260912-191947-ttie-t014-stage-b/artifacts/audit/episodes/132/outputs.pt,69cebae9607f43b45a341ccad4ce7d5f5e5866bac13b1781ae6b2f5c171425c7
53505,homogeneous_dark,0.7638391457755069,0.8188027715945544,0.05496362581904746,/media/wenchang/F/wjq/TTIE/runs/20260912-191947-ttie-t014-stage-b/artifacts/audit/episodes/133/outputs.pt,84784fe4a8fbef9036ef05168bccfb6b6298f9d1608cf3eb987067bd32e423ef,/media/wenchang/F/wjq/TTIE/runs/20260912-191947-ttie-t014-stage-b/artifacts/audit/episodes/132/outputs.pt,69cebae9607f43b45a341ccad4ce7d5f5e5866bac13b1781ae6b2f5c171425c7
53505,homogeneous_bright,0.8600429402006183,0.8932987596439642,0.03325581944334588,/media/wenchang/F/wjq/TTIE/runs/20260912-191947-ttie-t014-stage-b/artifacts/audit/episodes/134/outputs.pt,f5cf05141ee5ac26b96787fea4d4a81ec7fbcfeb2bb0c13536a6963da949b5a4,/media/wenchang/F/wjq/TTIE/runs/20260912-191947-ttie-t014-stage-b/artifacts/audit/episodes/132/outputs.pt,69cebae9607f43b45a341ccad4ce7d5f5e5866bac13b1781ae6b2f5c171425c7
53505,left_right,0.7434925891774531,0.8481122396837026,0.10461965050624955,/media/wenchang/F/wjq/TTIE/runs/20260912-191947-ttie-t014-stage-b/artifacts/audit/episodes/135/outputs.pt,5bf77110ff015d410fde2e99de461e45a5aab2ac4381aadb9dcc40fdb9a59500,/media/wenchang/F/wjq/TTIE/runs/20260912-191947-ttie-t014-stage-b/artifacts/audit/episodes/132/outputs.pt,69cebae9607f43b45a341ccad4ce7d5f5e5866bac13b1781ae6b2f5c171425c7
53505,quadrants,0.8472075062991086,0.8453508628059144,-0.0018566434931941433,/media/wenchang/F/wjq/TTIE/runs/20260912-191947-ttie-t014-stage-b/artifacts/audit/episodes/136/outputs.pt,fa476b9f67a1d0a1b8358f15504e417b702f32c312bae05e55220e576d115549,/media/wenchang/F/wjq/TTIE/runs/20260912-191947-ttie-t014-stage-b/artifacts/audit/episodes/132/outputs.pt,69cebae9607f43b45a341ccad4ce7d5f5e5866bac13b1781ae6b2f5c171425c7
53529,clean,1.0,1.0,0.0,/media/wenchang/F/wjq/TTIE/runs/20260912-191947-ttie-t014-stage-b/artifacts/audit/episodes/138/outputs.pt,8e87aaef5e7057a7eb401b2e39c04cf18c0978dcd6a7b913d04acb1f892d946b,/media/wenchang/F/wjq/TTIE/runs/20260912-191947-ttie-t014-stage-b/artifacts/audit/episodes/138/outputs.pt,8e87aaef5e7057a7eb401b2e39c04cf18c0978dcd6a7b913d04acb1f892d946b
53529,homogeneous_dark,0.9068091029550249,0.937880206029995,0.031071103074970075,/media/wenchang/F/wjq/TTIE/runs/20260912-191947-ttie-t014-stage-b/artifacts/audit/episodes/139/outputs.pt,20941cce09b9b4b088e82b4add930c71ce628664321ac9a07297c667ae7506e2,/media/wenchang/F/wjq/TTIE/runs/20260912-191947-ttie-t014-stage-b/artifacts/audit/episodes/138/outputs.pt,8e87aaef5e7057a7eb401b2e39c04cf18c0978dcd6a7b913d04acb1f892d946b
53529,homogeneous_bright,0.889592486419098,0.9027056800965834,0.013113193677485313,/media/wenchang/F/wjq/TTIE/runs/20260912-191947-ttie-t014-stage-b/artifacts/audit/episodes/140/outputs.pt,d5f294907ea53a72fb83f29db5d44f99bcf1844432d1b3bd918c2fcad7f5263a,/media/wenchang/F/wjq/TTIE/runs/20260912-191947-ttie-t014-stage-b/artifacts/audit/episodes/138/outputs.pt,8e87aaef5e7057a7eb401b2e39c04cf18c0978dcd6a7b913d04acb1f892d946b
53529,left_right,0.8352367943079835,0.9218650190507699,0.08662822474278642,/media/wenchang/F/wjq/TTIE/runs/20260912-191947-ttie-t014-stage-b/artifacts/audit/episodes/141/outputs.pt,3fc8dc3bd0c647f654e25f90c90964ff19277859ceb15c97df5d4657fc8052eb,/media/wenchang/F/wjq/TTIE/runs/20260912-191947-ttie-t014-stage-b/artifacts/audit/episodes/138/outputs.pt,8e87aaef5e7057a7eb401b2e39c04cf18c0978dcd6a7b913d04acb1f892d946b
53529,quadrants,0.8859529824124378,0.9001300935350898,0.014177111122651964,/media/wenchang/F/wjq/TTIE/runs/20260912-191947-ttie-t014-stage-b/artifacts/audit/episodes/142/outputs.pt,38550e4a213511cafd513f6a02871b3fed16b02f73f55335537d188f3194a6fd,/media/wenchang/F/wjq/TTIE/runs/20260912-191947-ttie-t014-stage-b/artifacts/audit/episodes/138/outputs.pt,8e87aaef5e7057a7eb401b2e39c04cf18c0978dcd6a7b913d04acb1f892d946b
53624,clean,1.0,1.0,0.0,/media/wenchang/F/wjq/TTIE/runs/20260912-191947-ttie-t014-stage-b/artifacts/audit/episodes/144/outputs.pt,8835c977491635862128d3b1f96043441e0505ccb31795cd0a1ea101fac9de93,/media/wenchang/F/wjq/TTIE/runs/20260912-191947-ttie-t014-stage-b/artifacts/audit/episodes/144/outputs.pt,8835c977491635862128d3b1f96043441e0505ccb31795cd0a1ea101fac9de93
53624,homogeneous_dark,0.9129644586696148,0.9129644586696148,0.0,/media/wenchang/F/wjq/TTIE/runs/20260912-191947-ttie-t014-stage-b/artifacts/audit/episodes/145/outputs.pt,9feea26c0fbb6dcaeb1f32f26e15344aef4845bd2f1a65a19d3cd7316b49655f,/media/wenchang/F/wjq/TTIE/runs/20260912-191947-ttie-t014-stage-b/artifacts/audit/episodes/144/outputs.pt,8835c977491635862128d3b1f96043441e0505ccb31795cd0a1ea101fac9de93
53624,homogeneous_bright,0.7847516849216707,0.8030439008504555,0.018292215928784827,/media/wenchang/F/wjq/TTIE/runs/20260912-191947-ttie-t014-stage-b/artifacts/audit/episodes/146/outputs.pt,a963b16fe67852e3f27daf8f4e8f3f3186c899dd13e32bb69e4e565e2988670c,/media/wenchang/F/wjq/TTIE/runs/20260912-191947-ttie-t014-stage-b/artifacts/audit/episodes/144/outputs.pt,8835c977491635862128d3b1f96043441e0505ccb31795cd0a1ea101fac9de93
53624,left_right,0.8311286530295984,0.8398922639780715,0.00876361094847311,/media/wenchang/F/wjq/TTIE/runs/20260912-191947-ttie-t014-stage-b/artifacts/audit/episodes/147/outputs.pt,5fb3d4d42daeaa761da28f0938bbafdb9eb60f1dc49ee5f233528fb48a309281,/media/wenchang/F/wjq/TTIE/runs/20260912-191947-ttie-t014-stage-b/artifacts/audit/episodes/144/outputs.pt,8835c977491635862128d3b1f96043441e0505ccb31795cd0a1ea101fac9de93
53624,quadrants,0.8461654083937594,0.8409041127018109,-0.005261295691948553,/media/wenchang/F/wjq/TTIE/runs/20260912-191947-ttie-t014-stage-b/artifacts/audit/episodes/148/outputs.pt,eea4d40e70599575e0cf9afa5cf734dc2c6f4f3b37c3eff48917f4fa7909413e,/media/wenchang/F/wjq/TTIE/runs/20260912-191947-ttie-t014-stage-b/artifacts/audit/episodes/144/outputs.pt,8835c977491635862128d3b1f96043441e0505ccb31795cd0a1ea101fac9de93
53626,clean,1.0,1.0,0.0,/media/wenchang/F/wjq/TTIE/runs/20260912-191947-ttie-t014-stage-b/artifacts/audit/episodes/150/outputs.pt,0e62815862140fd4c7561807273678d8c9c6da0aac5f89157a0e94842e4bc1b5,/media/wenchang/F/wjq/TTIE/runs/20260912-191947-ttie-t014-stage-b/artifacts/audit/episodes/150/outputs.pt,0e62815862140fd4c7561807273678d8c9c6da0aac5f89157a0e94842e4bc1b5
53626,homogeneous_dark,0.6457424828852005,0.6832236150922042,0.037481132207003665,/media/wenchang/F/wjq/TTIE/runs/20260912-191947-ttie-t014-stage-b/artifacts/audit/episodes/151/outputs.pt,218ae5e76430742eff822387e9403837689992c603735338d534936ab657844a,/media/wenchang/F/wjq/TTIE/runs/20260912-191947-ttie-t014-stage-b/artifacts/audit/episodes/150/outputs.pt,0e62815862140fd4c7561807273678d8c9c6da0aac5f89157a0e94842e4bc1b5
53626,homogeneous_bright,0.7136717016429722,0.7284216515800891,0.014749949937116869,/media/wenchang/F/wjq/TTIE/runs/20260912-191947-ttie-t014-stage-b/artifacts/audit/episodes/152/outputs.pt,383da5c2ab48fca53e6db2fb6e6260430b1b3c68bd67faedf38c3244fe794699,/media/wenchang/F/wjq/TTIE/runs/20260912-191947-ttie-t014-stage-b/artifacts/audit/episodes/150/outputs.pt,0e62815862140fd4c7561807273678d8c9c6da0aac5f89157a0e94842e4bc1b5
53626,left_right,0.7017554135055318,0.7289976295937661,0.027242216088234295,/media/wenchang/F/wjq/TTIE/runs/20260912-191947-ttie-t014-stage-b/artifacts/audit/episodes/153/outputs.pt,1b72d8a1b9e39af8970b8d182e3f0568ce5e59df702432bfec4801ecb85289a9,/media/wenchang/F/wjq/TTIE/runs/20260912-191947-ttie-t014-stage-b/artifacts/audit/episodes/150/outputs.pt,0e62815862140fd4c7561807273678d8c9c6da0aac5f89157a0e94842e4bc1b5
53626,quadrants,0.7115174641656203,0.7154826006783799,0.003965136512759537,/media/wenchang/F/wjq/TTIE/runs/20260912-191947-ttie-t014-stage-b/artifacts/audit/episodes/154/outputs.pt,6a045309815664d98305071d47a3986921f868d1e6418691e3932fe600b55519,/media/wenchang/F/wjq/TTIE/runs/20260912-191947-ttie-t014-stage-b/artifacts/audit/episodes/150/outputs.pt,0e62815862140fd4c7561807273678d8c9c6da0aac5f89157a0e94842e4bc1b5
53909,clean,1.0,1.0,0.0,/media/wenchang/F/wjq/TTIE/runs/20260912-191947-ttie-t014-stage-b/artifacts/audit/episodes/156/outputs.pt,83161b165fa4534d66f440cfb81aaac1efd57384de26d2f4ca0ae14cf33dbd80,/media/wenchang/F/wjq/TTIE/runs/20260912-191947-ttie-t014-stage-b/artifacts/audit/episodes/156/outputs.pt,83161b165fa4534d66f440cfb81aaac1efd57384de26d2f4ca0ae14cf33dbd80
53909,homogeneous_dark,0.6699264429422094,0.862916364139257,0.1929899211970476,/media/wenchang/F/wjq/TTIE/runs/20260912-191947-ttie-t014-stage-b/artifacts/audit/episodes/157/outputs.pt,84ec24d6ab5a4147cf8d55e328c1ad557b8b902e1068515df4fc431ff3e00e44,/media/wenchang/F/wjq/TTIE/runs/20260912-191947-ttie-t014-stage-b/artifacts/audit/episodes/156/outputs.pt,83161b165fa4534d66f440cfb81aaac1efd57384de26d2f4ca0ae14cf33dbd80
53909,homogeneous_bright,0.8236430290699193,0.8376364229062738,0.013993393836354562,/media/wenchang/F/wjq/TTIE/runs/20260912-191947-ttie-t014-stage-b/artifacts/audit/episodes/158/outputs.pt,f6ffe0f97ac46d7953c3f9eb26d32034ea9b88ca38d658907dfe7a924b5ffc6f,/media/wenchang/F/wjq/TTIE/runs/20260912-191947-ttie-t014-stage-b/artifacts/audit/episodes/156/outputs.pt,83161b165fa4534d66f440cfb81aaac1efd57384de26d2f4ca0ae14cf33dbd80
53909,left_right,0.7323954655917249,0.8140909982145026,0.08169553262277773,/media/wenchang/F/wjq/TTIE/runs/20260912-191947-ttie-t014-stage-b/artifacts/audit/episodes/159/outputs.pt,ed2f9ff75c6902a0d62ebd50174d9af5a05025aa79c68350c9b6c82b652ba549,/media/wenchang/F/wjq/TTIE/runs/20260912-191947-ttie-t014-stage-b/artifacts/audit/episodes/156/outputs.pt,83161b165fa4534d66f440cfb81aaac1efd57384de26d2f4ca0ae14cf33dbd80
53909,quadrants,0.8741702398533586,0.8741702398533586,0.0,/media/wenchang/F/wjq/TTIE/runs/20260912-191947-ttie-t014-stage-b/artifacts/audit/episodes/160/outputs.pt,901bc2d00d1d697d6126d49070af4857cd1303a9ab9ce3d281521fd37274e517,/media/wenchang/F/wjq/TTIE/runs/20260912-191947-ttie-t014-stage-b/artifacts/audit/episodes/156/outputs.pt,83161b165fa4534d66f440cfb81aaac1efd57384de26d2f4ca0ae14cf33dbd80
53994,clean,1.0,1.0,0.0,/media/wenchang/F/wjq/TTIE/runs/20260912-191947-ttie-t014-stage-b/artifacts/audit/episodes/162/outputs.pt,ee8e16eb71d4d4a46465d8af36b63a59ddad494388ee24ec352d20f253d42b67,/media/wenchang/F/wjq/TTIE/runs/20260912-191947-ttie-t014-stage-b/artifacts/audit/episodes/162/outputs.pt,ee8e16eb71d4d4a46465d8af36b63a59ddad494388ee24ec352d20f253d42b67
53994,homogeneous_dark,0.6599139899528216,0.7092968841068321,0.04938289415401054,/media/wenchang/F/wjq/TTIE/runs/20260912-191947-ttie-t014-stage-b/artifacts/audit/episodes/163/outputs.pt,dbd855446ea3989e3d2c438ae776c00519f74bcd403229bcbb1c3147bb1a5d98,/media/wenchang/F/wjq/TTIE/runs/20260912-191947-ttie-t014-stage-b/artifacts/audit/episodes/162/outputs.pt,ee8e16eb71d4d4a46465d8af36b63a59ddad494388ee24ec352d20f253d42b67
53994,homogeneous_bright,0.8892827892193719,0.8838303744980701,-0.005452414721301757,/media/wenchang/F/wjq/TTIE/runs/20260912-191947-ttie-t014-stage-b/artifacts/audit/episodes/164/outputs.pt,1c3db236f884af8027fbcf5aa0b9fe9f456b67e55b90156108fa343bbdc1cabd,/media/wenchang/F/wjq/TTIE/runs/20260912-191947-ttie-t014-stage-b/artifacts/audit/episodes/162/outputs.pt,ee8e16eb71d4d4a46465d8af36b63a59ddad494388ee24ec352d20f253d42b67
53994,left_right,0.7935295358515898,0.834579853277957,0.04105031742636722,/media/wenchang/F/wjq/TTIE/runs/20260912-191947-ttie-t014-stage-b/artifacts/audit/episodes/165/outputs.pt,e536c57421ef01fed6360544ea5a9ea0b8d2703bdbfa00515ca397be687255d0,/media/wenchang/F/wjq/TTIE/runs/20260912-191947-ttie-t014-stage-b/artifacts/audit/episodes/162/outputs.pt,ee8e16eb71d4d4a46465d8af36b63a59ddad494388ee24ec352d20f253d42b67
53994,quadrants,0.7815901639943457,0.7822045159244098,0.0006143519300640943,/media/wenchang/F/wjq/TTIE/runs/20260912-191947-ttie-t014-stage-b/artifacts/audit/episodes/166/outputs.pt,57aa0201d8db3a0f32729c63318540d973bcae9d9240248010303d0bb056e719,/media/wenchang/F/wjq/TTIE/runs/20260912-191947-ttie-t014-stage-b/artifacts/audit/episodes/162/outputs.pt,ee8e16eb71d4d4a46465d8af36b63a59ddad494388ee24ec352d20f253d42b67
54123,clean,1.0,1.0,0.0,/media/wenchang/F/wjq/TTIE/runs/20260912-191947-ttie-t014-stage-b/artifacts/audit/episodes/168/outputs.pt,bb2009d47ed812769058fa16a5ecfeb998db022455559b851ec088faf4aae292,/media/wenchang/F/wjq/TTIE/runs/20260912-191947-ttie-t014-stage-b/artifacts/audit/episodes/168/outputs.pt,bb2009d47ed812769058fa16a5ecfeb998db022455559b851ec088faf4aae292
54123,homogeneous_dark,0.5978516820225029,0.5978516820225029,0.0,/media/wenchang/F/wjq/TTIE/runs/20260912-191947-ttie-t014-stage-b/artifacts/audit/episodes/169/outputs.pt,2eb1ca7b7173b8ad741b93118f86724bbccba4225d1a56d58dcfb90da74e0515,/media/wenchang/F/wjq/TTIE/runs/20260912-191947-ttie-t014-stage-b/artifacts/audit/episodes/168/outputs.pt,bb2009d47ed812769058fa16a5ecfeb998db022455559b851ec088faf4aae292
54123,homogeneous_bright,0.9165688831916079,0.9229571377271081,0.006388254535500182,/media/wenchang/F/wjq/TTIE/runs/20260912-191947-ttie-t014-stage-b/artifacts/audit/episodes/170/outputs.pt,811e5f4cb50544a2928000cf023b746c6df2b61d2985392e603df41999970272,/media/wenchang/F/wjq/TTIE/runs/20260912-191947-ttie-t014-stage-b/artifacts/audit/episodes/168/outputs.pt,bb2009d47ed812769058fa16a5ecfeb998db022455559b851ec088faf4aae292
54123,left_right,0.7164100314810989,0.7522177394361749,0.03580770795507593,/media/wenchang/F/wjq/TTIE/runs/20260912-191947-ttie-t014-stage-b/artifacts/audit/episodes/171/outputs.pt,f8cd7270b0cd9d938b0ac0d40c2788f54e1881a7600ff2451fec4465f742d9e0,/media/wenchang/F/wjq/TTIE/runs/20260912-191947-ttie-t014-stage-b/artifacts/audit/episodes/168/outputs.pt,bb2009d47ed812769058fa16a5ecfeb998db022455559b851ec088faf4aae292
54123,quadrants,0.7243899666373567,0.7437702225199726,0.019380255882615938,/media/wenchang/F/wjq/TTIE/runs/20260912-191947-ttie-t014-stage-b/artifacts/audit/episodes/172/outputs.pt,db6b8dbeb5924a7f623b7baa18b28b8273a7fef467f2677aeb6495527bdc54f2,/media/wenchang/F/wjq/TTIE/runs/20260912-191947-ttie-t014-stage-b/artifacts/audit/episodes/168/outputs.pt,bb2009d47ed812769058fa16a5ecfeb998db022455559b851ec088faf4aae292
54164,clean,1.0,1.0,0.0,/media/wenchang/F/wjq/TTIE/runs/20260912-191947-ttie-t014-stage-b/artifacts/audit/episodes/174/outputs.pt,ee6ca23b7e23890c9489ccb6082b853f88bf1339da8849fbb7f5cb4737ddbab3,/media/wenchang/F/wjq/TTIE/runs/20260912-191947-ttie-t014-stage-b/artifacts/audit/episodes/174/outputs.pt,ee6ca23b7e23890c9489ccb6082b853f88bf1339da8849fbb7f5cb4737ddbab3
54164,homogeneous_dark,0.547877902353591,0.7383953267196252,0.19051742436603414,/media/wenchang/F/wjq/TTIE/runs/20260912-191947-ttie-t014-stage-b/artifacts/audit/episodes/175/outputs.pt,bbc62dc17a023a72643e23bc4a8c363aeb0f00ad9ce860de626be0756e593329,/media/wenchang/F/wjq/TTIE/runs/20260912-191947-ttie-t014-stage-b/artifacts/audit/episodes/174/outputs.pt,ee6ca23b7e23890c9489ccb6082b853f88bf1339da8849fbb7f5cb4737ddbab3
54164,homogeneous_bright,0.8056459031355243,0.8216929604244895,0.01604705728896516,/media/wenchang/F/wjq/TTIE/runs/20260912-191947-ttie-t014-stage-b/artifacts/audit/episodes/176/outputs.pt,33969f722374f882a9a5aa2dbc40d6148eb5a8574380a06d61fed547c443722d,/media/wenchang/F/wjq/TTIE/runs/20260912-191947-ttie-t014-stage-b/artifacts/audit/episodes/174/outputs.pt,ee6ca23b7e23890c9489ccb6082b853f88bf1339da8849fbb7f5cb4737ddbab3
54164,left_right,0.7852531853640617,0.7997723661432603,0.01451918077919856,/media/wenchang/F/wjq/TTIE/runs/20260912-191947-ttie-t014-stage-b/artifacts/audit/episodes/177/outputs.pt,e276a4b53cebc76091b4686ef3bfbef7244f88fea8fd411e00310583e26a894e,/media/wenchang/F/wjq/TTIE/runs/20260912-191947-ttie-t014-stage-b/artifacts/audit/episodes/174/outputs.pt,ee6ca23b7e23890c9489ccb6082b853f88bf1339da8849fbb7f5cb4737ddbab3
54164,quadrants,0.7760012384212556,0.7797122469287775,0.003711008507521929,/media/wenchang/F/wjq/TTIE/runs/20260912-191947-ttie-t014-stage-b/artifacts/audit/episodes/178/outputs.pt,c1523c26ab1797fc193dd0f44f47fc3348a1231e733c3c4ffaa7fcbd3fb56df5,/media/wenchang/F/wjq/TTIE/runs/20260912-191947-ttie-t014-stage-b/artifacts/audit/episodes/174/outputs.pt,ee6ca23b7e23890c9489ccb6082b853f88bf1339da8849fbb7f5cb4737ddbab3
54592,clean,1.0,1.0,0.0,/media/wenchang/F/wjq/TTIE/runs/20260912-191947-ttie-t014-stage-b/artifacts/audit/episodes/180/outputs.pt,fbcb01c971e35e9afc122af5aff8a89e1662b5d1dbaa7d13041a755f054ede76,/media/wenchang/F/wjq/TTIE/runs/20260912-191947-ttie-t014-stage-b/artifacts/audit/episodes/180/outputs.pt,fbcb01c971e35e9afc122af5aff8a89e1662b5d1dbaa7d13041a755f054ede76
54592,homogeneous_dark,0.9688031302013362,0.9688031302013362,0.0,/media/wenchang/F/wjq/TTIE/runs/20260912-191947-ttie-t014-stage-b/artifacts/audit/episodes/181/outputs.pt,f086b42da26b20b0984ca9a506ebb7082f83b6c67751ad7bdebb6a7fe7e25ee6,/media/wenchang/F/wjq/TTIE/runs/20260912-191947-ttie-t014-stage-b/artifacts/audit/episodes/180/outputs.pt,fbcb01c971e35e9afc122af5aff8a89e1662b5d1dbaa7d13041a755f054ede76
54592,homogeneous_bright,0.8758821726640958,0.8750142115251659,-0.0008679611389299513,/media/wenchang/F/wjq/TTIE/runs/20260912-191947-ttie-t014-stage-b/artifacts/audit/episodes/182/outputs.pt,84fa97b7707adfcdc7d92ac4d8f3052096d1f6bb72be871637c2d60c153bca71,/media/wenchang/F/wjq/TTIE/runs/20260912-191947-ttie-t014-stage-b/artifacts/audit/episodes/180/outputs.pt,fbcb01c971e35e9afc122af5aff8a89e1662b5d1dbaa7d13041a755f054ede76
54592,left_right,0.9144276782676715,0.9144276782676715,0.0,/media/wenchang/F/wjq/TTIE/runs/20260912-191947-ttie-t014-stage-b/artifacts/audit/episodes/183/outputs.pt,40a9c31883cb466c11511510a49e86aa3b56b62d3dca1dc5fafed6667a4edb6d,/media/wenchang/F/wjq/TTIE/runs/20260912-191947-ttie-t014-stage-b/artifacts/audit/episodes/180/outputs.pt,fbcb01c971e35e9afc122af5aff8a89e1662b5d1dbaa7d13041a755f054ede76
54592,quadrants,0.9030256746049873,0.9030256746049873,0.0,/media/wenchang/F/wjq/TTIE/runs/20260912-191947-ttie-t014-stage-b/artifacts/audit/episodes/184/outputs.pt,0012c3afde1caa51ceb9aa41151e3424df126cf54aaae4b1ef9ff3573a6a9fc6,/media/wenchang/F/wjq/TTIE/runs/20260912-191947-ttie-t014-stage-b/artifacts/audit/episodes/180/outputs.pt,fbcb01c971e35e9afc122af5aff8a89e1662b5d1dbaa7d13041a755f054ede76
54605,clean,1.0,1.0,0.0,/media/wenchang/F/wjq/TTIE/runs/20260912-191947-ttie-t014-stage-b/artifacts/audit/episodes/186/outputs.pt,50edd325322af06c11b76fea8eaf83443dfb6643cc24259d2130c56be59532c9,/media/wenchang/F/wjq/TTIE/runs/20260912-191947-ttie-t014-stage-b/artifacts/audit/episodes/186/outputs.pt,50edd325322af06c11b76fea8eaf83443dfb6643cc24259d2130c56be59532c9
54605,homogeneous_dark,0.9493292380216141,0.9493292380216141,0.0,/media/wenchang/F/wjq/TTIE/runs/20260912-191947-ttie-t014-stage-b/artifacts/audit/episodes/187/outputs.pt,3e289cde55ad9eb9fb903c5eb59bb1de71ea21870cfbcc2ae65d4a026fe0bd38,/media/wenchang/F/wjq/TTIE/runs/20260912-191947-ttie-t014-stage-b/artifacts/audit/episodes/186/outputs.pt,50edd325322af06c11b76fea8eaf83443dfb6643cc24259d2130c56be59532c9
54605,homogeneous_bright,0.8499500821243829,0.8725011970775586,0.022551114953175633,/media/wenchang/F/wjq/TTIE/runs/20260912-191947-ttie-t014-stage-b/artifacts/audit/episodes/188/outputs.pt,c813ac7f7298c5fcd4845937cd0e13c464d75be16d6433e1e491c1e903cb7647,/media/wenchang/F/wjq/TTIE/runs/20260912-191947-ttie-t014-stage-b/artifacts/audit/episodes/186/outputs.pt,50edd325322af06c11b76fea8eaf83443dfb6643cc24259d2130c56be59532c9
54605,left_right,0.9371572607930191,0.9126433667814304,-0.024513894011588655,/media/wenchang/F/wjq/TTIE/runs/20260912-191947-ttie-t014-stage-b/artifacts/audit/episodes/189/outputs.pt,14da8778afb60bea3ff63ce276ed7eead9d68329763c13b49b3914d2e34c0d0b,/media/wenchang/F/wjq/TTIE/runs/20260912-191947-ttie-t014-stage-b/artifacts/audit/episodes/186/outputs.pt,50edd325322af06c11b76fea8eaf83443dfb6643cc24259d2130c56be59532c9
54605,quadrants,0.8980718767571282,0.9084588146864633,0.010386937929335094,/media/wenchang/F/wjq/TTIE/runs/20260912-191947-ttie-t014-stage-b/artifacts/audit/episodes/190/outputs.pt,64798c24bf53ab1a6d560a5dff53d41eaea1c9034d67574d786cea01fc83bd20,/media/wenchang/F/wjq/TTIE/runs/20260912-191947-ttie-t014-stage-b/artifacts/audit/episodes/186/outputs.pt,50edd325322af06c11b76fea8eaf83443dfb6643cc24259d2130c56be59532c9
54628,clean,1.0,1.0,0.0,/media/wenchang/F/wjq/TTIE/runs/20260912-191947-ttie-t014-stage-b/artifacts/audit/episodes/192/outputs.pt,43ad08c0f6a0746460e571d2412c86b95b21ac604fa95054af7eb5a11a8b76ba,/media/wenchang/F/wjq/TTIE/runs/20260912-191947-ttie-t014-stage-b/artifacts/audit/episodes/192/outputs.pt,43ad08c0f6a0746460e571d2412c86b95b21ac604fa95054af7eb5a11a8b76ba
54628,homogeneous_dark,0.6850110479017012,0.7180628501999392,0.03305180229823801,/media/wenchang/F/wjq/TTIE/runs/20260912-191947-ttie-t014-stage-b/artifacts/audit/episodes/193/outputs.pt,fcb080f02fdb93a55817f56c2e3e43a990b6e9e087d1670589c5a238977a9899,/media/wenchang/F/wjq/TTIE/runs/20260912-191947-ttie-t014-stage-b/artifacts/audit/episodes/192/outputs.pt,43ad08c0f6a0746460e571d2412c86b95b21ac604fa95054af7eb5a11a8b76ba
54628,homogeneous_bright,0.905743528730412,0.9272494204997997,0.021505891769387775,/media/wenchang/F/wjq/TTIE/runs/20260912-191947-ttie-t014-stage-b/artifacts/audit/episodes/194/outputs.pt,67154f5754d7f5398b904d294d34730848dfa691131f3f1196b7fb033da3963d,/media/wenchang/F/wjq/TTIE/runs/20260912-191947-ttie-t014-stage-b/artifacts/audit/episodes/192/outputs.pt,43ad08c0f6a0746460e571d2412c86b95b21ac604fa95054af7eb5a11a8b76ba
54628,left_right,0.6891570372434641,0.8638511642881633,0.17469412704469922,/media/wenchang/F/wjq/TTIE/runs/20260912-191947-ttie-t014-stage-b/artifacts/audit/episodes/195/outputs.pt,7b06c225eb952efa502614f64b29ac859bc957f133cc5f2c7a7bd09f4da9b43c,/media/wenchang/F/wjq/TTIE/runs/20260912-191947-ttie-t014-stage-b/artifacts/audit/episodes/192/outputs.pt,43ad08c0f6a0746460e571d2412c86b95b21ac604fa95054af7eb5a11a8b76ba
54628,quadrants,0.868547142052064,0.8714347123669512,0.002887570314887289,/media/wenchang/F/wjq/TTIE/runs/20260912-191947-ttie-t014-stage-b/artifacts/audit/episodes/196/outputs.pt,f6bce438f39f6f47dcf95cd77b11025605e9a3b8e4eeb9fd7e3ce1965bb12dd5,/media/wenchang/F/wjq/TTIE/runs/20260912-191947-ttie-t014-stage-b/artifacts/audit/episodes/192/outputs.pt,43ad08c0f6a0746460e571d2412c86b95b21ac604fa95054af7eb5a11a8b76ba
54654,clean,1.0,1.0,0.0,/media/wenchang/F/wjq/TTIE/runs/20260912-191947-ttie-t014-stage-b/artifacts/audit/episodes/198/outputs.pt,428b588c1febd06b2dc608e9579c7d95afd300bd1a0fca1e9a3e2c47b3a942be,/media/wenchang/F/wjq/TTIE/runs/20260912-191947-ttie-t014-stage-b/artifacts/audit/episodes/198/outputs.pt,428b588c1febd06b2dc608e9579c7d95afd300bd1a0fca1e9a3e2c47b3a942be
54654,homogeneous_dark,0.6502359375059414,0.6502359375059414,0.0,/media/wenchang/F/wjq/TTIE/runs/20260912-191947-ttie-t014-stage-b/artifacts/audit/episodes/199/outputs.pt,ca7aebc8d68ed4d687199e42aebeae4c76f0d93cfe3774bfd4518ac4503881c6,/media/wenchang/F/wjq/TTIE/runs/20260912-191947-ttie-t014-stage-b/artifacts/audit/episodes/198/outputs.pt,428b588c1febd06b2dc608e9579c7d95afd300bd1a0fca1e9a3e2c47b3a942be
54654,homogeneous_bright,0.8447995887374941,0.8526684224065187,0.007868833669024689,/media/wenchang/F/wjq/TTIE/runs/20260912-191947-ttie-t014-stage-b/artifacts/audit/episodes/200/outputs.pt,49d9dc245a92032667270e41a1ba676c4b968bad81abb3c96c52b5c5d140d5ac,/media/wenchang/F/wjq/TTIE/runs/20260912-191947-ttie-t014-stage-b/artifacts/audit/episodes/198/outputs.pt,428b588c1febd06b2dc608e9579c7d95afd300bd1a0fca1e9a3e2c47b3a942be
54654,left_right,0.7396805294735865,0.7396805294735865,0.0,/media/wenchang/F/wjq/TTIE/runs/20260912-191947-ttie-t014-stage-b/artifacts/audit/episodes/201/outputs.pt,6efc516ae0e8cae334d73844dcb3d12a1b94c5e1ce02c0e901cb1e09ff8d9eab,/media/wenchang/F/wjq/TTIE/runs/20260912-191947-ttie-t014-stage-b/artifacts/audit/episodes/198/outputs.pt,428b588c1febd06b2dc608e9579c7d95afd300bd1a0fca1e9a3e2c47b3a942be
54654,quadrants,0.7450140228146545,0.7473651179111428,0.0023510950964883426,/media/wenchang/F/wjq/TTIE/runs/20260912-191947-ttie-t014-stage-b/artifacts/audit/episodes/202/outputs.pt,80529d17f2d701062a113e4073dfde995dbe199a142604c05f649920bdc004d2,/media/wenchang/F/wjq/TTIE/runs/20260912-191947-ttie-t014-stage-b/artifacts/audit/episodes/198/outputs.pt,428b588c1febd06b2dc608e9579c7d95afd300bd1a0fca1e9a3e2c47b3a942be
54931,clean,1.0,1.0,0.0,/media/wenchang/F/wjq/TTIE/runs/20260912-191947-ttie-t014-stage-b/artifacts/audit/episodes/204/outputs.pt,668f95e05fa8ef51a83c594a2894e7e6041f9df69c40f4e66982b2870b379f46,/media/wenchang/F/wjq/TTIE/runs/20260912-191947-ttie-t014-stage-b/artifacts/audit/episodes/204/outputs.pt,668f95e05fa8ef51a83c594a2894e7e6041f9df69c40f4e66982b2870b379f46
54931,homogeneous_dark,0.9368290202473047,0.9375276272713782,0.0006986070240734277,/media/wenchang/F/wjq/TTIE/runs/20260912-191947-ttie-t014-stage-b/artifacts/audit/episodes/205/outputs.pt,bf279759e00c07462ec2745dab05711cfa853cf259b9da88972ed22cf8958f9a,/media/wenchang/F/wjq/TTIE/runs/20260912-191947-ttie-t014-stage-b/artifacts/audit/episodes/204/outputs.pt,668f95e05fa8ef51a83c594a2894e7e6041f9df69c40f4e66982b2870b379f46
54931,homogeneous_bright,0.8515017080413491,0.8631104211423567,0.01160871310100764,/media/wenchang/F/wjq/TTIE/runs/20260912-191947-ttie-t014-stage-b/artifacts/audit/episodes/206/outputs.pt,393410747f7bd56148ec4ef173f0c3fd9553724ab6be6c6cfd6e96a2574057d5,/media/wenchang/F/wjq/TTIE/runs/20260912-191947-ttie-t014-stage-b/artifacts/audit/episodes/204/outputs.pt,668f95e05fa8ef51a83c594a2894e7e6041f9df69c40f4e66982b2870b379f46
54931,left_right,0.718418761216464,0.8974159689211014,0.17899720770463745,/media/wenchang/F/wjq/TTIE/runs/20260912-191947-ttie-t014-stage-b/artifacts/audit/episodes/207/outputs.pt,d4ac875f2acf594c9934a2865bf5b8f5cd4113dddb857e90a3c8dcbc023c3e7e,/media/wenchang/F/wjq/TTIE/runs/20260912-191947-ttie-t014-stage-b/artifacts/audit/episodes/204/outputs.pt,668f95e05fa8ef51a83c594a2894e7e6041f9df69c40f4e66982b2870b379f46
54931,quadrants,0.8916519002604967,0.9117751295355256,0.020123229275028964,/media/wenchang/F/wjq/TTIE/runs/20260912-191947-ttie-t014-stage-b/artifacts/audit/episodes/208/outputs.pt,bed62dae55832554b817c914a5c5868920756f33f9442ab3baef1d8e24306023,/media/wenchang/F/wjq/TTIE/runs/20260912-191947-ttie-t014-stage-b/artifacts/audit/episodes/204/outputs.pt,668f95e05fa8ef51a83c594a2894e7e6041f9df69c40f4e66982b2870b379f46
54967,clean,1.0,1.0,0.0,/media/wenchang/F/wjq/TTIE/runs/20260912-191947-ttie-t014-stage-b/artifacts/audit/episodes/210/outputs.pt,7f1cb78ef8331370d3c27f5469d2a762b204e0842f0c730bd51e774775ee6720,/media/wenchang/F/wjq/TTIE/runs/20260912-191947-ttie-t014-stage-b/artifacts/audit/episodes/210/outputs.pt,7f1cb78ef8331370d3c27f5469d2a762b204e0842f0c730bd51e774775ee6720
54967,homogeneous_dark,0.644718813261269,0.8630753608224577,0.21835654756118872,/media/wenchang/F/wjq/TTIE/runs/20260912-191947-ttie-t014-stage-b/artifacts/audit/episodes/211/outputs.pt,6810ffd14f35e4eafe2ae32b2ae9de2e3adc8ac79cba301793384ddd0a84922d,/media/wenchang/F/wjq/TTIE/runs/20260912-191947-ttie-t014-stage-b/artifacts/audit/episodes/210/outputs.pt,7f1cb78ef8331370d3c27f5469d2a762b204e0842f0c730bd51e774775ee6720
54967,homogeneous_bright,0.9209038509979953,0.9305493797440259,0.00964552874603053,/media/wenchang/F/wjq/TTIE/runs/20260912-191947-ttie-t014-stage-b/artifacts/audit/episodes/212/outputs.pt,549cb2a451943ef453cf5a5a1f7469576d4d595c8b169999288f7090b4bf5f71,/media/wenchang/F/wjq/TTIE/runs/20260912-191947-ttie-t014-stage-b/artifacts/audit/episodes/210/outputs.pt,7f1cb78ef8331370d3c27f5469d2a762b204e0842f0c730bd51e774775ee6720
54967,left_right,0.905120642843416,0.927762911153707,0.022642268310291036,/media/wenchang/F/wjq/TTIE/runs/20260912-191947-ttie-t014-stage-b/artifacts/audit/episodes/213/outputs.pt,de3983d78c9f37645cd7202bfb890bb194eb63ea7280607c82cfca0cef76f4df,/media/wenchang/F/wjq/TTIE/runs/20260912-191947-ttie-t014-stage-b/artifacts/audit/episodes/210/outputs.pt,7f1cb78ef8331370d3c27f5469d2a762b204e0842f0c730bd51e774775ee6720
54967,quadrants,0.9193535849062461,0.9280537247858188,0.008700139879572744,/media/wenchang/F/wjq/TTIE/runs/20260912-191947-ttie-t014-stage-b/artifacts/audit/episodes/214/outputs.pt,0143db6ecdf943aebf083e8dc2087257f9300b7cd5646ed0f8f01d38d26b39e6,/media/wenchang/F/wjq/TTIE/runs/20260912-191947-ttie-t014-stage-b/artifacts/audit/episodes/210/outputs.pt,7f1cb78ef8331370d3c27f5469d2a762b204e0842f0c730bd51e774775ee6720
55002,clean,1.0,1.0,0.0,/media/wenchang/F/wjq/TTIE/runs/20260912-191947-ttie-t014-stage-b/artifacts/audit/episodes/216/outputs.pt,6ccf8c310fedad94ed282f0bd3a6be80d2f49472632c007e00b3ba53602e79a7,/media/wenchang/F/wjq/TTIE/runs/20260912-191947-ttie-t014-stage-b/artifacts/audit/episodes/216/outputs.pt,6ccf8c310fedad94ed282f0bd3a6be80d2f49472632c007e00b3ba53602e79a7
55002,homogeneous_dark,0.608259278857154,0.6737201818615098,0.06546090300435581,/media/wenchang/F/wjq/TTIE/runs/20260912-191947-ttie-t014-stage-b/artifacts/audit/episodes/217/outputs.pt,cd8d15046d400f9f676d35350866adc5abf206b790361cfa2cf2267ad44bb4c3,/media/wenchang/F/wjq/TTIE/runs/20260912-191947-ttie-t014-stage-b/artifacts/audit/episodes/216/outputs.pt,6ccf8c310fedad94ed282f0bd3a6be80d2f49472632c007e00b3ba53602e79a7
55002,homogeneous_bright,0.9054071752970443,0.9018034401728173,-0.003603735124226959,/media/wenchang/F/wjq/TTIE/runs/20260912-191947-ttie-t014-stage-b/artifacts/audit/episodes/218/outputs.pt,8a5ae6ee5898b51d9e0aaae04c4c325b52bae77a1055b175b17de49c17784843,/media/wenchang/F/wjq/TTIE/runs/20260912-191947-ttie-t014-stage-b/artifacts/audit/episodes/216/outputs.pt,6ccf8c310fedad94ed282f0bd3a6be80d2f49472632c007e00b3ba53602e79a7
55002,left_right,0.803442985389452,0.818559422791222,0.015116437401769933,/media/wenchang/F/wjq/TTIE/runs/20260912-191947-ttie-t014-stage-b/artifacts/audit/episodes/219/outputs.pt,e1536c3ad52152b122506e27901f556925861c7e43767e30c263a485ffe79a78,/media/wenchang/F/wjq/TTIE/runs/20260912-191947-ttie-t014-stage-b/artifacts/audit/episodes/216/outputs.pt,6ccf8c310fedad94ed282f0bd3a6be80d2f49472632c007e00b3ba53602e79a7
55002,quadrants,0.7184907182061276,0.7510978319321483,0.03260711372602065,/media/wenchang/F/wjq/TTIE/runs/20260912-191947-ttie-t014-stage-b/artifacts/audit/episodes/220/outputs.pt,26d34409b572418ab21a65c53d58c211ff8db3e891110e7381a1f0dedcbc37f8,/media/wenchang/F/wjq/TTIE/runs/20260912-191947-ttie-t014-stage-b/artifacts/audit/episodes/216/outputs.pt,6ccf8c310fedad94ed282f0bd3a6be80d2f49472632c007e00b3ba53602e79a7
55022,clean,1.0,1.0,0.0,/media/wenchang/F/wjq/TTIE/runs/20260912-191947-ttie-t014-stage-b/artifacts/audit/episodes/222/outputs.pt,2793f874f0e12dadc98e33b81d00b882dd98aafc28833637db138403202f6259,/media/wenchang/F/wjq/TTIE/runs/20260912-191947-ttie-t014-stage-b/artifacts/audit/episodes/222/outputs.pt,2793f874f0e12dadc98e33b81d00b882dd98aafc28833637db138403202f6259
55022,homogeneous_dark,0.8867536912514759,0.9274937431492051,0.040740051897729224,/media/wenchang/F/wjq/TTIE/runs/20260912-191947-ttie-t014-stage-b/artifacts/audit/episodes/223/outputs.pt,0bab0317f8c45debe09d93446689916a8f916385a7f3f3ae3dbc971c5a3a05b1,/media/wenchang/F/wjq/TTIE/runs/20260912-191947-ttie-t014-stage-b/artifacts/audit/episodes/222/outputs.pt,2793f874f0e12dadc98e33b81d00b882dd98aafc28833637db138403202f6259
55022,homogeneous_bright,0.8161877278521836,0.8752468884667064,0.059059160614522765,/media/wenchang/F/wjq/TTIE/runs/20260912-191947-ttie-t014-stage-b/artifacts/audit/episodes/224/outputs.pt,39307bcb70430c8c152021ba0fe4bebe0dae1232f6b9a9e1bf95f2e503e6a07a,/media/wenchang/F/wjq/TTIE/runs/20260912-191947-ttie-t014-stage-b/artifacts/audit/episodes/222/outputs.pt,2793f874f0e12dadc98e33b81d00b882dd98aafc28833637db138403202f6259
55022,left_right,0.8485101569983062,0.8689627980364625,0.02045264103815625,/media/wenchang/F/wjq/TTIE/runs/20260912-191947-ttie-t014-stage-b/artifacts/audit/episodes/225/outputs.pt,4ae39f338602b7eadb7d57c43fd278412684a2785a6139b8846507227b217723,/media/wenchang/F/wjq/TTIE/runs/20260912-191947-ttie-t014-stage-b/artifacts/audit/episodes/222/outputs.pt,2793f874f0e12dadc98e33b81d00b882dd98aafc28833637db138403202f6259
55022,quadrants,0.8743502174793275,0.8898257578754768,0.01547554039614929,/media/wenchang/F/wjq/TTIE/runs/20260912-191947-ttie-t014-stage-b/artifacts/audit/episodes/226/outputs.pt,514033d46fe2d2c975b4e7f4a14054097dfac44a014cf5227860a599f72acb44,/media/wenchang/F/wjq/TTIE/runs/20260912-191947-ttie-t014-stage-b/artifacts/audit/episodes/222/outputs.pt,2793f874f0e12dadc98e33b81d00b882dd98aafc28833637db138403202f6259
55072,clean,1.0,1.0,0.0,/media/wenchang/F/wjq/TTIE/runs/20260912-191947-ttie-t014-stage-b/artifacts/audit/episodes/228/outputs.pt,6003d45a2761f6aed20a8df336dffe3564f5323be63e945979e3c4c983b5cc47,/media/wenchang/F/wjq/TTIE/runs/20260912-191947-ttie-t014-stage-b/artifacts/audit/episodes/228/outputs.pt,6003d45a2761f6aed20a8df336dffe3564f5323be63e945979e3c4c983b5cc47
55072,homogeneous_dark,0.8730360778087588,0.8730360778087588,0.0,/media/wenchang/F/wjq/TTIE/runs/20260912-191947-ttie-t014-stage-b/artifacts/audit/episodes/229/outputs.pt,3e72e5990222661ae5f06f226bd40ccb9df68c194fc90d1db4ba507071252cdd,/media/wenchang/F/wjq/TTIE/runs/20260912-191947-ttie-t014-stage-b/artifacts/audit/episodes/228/outputs.pt,6003d45a2761f6aed20a8df336dffe3564f5323be63e945979e3c4c983b5cc47
55072,homogeneous_bright,0.8759744951834595,0.8909909892330553,0.015016494049595819,/media/wenchang/F/wjq/TTIE/runs/20260912-191947-ttie-t014-stage-b/artifacts/audit/episodes/230/outputs.pt,a1e81524913f269af0ed2914e5e33510279172db3d39c99e4f3615701b15ca1b,/media/wenchang/F/wjq/TTIE/runs/20260912-191947-ttie-t014-stage-b/artifacts/audit/episodes/228/outputs.pt,6003d45a2761f6aed20a8df336dffe3564f5323be63e945979e3c4c983b5cc47
55072,left_right,0.8929556635235156,0.9006372150403494,0.007681551516833807,/media/wenchang/F/wjq/TTIE/runs/20260912-191947-ttie-t014-stage-b/artifacts/audit/episodes/231/outputs.pt,b891a252f79a2f558a72669633280a59fda8079597027811ca80a2c1bd1899c4,/media/wenchang/F/wjq/TTIE/runs/20260912-191947-ttie-t014-stage-b/artifacts/audit/episodes/228/outputs.pt,6003d45a2761f6aed20a8df336dffe3564f5323be63e945979e3c4c983b5cc47
55072,quadrants,0.9067359751704939,0.9082000870756011,0.0014641119051072016,/media/wenchang/F/wjq/TTIE/runs/20260912-191947-ttie-t014-stage-b/artifacts/audit/episodes/232/outputs.pt,b2738506eb94f521683278f749dc1ecfbe1d3080034029a0fb903b31e7ae99a3,/media/wenchang/F/wjq/TTIE/runs/20260912-191947-ttie-t014-stage-b/artifacts/audit/episodes/228/outputs.pt,6003d45a2761f6aed20a8df336dffe3564f5323be63e945979e3c4c983b5cc47
55150,clean,1.0,1.0,0.0,/media/wenchang/F/wjq/TTIE/runs/20260912-191947-ttie-t014-stage-b/artifacts/audit/episodes/234/outputs.pt,f13cfd929392f0e192a8afa2bddf86ee39d79893756dda081cfad0344b13293b,/media/wenchang/F/wjq/TTIE/runs/20260912-191947-ttie-t014-stage-b/artifacts/audit/episodes/234/outputs.pt,f13cfd929392f0e192a8afa2bddf86ee39d79893756dda081cfad0344b13293b
55150,homogeneous_dark,0.7198883627791416,0.8639167697161404,0.1440284069369988,/media/wenchang/F/wjq/TTIE/runs/20260912-191947-ttie-t014-stage-b/artifacts/audit/episodes/235/outputs.pt,bec821bbeaf3fec6fe7cc9371a99671d57b48bba2bb2e123dabeb12b84b2a3c4,/media/wenchang/F/wjq/TTIE/runs/20260912-191947-ttie-t014-stage-b/artifacts/audit/episodes/234/outputs.pt,f13cfd929392f0e192a8afa2bddf86ee39d79893756dda081cfad0344b13293b
55150,homogeneous_bright,0.8796744587621348,0.8823271564609603,0.002652697698825479,/media/wenchang/F/wjq/TTIE/runs/20260912-191947-ttie-t014-stage-b/artifacts/audit/episodes/236/outputs.pt,5eefa1b1d3278bca712009dae2c93d7bcf1b23977e761dd255c2aedcdf75423b,/media/wenchang/F/wjq/TTIE/runs/20260912-191947-ttie-t014-stage-b/artifacts/audit/episodes/234/outputs.pt,f13cfd929392f0e192a8afa2bddf86ee39d79893756dda081cfad0344b13293b
55150,left_right,0.8138941431487128,0.8232064846363188,0.009312341487606068,/media/wenchang/F/wjq/TTIE/runs/20260912-191947-ttie-t014-stage-b/artifacts/audit/episodes/237/outputs.pt,ced9bcdd776375d5caf04ffd8872b5dd0633323970aba7acb9ab94993dd4d973,/media/wenchang/F/wjq/TTIE/runs/20260912-191947-ttie-t014-stage-b/artifacts/audit/episodes/234/outputs.pt,f13cfd929392f0e192a8afa2bddf86ee39d79893756dda081cfad0344b13293b
55150,quadrants,0.731938810928938,0.8556503718790051,0.12371156095006708,/media/wenchang/F/wjq/TTIE/runs/20260912-191947-ttie-t014-stage-b/artifacts/audit/episodes/238/outputs.pt,de07db852848799bf27536020265523bd8169553d682a0b16494bdc000af1109,/media/wenchang/F/wjq/TTIE/runs/20260912-191947-ttie-t014-stage-b/artifacts/audit/episodes/234/outputs.pt,f13cfd929392f0e192a8afa2bddf86ee39d79893756dda081cfad0344b13293b
