index,low,normal,seconds,active,updates,selected_step,raw_psnr,raw_ssim,ours_psnr,ours_ssim
0,Train/Low/low00653.png,Train/Normal/normal00653.png,2.371319358004257,True,40,40,7.57795622399096,0.04125385681853205,8.978702447816376,0.18213790006687194
1,Train/Low/low00651.png,Train/Normal/normal00651.png,2.3701917909784243,True,40,40,8.735742035472692,0.17220725978708165,9.50158640420364,0.2768708677628083
2,Train/Low/low00443.png,Train/Normal/normal00443.png,2.305999079020694,True,40,40,9.14468114678116,0.12113560284128243,9.227410159022186,0.1119964721540214
3,Train/Low/low00327.png,Train/Normal/normal00327.png,2.298390560958069,True,40,37,11.337268918118946,0.2121969556718744,10.623782183992848,0.1829563232566069
4,Train/Low/low00601.png,Train/Normal/normal00601.png,2.2921456140466034,True,40,40,8.285448346399846,0.20396672068024532,13.338461057021787,0.5443669783192189
5,Train/Low/low00509.png,Train/Normal/normal00509.png,2.2146285999915563,True,40,40,10.817447021738047,0.1678521290980604,14.265527875399457,0.4619662264391112
6,Train/Low/low00001.png,Train/Normal/normal00001.png,2.3153524799854495,True,40,40,7.3724865300837115,0.24158257140591555,13.935608278884752,0.6878066989606665
7,Train/Low/low00608.png,Train/Normal/normal00608.png,2.331726991047617,True,40,40,6.34675998220175,0.17874480671031773,11.622857206864232,0.5812030242359156
8,Train/Low/low00351.png,Train/Normal/normal00351.png,2.337461110961158,True,40,40,10.44520690218302,0.13776310895795815,12.34717216964201,0.12524331480640846
9,Train/Low/low00261.png,Train/Normal/normal00261.png,2.290497220994439,True,40,40,5.943574772535387,0.015362342311840835,6.50521417404855,0.06244871303291925
10,Train/Low/low00177.png,Train/Normal/normal00177.png,2.214744711993262,True,40,40,7.276419041078491,0.05943688083581653,9.453373381323873,0.25344007739758734
11,Train/Low/low00542.png,Train/Normal/normal00542.png,2.294607490999624,True,40,40,5.989770761400385,0.133256225323828,9.816232056879374,0.48628929161817425
12,Train/Low/low00592.png,Train/Normal/normal00592.png,2.179195703007281,True,40,40,8.307288312267225,0.24123625656006484,11.368524227696506,0.5167086853258058
13,Train/Low/low00184.png,Train/Normal/normal00184.png,2.3283406629925594,True,40,40,7.35739322514076,0.10164020915940625,10.48825519842225,0.35593299576616366
14,Train/Low/low00080.png,Train/Normal/normal00080.png,2.1846560470294207,True,40,40,5.6021116438095255,0.22065302702760298,10.808909735950651,0.6352973303924846
15,Train/Low/low00501.png,Train/Normal/normal00501.png,2.34328736102907,True,40,40,8.350773303507005,0.1705303528937216,13.389301164411027,0.6169238958427573
16,Train/Low/low00133.png,Train/Normal/normal00133.png,2.368319437955506,True,40,40,4.974555734497576,0.026132485745239575,6.189378497847891,0.11536151130543092
17,Train/Low/low00455.png,Train/Normal/normal00455.png,2.251956313964911,True,40,35,10.243004890845832,0.13014798542796818,9.727732525686637,0.11956665710279603
18,Train/Low/low00206.png,Train/Normal/normal00206.png,2.3421982070431113,True,40,20,9.989168128484296,0.30858969199528347,18.703869367355377,0.7460552253736397
19,Train/Low/low00314.png,Train/Normal/normal00314.png,2.324064678978175,True,40,40,10.678253239222794,0.18427194394802734,11.88511476737953,0.16354399542914858
20,Train/Low/low00097.png,Train/Normal/normal00097.png,2.316766233998351,True,40,40,9.027161490204263,0.09933405381524278,11.501195776102078,0.3408078568754589
21,Train/Low/low00520.png,Train/Normal/normal00520.png,2.26967071701074,True,40,40,7.898850552567263,0.09116325698288649,10.113436304013778,0.2976039068990005
22,Train/Low/low00424.png,Train/Normal/normal00424.png,2.330902118002996,True,40,34,10.010772201907265,0.12361664379005625,9.93686206585909,0.10282537639672713
23,Train/Low/low00535.png,Train/Normal/normal00535.png,2.3395069430116564,True,40,40,5.903887637010607,0.14019142204178217,10.484700035384023,0.5113643687578813
24,Train/Low/low00336.png,Train/Normal/normal00336.png,2.2723678890033625,True,40,33,12.940036514702896,0.1423579808818283,13.104200138187078,0.13494766527295868
25,Train/Low/low00554.png,Train/Normal/normal00554.png,2.312336425995454,True,40,40,6.407196757757761,0.10487064696469772,8.823746543876622,0.34439507756216353
26,Train/Low/low00564.png,Train/Normal/normal00564.png,2.391544751008041,True,40,40,7.103243089342994,0.10613713083594403,14.099691941736998,0.46367436499737985
27,Train/Low/low00440.png,Train/Normal/normal00440.png,2.404421232989989,True,40,35,15.140939974546516,0.2154287462252617,14.352600897982182,0.2211404067197792
28,Train/Low/low00584.png,Train/Normal/normal00584.png,2.4121847900096327,True,40,40,7.56097939383872,0.12495984315464051,11.709569328117217,0.4330383692184943
29,Train/Low/low00529.png,Train/Normal/normal00529.png,2.386601740028709,True,40,40,7.651974025141996,0.18272547377754164,9.807041362854989,0.4582053033622563
30,Train/Low/low00213.png,Train/Normal/normal00213.png,2.426331487018615,True,40,40,5.482083267721242,0.11287464349198718,9.000057467016699,0.41609300196141047
31,Train/Low/low00019.png,Train/Normal/normal00019.png,2.423321668000426,True,40,40,5.826158588883236,0.03438005012922033,7.20114462211546,0.1732170827389536
32,Train/Low/low00004.png,Train/Normal/normal00004.png,2.1529513570130803,True,40,40,5.871570987478868,0.07623366309546356,8.476385794119066,0.27194003082772905
33,Train/Low/low00449.png,Train/Normal/normal00449.png,2.2201869909767993,True,40,40,11.934053691869188,0.15752351761292077,12.032708302911907,0.11456134158811886
34,Train/Low/low00040.png,Train/Normal/normal00040.png,2.024408756988123,True,40,40,6.09253181586055,0.25347568399017417,14.005466160074187,0.749532846196364
35,Train/Low/low00465.png,Train/Normal/normal00465.png,1.9752578299958259,True,40,34,12.71981239883575,0.17221364589646335,12.37391291961248,0.16539993625179653
36,Train/Low/low00293.png,Train/Normal/normal00293.png,1.9930713099893183,True,40,40,8.451031038372092,0.10285221776240284,8.271484947347394,0.09193744985483218
37,Train/Low/low00563.png,Train/Normal/normal00563.png,2.0965268030413426,True,40,40,9.922765077089029,0.18263317242447444,18.745086637458403,0.5867636555208312
38,Train/Low/low00515.png,Train/Normal/normal00515.png,2.0631164360092953,True,40,40,9.58018068516171,0.11060656499319797,11.210278032846727,0.21989973653506342
39,Train/Low/low00476.png,Train/Normal/normal00476.png,2.052923079987522,True,40,40,11.147784456548946,0.16674336938397394,17.214265777640403,0.6613801907297435
40,Train/Low/low00219.png,Train/Normal/normal00219.png,2.171176204981748,True,40,40,6.045803655301867,0.12968273791190765,9.296729272490914,0.40307189785093156
41,Train/Low/low00084.png,Train/Normal/normal00084.png,1.9878502630162984,True,40,40,7.27411619515176,0.2880995073584566,15.121432596413767,0.728619983461308
42,Train/Low/low00100.png,Train/Normal/normal00100.png,2.240663514006883,True,40,40,7.636727020357107,0.09331044217194855,11.192537684238506,0.37814427391123695
43,Train/Low/low00561.png,Train/Normal/normal00561.png,2.3809898030012846,True,40,40,10.881517482173654,0.15025237522370855,16.7757246793878,0.5561198587296148
44,Train/Low/low00510.png,Train/Normal/normal00510.png,2.3714972310117446,True,40,40,7.286500277155751,0.08377541679275002,9.617310370626427,0.31608536081770566
45,Train/Low/low00562.png,Train/Normal/normal00562.png,2.2746886189561337,True,40,40,6.422322216633216,0.11856704473373052,10.31045786525722,0.4526981990052045
46,Train/Low/low00247.png,Train/Normal/normal00247.png,2.080500023032073,True,40,40,8.12104424053178,0.3147364187851212,16.91065121922547,0.8019264701999828
47,Train/Low/low00326.png,Train/Normal/normal00326.png,2.098019615979865,True,40,40,8.755467811206461,0.1658168137990396,8.414040631342525,0.1429372895799649
48,Train/Low/low00385.png,Train/Normal/normal00385.png,2.1728676150087267,True,40,38,5.91778310212685,0.10269507157096382,5.258010675230763,0.08975073127907605
49,Train/Low/low00295.png,Train/Normal/normal00295.png,2.180417165043764,True,40,40,8.955652009345073,0.19954077560818764,10.986011528613378,0.20002602345358356
50,Train/Low/low00331.png,Train/Normal/normal00331.png,2.4565463269827887,True,40,31,7.133195439360981,0.07523608975155764,6.7547131450609585,0.06681197139023277
51,Train/Low/low00124.png,Train/Normal/normal00124.png,2.457394238037523,True,40,40,5.408086979178076,0.12633442292766267,8.61970939026534,0.42393746853051884
52,Train/Low/low00196.png,Train/Normal/normal00196.png,2.438566508004442,True,40,40,7.0674262882838415,0.11633881974231661,10.403521951542963,0.4193154523307737
53,Train/Low/low00627.png,Train/Normal/normal00627.png,2.430357052013278,True,40,40,6.234624994937693,0.17740127983564621,11.518726744626644,0.5824986694590276
54,Train/Low/low00057.png,Train/Normal/normal00057.png,2.4363026849459857,True,40,40,6.015776390294772,0.1663407195912789,11.509996747799072,0.6373025765644746
55,Train/Low/low00165.png,Train/Normal/normal00165.png,2.341539405984804,True,40,40,6.890402304158307,0.07801658712458846,9.105972098420892,0.3100211303999816
56,Train/Low/low00364.png,Train/Normal/normal00364.png,2.0580957399797626,True,40,40,10.590792272326187,0.218692996028279,9.191304766260709,0.19887697865072057
57,Train/Low/low00406.png,Train/Normal/normal00406.png,2.4329575290321372,True,40,40,7.395207898323558,0.11784358134825512,7.081148745910425,0.1052843088971965
58,Train/Low/low00586.png,Train/Normal/normal00586.png,2.4267893079668283,True,40,40,7.274223426924657,0.16985383053870526,9.821615774960161,0.47409089344970406
59,Train/Low/low00643.png,Train/Normal/normal00643.png,2.374570065003354,True,40,40,11.452143382826014,0.7311709778809691,21.69878645574009,0.930106423324631
60,Train/Low/low00505.png,Train/Normal/normal00505.png,2.0186278139590286,True,40,40,7.630599737467798,0.10644056324513897,11.536702429094763,0.4129906408478703
61,Train/Low/low00119.png,Train/Normal/normal00119.png,1.89594727702206,True,40,40,10.578593625698055,0.33837077951394445,19.732182392967314,0.7255288846311014
62,Train/Low/low00299.png,Train/Normal/normal00299.png,2.2040929280337878,True,40,40,11.32393124995048,0.24004265462163218,13.70115065285249,0.23427946829579657
63,Train/Low/low00683.png,Train/Normal/normal00683.png,2.178149629966356,True,40,40,8.112667889406042,0.0678235609157656,11.220114909986629,0.35148051004242814
64,Train/Low/low00110.png,Train/Normal/normal00110.png,2.4458170950529166,True,40,40,8.605950925262317,0.38332794713082935,19.60840665516215,0.7846318861117295
65,Train/Low/low00214.png,Train/Normal/normal00214.png,2.4192618680535816,True,40,40,5.314105651663353,0.0308068766644641,5.817801716319945,0.08426207375291578
66,Train/Low/low00417.png,Train/Normal/normal00417.png,2.4463178390287794,True,40,39,9.367406674208404,0.11318569112721105,8.972256807419761,0.1010781128661327
67,Train/Low/low00354.png,Train/Normal/normal00354.png,2.0832091399934143,True,40,40,11.853193771994441,0.14475314287677812,12.051525004864478,0.1201923052821338
68,Train/Low/low00603.png,Train/Normal/normal00603.png,2.25418022897793,True,40,40,8.866582818865425,0.24376721358917502,15.041572419086044,0.6255708431400312
69,Train/Low/low00260.png,Train/Normal/normal00260.png,2.433754522993695,True,40,40,6.825753270126289,0.04655092796825856,9.012618941915054,0.25382452664741895
70,Train/Low/low00628.png,Train/Normal/normal00628.png,2.4280727059813216,True,40,40,8.05699599700181,0.22335565641849867,15.45702543181416,0.6494573804755105
71,Train/Low/low00493.png,Train/Normal/normal00493.png,2.3703623629990034,True,40,40,11.165640927813067,0.16436257807974003,14.901058124290078,0.45765642812887436
72,Train/Low/low00298.png,Train/Normal/normal00298.png,2.1036361340084113,True,40,40,8.90079988542971,0.10847780098872453,10.590856413578873,0.1029933037441443
73,Train/Low/low00398.png,Train/Normal/normal00398.png,2.3369239900493994,True,40,40,6.843747462214416,0.08054350472325292,6.218838528236433,0.07022475706712576
74,Train/Low/low00659.png,Train/Normal/normal00659.png,2.397074648004491,True,40,40,7.4044948350553055,0.22107563282469653,13.698152156382546,0.6308405307868187
75,Train/Low/low00464.png,Train/Normal/normal00464.png,2.093435053015128,True,40,40,14.744217705122058,0.7419779577872281,14.255680285558785,0.7799291916782071
76,Train/Low/low00405.png,Train/Normal/normal00405.png,2.1625244159949943,True,40,36,8.836438158761169,0.15224707558967632,8.466931274812428,0.13956472625430363
77,Train/Low/low00650.png,Train/Normal/normal00650.png,2.2567430390045047,True,40,40,6.957071202908379,0.1450340387070425,9.490707541226396,0.39762398617554023
78,Train/Low/low00621.png,Train/Normal/normal00621.png,2.2455754849943332,True,40,40,7.622366857725372,0.250455803908288,15.161855070121815,0.6295835457119429
79,Train/Low/low00596.png,Train/Normal/normal00596.png,1.8345577290165238,True,40,40,6.318379561687884,0.058987754969515256,8.329111820943682,0.2537386311239323
80,Train/Low/low00378.png,Train/Normal/normal00378.png,2.190648782008793,True,40,34,8.447117340522869,0.135911167618089,7.6993432288599175,0.12480976610864147
81,Train/Low/low00058.png,Train/Normal/normal00058.png,1.9433296440402046,True,40,40,5.595320837474694,0.15582154667182235,10.136487058565809,0.5927159620390468
82,Train/Low/low00092.png,Train/Normal/normal00092.png,1.9357925420044921,True,40,40,4.334859209467304,0.25163944919098674,8.978530991601096,0.6245918474911294
83,Train/Low/low00266.png,Train/Normal/normal00266.png,2.1581331589841284,True,40,40,11.968783674954038,0.080693374211834,15.577468083796106,0.357705692336545
84,Train/Low/low00180.png,Train/Normal/normal00180.png,2.226377921004314,True,40,40,6.085742801026379,0.04834410531259013,6.795678206758497,0.12298092035767437
85,Train/Low/low00679.png,Train/Normal/normal00679.png,2.2781454310170375,True,40,40,7.183587405768501,0.13343339123494086,10.907994894197309,0.4648547911682038
86,Train/Low/low00408.png,Train/Normal/normal00408.png,2.192560144001618,True,40,40,7.318859567856769,0.10321186130359353,6.818414772224971,0.08600244334594222
87,Train/Low/low00623.png,Train/Normal/normal00623.png,2.2782479499583133,True,40,40,5.616112104135132,0.16007778437873776,9.89387513501321,0.5149359418417887
88,Train/Low/low00646.png,Train/Normal/normal00646.png,2.3232923860196024,True,40,40,6.839493051433621,0.23635847134967508,13.84647241135275,0.665167218207579
89,Train/Low/low00104.png,Train/Normal/normal00104.png,2.4538058509933762,True,40,40,7.672450545452473,0.05046702055992478,9.923449380633155,0.21916169004573974
90,Train/Low/low00399.png,Train/Normal/normal00399.png,2.4003401669906452,True,40,40,13.708003853280603,0.2944212060865157,11.441747557038706,0.2595660589519769
91,Train/Low/low00638.png,Train/Normal/normal00638.png,2.5127604420413263,True,40,40,7.992562290751276,0.1648181640415448,11.389850497480598,0.4436620163063766
92,Train/Low/low00533.png,Train/Normal/normal00533.png,2.37573601299664,True,40,40,3.855881278420687,0.12064067464313068,6.604730411800284,0.4018403793055413
93,Train/Low/low00142.png,Train/Normal/normal00142.png,2.406139869010076,True,40,40,5.363842316561234,0.06231298355719247,6.8012232996622135,0.20756312846574793
94,Train/Low/low00182.png,Train/Normal/normal00182.png,2.413193224987481,True,40,40,6.107319119645166,0.021868555442358387,6.693886395004692,0.06288647628868554
95,Train/Low/low00477.png,Train/Normal/normal00477.png,2.4500338269863278,True,40,40,6.806321081169272,0.12359343190670219,11.50614028024658,0.5594447438071779
96,Train/Low/low00036.png,Train/Normal/normal00036.png,2.4679464980144985,True,40,40,5.301332866631676,0.09362278159273361,9.207179784206836,0.47074027485029196
97,Train/Low/low00594.png,Train/Normal/normal00594.png,2.472805948986206,True,40,40,7.771277087888829,0.30554908946854026,11.936234861879223,0.5839551738949487
98,Train/Low/low00192.png,Train/Normal/normal00192.png,2.3653193729696795,True,40,40,6.746979777690339,0.018875779025176134,7.34944967965159,0.07538677543825491
99,Train/Low/low00668.png,Train/Normal/normal00668.png,2.361226388020441,True,40,40,6.720345556100089,0.18704829961644048,11.08568594982847,0.5332893680141615
