index,low,delta_psnr,delta_ssim,selected_step,selected_ev_active_lower_count,selected_ev_active_lower_denominator,selected_ev_active_upper_count,selected_ev_active_upper_denominator,selected_ev_active_either_count,selected_ev_active_either_denominator,selected_ev_inactive_lower_count,selected_ev_inactive_lower_denominator,selected_ev_inactive_upper_count,selected_ev_inactive_upper_denominator,selected_ev_inactive_either_count,selected_ev_inactive_either_denominator,selected_gamma_active_lower_count,selected_gamma_active_lower_denominator,selected_gamma_active_upper_count,selected_gamma_active_upper_denominator,selected_gamma_active_either_count,selected_gamma_active_either_denominator,selected_gamma_inactive_lower_count,selected_gamma_inactive_lower_denominator,selected_gamma_inactive_upper_count,selected_gamma_inactive_upper_denominator,selected_gamma_inactive_either_count,selected_gamma_inactive_either_denominator,final_ev_active_lower_count,final_ev_active_lower_denominator,final_ev_active_upper_count,final_ev_active_upper_denominator,final_ev_active_either_count,final_ev_active_either_denominator,final_ev_inactive_lower_count,final_ev_inactive_lower_denominator,final_ev_inactive_upper_count,final_ev_inactive_upper_denominator,final_ev_inactive_either_count,final_ev_inactive_either_denominator,final_gamma_active_lower_count,final_gamma_active_lower_denominator,final_gamma_active_upper_count,final_gamma_active_upper_denominator,final_gamma_active_either_count,final_gamma_active_either_denominator,final_gamma_inactive_lower_count,final_gamma_inactive_lower_denominator,final_gamma_inactive_upper_count,final_gamma_inactive_upper_denominator,final_gamma_inactive_either_count,final_gamma_inactive_either_denominator
0,Train/Low/low00653.png,0.33130668539711117,0.032602134495668456,40,0,4,0,4,0,4,0,0,0,0,0,0,0,4,0,4,0,4,0,0,0,0,0,0,0,4,0,4,0,4,0,0,0,0,0,0,0,4,0,4,0,4,0,0,0,0,0,0
1,Train/Low/low00651.png,0.006859199006269634,0.0019040256556092094,40,0,2,0,2,0,2,2,2,2,2,2,2,0,2,0,2,0,2,2,2,2,2,2,2,0,2,0,2,0,2,2,2,2,2,2,2,0,2,0,2,0,2,2,2,2,2,2,2
2,Train/Low/low00443.png,-0.07484849538001548,-0.003147889670509399,40,1,4,0,4,1,4,0,0,0,0,0,0,0,4,1,4,1,4,0,0,0,0,0,0,1,4,0,4,1,4,0,0,0,0,0,0,0,4,1,4,1,4,0,0,0,0,0,0
3,Train/Low/low00327.png,-3.130297088205225e-07,-5.520412432735711e-09,37,0,4,0,4,0,4,0,0,0,0,0,0,0,4,3,4,3,4,0,0,0,0,0,0,0,4,0,4,0,4,0,0,0,0,0,0,0,4,3,4,3,4,0,0,0,0,0,0
4,Train/Low/low00601.png,1.8505300842504084,0.06970609802460936,40,0,4,0,4,0,4,0,0,0,0,0,0,0,4,0,4,0,4,0,0,0,0,0,0,0,4,0,4,0,4,0,0,0,0,0,0,0,4,0,4,0,4,0,0,0,0,0,0
5,Train/Low/low00509.png,1.1326083040675883,0.09009854833049208,40,0,4,0,4,0,4,0,0,0,0,0,0,0,4,0,4,0,4,0,0,0,0,0,0,0,4,0,4,0,4,0,0,0,0,0,0,0,4,0,4,0,4,0,0,0,0,0,0
6,Train/Low/low00001.png,1.233492687028754,0.0660974059579037,40,0,4,0,4,0,4,0,0,0,0,0,0,0,4,0,4,0,4,0,0,0,0,0,0,0,4,0,4,0,4,0,0,0,0,0,0,0,4,0,4,0,4,0,0,0,0,0,0
7,Train/Low/low00608.png,1.4060600127500713,0.06911006649260365,40,0,4,0,4,0,4,0,0,0,0,0,0,0,4,0,4,0,4,0,0,0,0,0,0,0,4,0,4,0,4,0,0,0,0,0,0,0,4,0,4,0,4,0,0,0,0,0,0
8,Train/Low/low00351.png,0.6981745646748418,-0.00419404265429002,40,1,4,0,4,1,4,0,0,0,0,0,0,0,4,0,4,0,4,0,0,0,0,0,0,1,4,0,4,1,4,0,0,0,0,0,0,0,4,0,4,0,4,0,0,0,0,0,0
9,Train/Low/low00261.png,0.2201782212402108,0.018421325215640813,40,0,4,0,4,0,4,0,0,0,0,0,0,0,4,1,4,1,4,0,0,0,0,0,0,0,4,0,4,0,4,0,0,0,0,0,0,0,4,1,4,1,4,0,0,0,0,0,0
10,Train/Low/low00177.png,0.7818274671354519,0.058656664943629644,40,0,4,0,4,0,4,0,0,0,0,0,0,0,4,0,4,0,4,0,0,0,0,0,0,0,4,0,4,0,4,0,0,0,0,0,0,0,4,0,4,0,4,0,0,0,0,0,0
11,Train/Low/low00542.png,1.3792100862842318,0.10044204263035555,40,0,4,0,4,0,4,0,0,0,0,0,0,0,4,0,4,0,4,0,0,0,0,0,0,0,4,0,4,0,4,0,0,0,0,0,0,0,4,0,4,0,4,0,0,0,0,0,0
12,Train/Low/low00592.png,0.7534019126540059,0.040980602394116716,40,0,3,0,3,0,3,1,1,1,1,1,1,0,3,0,3,0,3,1,1,1,1,1,1,0,3,0,3,0,3,1,1,1,1,1,1,0,3,0,3,0,3,1,1,1,1,1,1
13,Train/Low/low00184.png,1.028558732667129,0.0654962005916982,40,0,4,0,4,0,4,0,0,0,0,0,0,0,4,0,4,0,4,0,0,0,0,0,0,0,4,0,4,0,4,0,0,0,0,0,0,0,4,0,4,0,4,0,0,0,0,0,0
14,Train/Low/low00080.png,1.4422023498115628,0.06952771344016173,40,0,4,0,4,0,4,0,0,0,0,0,0,0,4,0,4,0,4,0,0,0,0,0,0,0,4,0,4,0,4,0,0,0,0,0,0,0,4,0,4,0,4,0,0,0,0,0,0
15,Train/Low/low00501.png,1.0890855285206786,0.0863388085496718,40,0,4,0,4,0,4,0,0,0,0,0,0,0,4,0,4,0,4,0,0,0,0,0,0,0,4,0,4,0,4,0,0,0,0,0,0,0,4,0,4,0,4,0,0,0,0,0,0
16,Train/Low/low00133.png,0.464621120139876,0.03280524139963885,40,1,4,0,4,1,4,0,0,0,0,0,0,0,4,0,4,0,4,0,0,0,0,0,0,1,4,0,4,1,4,0,0,0,0,0,0,0,4,0,4,0,4,0,0,0,0,0,0
17,Train/Low/low00455.png,-2.3244753677431618e-08,-1.919199521527304e-10,35,1,4,0,4,1,4,0,0,0,0,0,0,0,4,3,4,3,4,0,0,0,0,0,0,1,4,0,4,1,4,0,0,0,0,0,0,0,4,3,4,3,4,0,0,0,0,0,0
18,Train/Low/low00206.png,1.035686696544559,0.032770742668879915,20,0,4,0,4,0,4,0,0,0,0,0,0,0,4,0,4,0,4,0,0,0,0,0,0,0,4,0,4,0,4,0,0,0,0,0,0,0,4,0,4,0,4,0,0,0,0,0,0
19,Train/Low/low00314.png,0.10886855258733519,-0.00043125562564305664,40,0,4,0,4,0,4,0,0,0,0,0,0,0,4,1,4,1,4,0,0,0,0,0,0,0,4,0,4,0,4,0,0,0,0,0,0,0,4,1,4,1,4,0,0,0,0,0,0
20,Train/Low/low00097.png,0.5593100979031416,0.042218669672288156,40,0,4,0,4,0,4,0,0,0,0,0,0,0,4,0,4,0,4,0,0,0,0,0,0,0,4,0,4,0,4,0,0,0,0,0,0,0,4,0,4,0,4,0,0,0,0,0,0
21,Train/Low/low00520.png,0.7228499699915449,0.07335393247044883,40,0,4,0,4,0,4,0,0,0,0,0,0,0,4,0,4,0,4,0,0,0,0,0,0,0,4,0,4,0,4,0,0,0,0,0,0,0,4,0,4,0,4,0,0,0,0,0,0
22,Train/Low/low00424.png,0.21436700184890078,-0.005086144166138423,34,1,4,1,4,2,4,0,0,0,0,0,0,0,4,3,4,3,4,0,0,0,0,0,0,1,4,1,4,2,4,0,0,0,0,0,0,0,4,3,4,3,4,0,0,0,0,0,0
23,Train/Low/low00535.png,1.6472915149978675,0.09863016473358582,40,0,4,0,4,0,4,0,0,0,0,0,0,0,4,0,4,0,4,0,0,0,0,0,0,0,4,0,4,0,4,0,0,0,0,0,0,0,4,0,4,0,4,0,0,0,0,0,0
24,Train/Low/low00336.png,0.22404645316686,-0.001572425798646998,33,1,4,0,4,1,4,0,0,0,0,0,0,0,4,1,4,1,4,0,0,0,0,0,0,1,4,0,4,1,4,0,0,0,0,0,0,0,4,1,4,1,4,0,0,0,0,0,0
25,Train/Low/low00554.png,0.9770849146267775,0.0767243825799086,40,0,4,0,4,0,4,0,0,0,0,0,0,0,4,0,4,0,4,0,0,0,0,0,0,0,4,0,4,0,4,0,0,0,0,0,0,0,4,0,4,0,4,0,0,0,0,0,0
26,Train/Low/low00564.png,2.009653388894911,0.04383585002251872,40,0,4,0,4,0,4,0,0,0,0,0,0,0,4,0,4,0,4,0,0,0,0,0,0,0,4,0,4,0,4,0,0,0,0,0,0,0,4,0,4,0,4,0,0,0,0,0,0
27,Train/Low/low00440.png,-7.834677262508194e-08,-8.49114001333362e-10,35,1,4,0,4,1,4,0,0,0,0,0,0,0,4,3,4,3,4,0,0,0,0,0,0,1,4,0,4,1,4,0,0,0,0,0,0,0,4,3,4,3,4,0,0,0,0,0,0
28,Train/Low/low00584.png,1.4759239588465274,0.06407500864937671,40,0,4,0,4,0,4,0,0,0,0,0,0,0,4,0,4,0,4,0,0,0,0,0,0,0,4,0,4,0,4,0,0,0,0,0,0,0,4,0,4,0,4,0,0,0,0,0,0
29,Train/Low/low00529.png,1.0817810594162225,0.1293361185999457,40,2,4,0,4,2,4,0,0,0,0,0,0,0,4,0,4,0,4,0,0,0,0,0,0,2,4,0,4,2,4,0,0,0,0,0,0,0,4,0,4,0,4,0,0,0,0,0,0
30,Train/Low/low00213.png,1.327193211619365,0.08917229029253781,40,0,4,0,4,0,4,0,0,0,0,0,0,0,4,0,4,0,4,0,0,0,0,0,0,0,4,0,4,0,4,0,0,0,0,0,0,0,4,0,4,0,4,0,0,0,0,0,0
31,Train/Low/low00019.png,0.41463209609891916,0.04000716804892071,40,0,4,0,4,0,4,0,0,0,0,0,0,0,4,0,4,0,4,0,0,0,0,0,0,0,4,0,4,0,4,0,0,0,0,0,0,0,4,0,4,0,4,0,0,0,0,0,0
32,Train/Low/low00004.png,0.6271295561742392,0.04083894854408049,40,0,4,0,4,0,4,0,0,0,0,0,0,0,4,0,4,0,4,0,0,0,0,0,0,0,4,0,4,0,4,0,0,0,0,0,0,0,4,0,4,0,4,0,0,0,0,0,0
33,Train/Low/low00449.png,-0.18496053616081554,-0.006096033063324041,40,2,4,0,4,2,4,0,0,0,0,0,0,0,4,1,4,1,4,0,0,0,0,0,0,2,4,0,4,2,4,0,0,0,0,0,0,0,4,1,4,1,4,0,0,0,0,0,0
34,Train/Low/low00040.png,2.3512517958622787,0.07323236123324106,40,0,4,0,4,0,4,0,0,0,0,0,0,0,4,0,4,0,4,0,0,0,0,0,0,0,4,0,4,0,4,0,0,0,0,0,0,0,4,0,4,0,4,0,0,0,0,0,0
35,Train/Low/low00465.png,0.02106253713526307,-0.0020582416776281642,34,1,4,0,4,1,4,0,0,0,0,0,0,0,4,1,4,1,4,0,0,0,0,0,0,1,4,0,4,1,4,0,0,0,0,0,0,0,4,1,4,1,4,0,0,0,0,0,0
36,Train/Low/low00293.png,0.06430033711500727,-0.0001522481146407073,40,1,4,1,4,2,4,0,0,0,0,0,0,0,4,3,4,3,4,0,0,0,0,0,0,1,4,1,4,2,4,0,0,0,0,0,0,0,4,3,4,3,4,0,0,0,0,0,0
37,Train/Low/low00563.png,2.121776340446356,0.01996413892659543,40,0,4,0,4,0,4,0,0,0,0,0,0,0,4,0,4,0,4,0,0,0,0,0,0,0,4,0,4,0,4,0,0,0,0,0,0,0,4,0,4,0,4,0,0,0,0,0,0
38,Train/Low/low00515.png,0.549825964364139,0.026890371484706188,40,0,4,0,4,0,4,0,0,0,0,0,0,0,4,0,4,0,4,0,0,0,0,0,0,0,4,0,4,0,4,0,0,0,0,0,0,0,4,0,4,0,4,0,0,0,0,0,0
39,Train/Low/low00476.png,2.6188654926985766,0.12119059038585722,40,0,4,0,4,0,4,0,0,0,0,0,0,0,4,0,4,0,4,0,0,0,0,0,0,0,4,0,4,0,4,0,0,0,0,0,0,0,4,0,4,0,4,0,0,0,0,0,0
40,Train/Low/low00219.png,1.027591957697318,0.0688530284783811,40,0,4,0,4,0,4,0,0,0,0,0,0,0,4,0,4,0,4,0,0,0,0,0,0,0,4,0,4,0,4,0,0,0,0,0,0,0,4,0,4,0,4,0,0,0,0,0,0
41,Train/Low/low00084.png,2.2928512424096397,0.06296337973625421,40,0,4,0,4,0,4,0,0,0,0,0,0,0,4,0,4,0,4,0,0,0,0,0,0,0,4,0,4,0,4,0,0,0,0,0,0,0,4,0,4,0,4,0,0,0,0,0,0
42,Train/Low/low00100.png,0.9588398939847451,0.06656168078564928,40,0,4,0,4,0,4,0,0,0,0,0,0,0,4,0,4,0,4,0,0,0,0,0,0,0,4,0,4,0,4,0,0,0,0,0,0,0,4,0,4,0,4,0,0,0,0,0,0
43,Train/Low/low00561.png,2.0061323421633777,0.05169139397196898,40,0,4,0,4,0,4,0,0,0,0,0,0,0,4,0,4,0,4,0,0,0,0,0,0,0,4,0,4,0,4,0,0,0,0,0,0,0,4,0,4,0,4,0,0,0,0,0,0
44,Train/Low/low00510.png,0.7767263472314543,0.07999874552014485,40,0,4,0,4,0,4,0,0,0,0,0,0,0,4,0,4,0,4,0,0,0,0,0,0,0,4,0,4,0,4,0,0,0,0,0,0,0,4,0,4,0,4,0,0,0,0,0,0
45,Train/Low/low00562.png,1.1588811149980671,0.06093662277860512,40,0,3,0,3,0,3,1,1,1,1,1,1,0,3,0,3,0,3,1,1,1,1,1,1,0,3,0,3,0,3,1,1,1,1,1,1,0,3,0,3,0,3,1,1,1,1,1,1
46,Train/Low/low00247.png,2.7241812536161447,0.0680692406382295,40,0,4,0,4,0,4,0,0,0,0,0,0,0,4,0,4,0,4,0,0,0,0,0,0,0,4,0,4,0,4,0,0,0,0,0,0,0,4,0,4,0,4,0,0,0,0,0,0
47,Train/Low/low00326.png,0.11220240436954754,0.0012311765207748127,40,1,4,1,4,2,4,0,0,0,0,0,0,0,4,3,4,3,4,0,0,0,0,0,0,1,4,1,4,2,4,0,0,0,0,0,0,0,4,3,4,3,4,0,0,0,0,0,0
48,Train/Low/low00385.png,-2.481967165124388e-08,-1.4838360401503436e-09,38,1,4,1,4,2,4,0,0,0,0,0,0,0,4,3,4,3,4,0,0,0,0,0,0,1,4,1,4,2,4,0,0,0,0,0,0,0,4,3,4,3,4,0,0,0,0,0,0
49,Train/Low/low00295.png,0.47745412609399374,0.009834841993367704,40,0,4,0,4,0,4,0,0,0,0,0,0,0,4,0,4,0,4,0,0,0,0,0,0,0,4,0,4,0,4,0,0,0,0,0,0,0,4,0,4,0,4,0,0,0,0,0,0
50,Train/Low/low00331.png,0.008718351236096211,0.0002695455230717486,31,1,4,0,4,1,4,0,0,0,0,0,0,0,4,3,4,3,4,0,0,0,0,0,0,1,4,0,4,1,4,0,0,0,0,0,0,0,4,3,4,3,4,0,0,0,0,0,0
51,Train/Low/low00124.png,1.2789778526441076,0.1024781741175485,40,1,4,0,4,1,4,0,0,0,0,0,0,0,4,0,4,0,4,0,0,0,0,0,0,1,4,0,4,1,4,0,0,0,0,0,0,0,4,0,4,0,4,0,0,0,0,0,0
52,Train/Low/low00196.png,1.4544309433693314,0.10163447052488617,40,0,4,0,4,0,4,0,0,0,0,0,0,0,4,0,4,0,4,0,0,0,0,0,0,0,4,0,4,0,4,0,0,0,0,0,0,0,4,0,4,0,4,0,0,0,0,0,0
53,Train/Low/low00627.png,1.709509529179595,0.09058126203054823,40,0,4,0,4,0,4,0,0,0,0,0,0,0,4,0,4,0,4,0,0,0,0,0,0,0,4,0,4,0,4,0,0,0,0,0,0,0,4,0,4,0,4,0,0,0,0,0,0
54,Train/Low/low00057.png,1.821451385608876,0.09775083871004298,40,0,4,0,4,0,4,0,0,0,0,0,0,0,4,0,4,0,4,0,0,0,0,0,0,0,4,0,4,0,4,0,0,0,0,0,0,0,4,0,4,0,4,0,0,0,0,0,0
55,Train/Low/low00165.png,0.7772337534471987,0.06940603139814575,40,0,4,0,4,0,4,0,0,0,0,0,0,0,4,0,4,0,4,0,0,0,0,0,0,0,4,0,4,0,4,0,0,0,0,0,0,0,4,0,4,0,4,0,0,0,0,0,0
56,Train/Low/low00364.png,-4.1972956665858874e-08,-2.528097092779902e-09,40,1,4,0,4,1,4,0,0,0,0,0,0,0,4,3,4,3,4,0,0,0,0,0,0,1,4,0,4,1,4,0,0,0,0,0,0,0,4,3,4,3,4,0,0,0,0,0,0
57,Train/Low/low00406.png,2.086232635534202e-07,2.3752640826435467e-09,40,0,4,1,4,1,4,0,0,0,0,0,0,0,4,2,4,2,4,0,0,0,0,0,0,0,4,1,4,1,4,0,0,0,0,0,0,0,4,2,4,2,4,0,0,0,0,0,0
58,Train/Low/low00586.png,1.0566400153470887,0.07565709007695193,40,1,4,0,4,1,4,0,0,0,0,0,0,0,4,0,4,0,4,0,0,0,0,0,0,1,4,0,4,1,4,0,0,0,0,0,0,0,4,0,4,0,4,0,0,0,0,0,0
59,Train/Low/low00643.png,-0.6135411404515487,-0.009173149817481185,40,0,4,0,4,0,4,0,0,0,0,0,0,0,4,0,4,0,4,0,0,0,0,0,0,0,4,0,4,0,4,0,0,0,0,0,0,0,4,0,4,0,4,0,0,0,0,0,0
60,Train/Low/low00505.png,1.1296338665110284,0.09109786231445804,40,0,4,0,4,0,4,0,0,0,0,0,0,0,4,0,4,0,4,0,0,0,0,0,0,0,4,0,4,0,4,0,0,0,0,0,0,0,4,0,4,0,4,0,0,0,0,0,0
61,Train/Low/low00119.png,1.8418483600341915,0.01505151531280624,40,0,4,0,4,0,4,0,0,0,0,0,0,0,4,0,4,0,4,0,0,0,0,0,0,0,4,0,4,0,4,0,0,0,0,0,0,0,4,0,4,0,4,0,0,0,0,0,0
62,Train/Low/low00299.png,0.5376599282989805,0.006954553129798424,40,1,4,0,4,1,4,0,0,0,0,0,0,0,4,0,4,0,4,0,0,0,0,0,0,1,4,0,4,1,4,0,0,0,0,0,0,0,4,0,4,0,4,0,0,0,0,0,0
63,Train/Low/low00683.png,1.0414251053044516,0.07767693975333717,40,0,4,0,4,0,4,0,0,0,0,0,0,0,4,0,4,0,4,0,0,0,0,0,0,0,4,0,4,0,4,0,0,0,0,0,0,0,4,0,4,0,4,0,0,0,0,0,0
64,Train/Low/low00110.png,3.126288920824429,0.047440098162043864,40,0,4,0,4,0,4,0,0,0,0,0,0,0,4,0,4,0,4,0,0,0,0,0,0,0,4,0,4,0,4,0,0,0,0,0,0,0,4,0,4,0,4,0,0,0,0,0,0
65,Train/Low/low00214.png,0.13707090125766452,0.012086213522031708,40,1,4,0,4,1,4,0,0,0,0,0,0,0,4,0,4,0,4,0,0,0,0,0,0,1,4,0,4,1,4,0,0,0,0,0,0,0,4,0,4,0,4,0,0,0,0,0,0
66,Train/Low/low00417.png,3.933708470071906e-09,-2.235889251522849e-10,39,0,3,1,3,1,3,1,1,1,1,1,1,0,3,2,3,2,3,1,1,1,1,1,1,0,3,1,3,1,3,1,1,1,1,1,1,0,3,2,3,2,3,1,1,1,1,1,1
67,Train/Low/low00354.png,-0.04531475995576173,-0.004321662639194548,40,1,4,0,4,1,4,0,0,0,0,0,0,0,4,1,4,1,4,0,0,0,0,0,0,1,4,0,4,1,4,0,0,0,0,0,0,0,4,1,4,1,4,0,0,0,0,0,0
68,Train/Low/low00603.png,2.4043342347492036,0.07024340337824242,40,0,4,0,4,0,4,0,0,0,0,0,0,0,4,0,4,0,4,0,0,0,0,0,0,0,4,0,4,0,4,0,0,0,0,0,0,0,4,0,4,0,4,0,0,0,0,0,0
69,Train/Low/low00260.png,0.7692639597798046,0.06682250094120329,40,0,4,0,4,0,4,0,0,0,0,0,0,0,4,1,4,1,4,0,0,0,0,0,0,0,4,0,4,0,4,0,0,0,0,0,0,0,4,1,4,1,4,0,0,0,0,0,0
70,Train/Low/low00628.png,2.415321071958683,0.06373027701480405,40,0,4,0,4,0,4,0,0,0,0,0,0,0,4,0,4,0,4,0,0,0,0,0,0,0,4,0,4,0,4,0,0,0,0,0,0,0,4,0,4,0,4,0,0,0,0,0,0
71,Train/Low/low00493.png,0.8324854717346373,0.04184640734065098,40,0,4,0,4,0,4,0,0,0,0,0,0,0,4,0,4,0,4,0,0,0,0,0,0,0,4,0,4,0,4,0,0,0,0,0,0,0,4,0,4,0,4,0,0,0,0,0,0
72,Train/Low/low00298.png,0.46319559224376405,-0.0013446710365827563,40,1,4,0,4,1,4,0,0,0,0,0,0,0,4,0,4,0,4,0,0,0,0,0,0,1,4,0,4,1,4,0,0,0,0,0,0,0,4,0,4,0,4,0,0,0,0,0,0
73,Train/Low/low00398.png,5.665763413986724e-08,5.734870814344539e-09,40,0,4,1,4,1,4,0,0,0,0,0,0,0,4,3,4,3,4,0,0,0,0,0,0,0,4,1,4,1,4,0,0,0,0,0,0,0,4,3,4,3,4,0,0,0,0,0,0
74,Train/Low/low00659.png,2.1148646217558795,0.06927976061428098,40,0,4,0,4,0,4,0,0,0,0,0,0,0,4,0,4,0,4,0,0,0,0,0,0,0,4,0,4,0,4,0,0,0,0,0,0,0,4,0,4,0,4,0,0,0,0,0,0
75,Train/Low/low00464.png,-2.030222440455148,-0.05021739271817238,40,0,4,0,4,0,4,0,0,0,0,0,0,0,4,0,4,0,4,0,0,0,0,0,0,0,4,0,4,0,4,0,0,0,0,0,0,0,4,0,4,0,4,0,0,0,0,0,0
76,Train/Low/low00405.png,0.10544466271358921,0.0006047509716019528,36,0,4,1,4,1,4,0,0,0,0,0,0,0,4,2,4,2,4,0,0,0,0,0,0,0,4,1,4,1,4,0,0,0,0,0,0,0,4,2,4,2,4,0,0,0,0,0,0
77,Train/Low/low00650.png,1.0286998105988943,0.09571009824393473,40,1,3,0,3,1,3,1,1,1,1,1,1,0,3,0,3,0,3,1,1,1,1,1,1,1,3,0,3,1,3,1,1,1,1,1,1,0,3,0,3,0,3,1,1,1,1,1,1
78,Train/Low/low00621.png,1.336472204161712,0.019648989110381376,40,0,4,0,4,0,4,0,0,0,0,0,0,0,4,0,4,0,4,0,0,0,0,0,0,0,4,0,4,0,4,0,0,0,0,0,0,0,4,0,4,0,4,0,0,0,0,0,0
79,Train/Low/low00596.png,0.9778663217420727,0.07091433886203807,40,0,4,0,4,0,4,0,0,0,0,0,0,0,4,0,4,0,4,0,0,0,0,0,0,0,4,0,4,0,4,0,0,0,0,0,0,0,4,0,4,0,4,0,0,0,0,0,0
80,Train/Low/low00378.png,5.014764763444646e-07,2.9125661563100813e-08,34,0,4,1,4,1,4,0,0,0,0,0,0,0,4,2,4,2,4,0,0,0,0,0,0,1,4,1,4,2,4,0,0,0,0,0,0,0,4,2,4,2,4,0,0,0,0,0,0
81,Train/Low/low00058.png,1.3458401636037927,0.09125736691064312,40,0,4,0,4,0,4,0,0,0,0,0,0,0,4,0,4,0,4,0,0,0,0,0,0,0,4,0,4,0,4,0,0,0,0,0,0,0,4,0,4,0,4,0,0,0,0,0,0
82,Train/Low/low00092.png,0.853869347577378,0.05513586887892519,40,0,4,0,4,0,4,0,0,0,0,0,0,0,4,0,4,0,4,0,0,0,0,0,0,0,4,0,4,0,4,0,0,0,0,0,0,0,4,0,4,0,4,0,0,0,0,0,0
83,Train/Low/low00266.png,1.355309673910579,0.06438485860485671,40,0,4,0,4,0,4,0,0,0,0,0,0,0,4,0,4,0,4,0,0,0,0,0,0,0,4,0,4,0,4,0,0,0,0,0,0,0,4,0,4,0,4,0,0,0,0,0,0
84,Train/Low/low00180.png,0.2814882789653099,0.024411695317107115,40,1,4,0,4,1,4,0,0,0,0,0,0,0,4,1,4,1,4,0,0,0,0,0,0,1,4,0,4,1,4,0,0,0,0,0,0,0,4,1,4,1,4,0,0,0,0,0,0
85,Train/Low/low00679.png,1.2957925968229667,0.09388771264358142,40,0,4,0,4,0,4,0,0,0,0,0,0,0,4,0,4,0,4,0,0,0,0,0,0,0,4,0,4,0,4,0,0,0,0,0,0,0,4,0,4,0,4,0,0,0,0,0,0
86,Train/Low/low00408.png,-6.978680922031799e-08,-4.999495872848314e-09,40,0,4,1,4,1,4,0,0,0,0,0,0,0,4,3,4,3,4,0,0,0,0,0,0,0,4,1,4,1,4,0,0,0,0,0,0,0,4,3,4,3,4,0,0,0,0,0,0
87,Train/Low/low00623.png,1.8062379688222752,0.10610857771918791,40,0,4,0,4,0,4,0,0,0,0,0,0,0,4,0,4,0,4,0,0,0,0,0,0,0,4,0,4,0,4,0,0,0,0,0,0,0,4,0,4,0,4,0,0,0,0,0,0
88,Train/Low/low00646.png,1.9406637772230368,0.058535651398857635,40,0,4,0,4,0,4,0,0,0,0,0,0,0,4,0,4,0,4,0,0,0,0,0,0,0,4,0,4,0,4,0,0,0,0,0,0,0,4,0,4,0,4,0,0,0,0,0,0
89,Train/Low/low00104.png,1.0771562906090768,0.06976714772314763,40,0,4,0,4,0,4,0,0,0,0,0,0,0,4,0,4,0,4,0,0,0,0,0,0,0,4,0,4,0,4,0,0,0,0,0,0,0,4,0,4,0,4,0,0,0,0,0,0
90,Train/Low/low00399.png,-1.8487133779387932e-07,-4.062621350442441e-09,40,1,4,0,4,1,4,0,0,0,0,0,0,0,4,3,4,3,4,0,0,0,0,0,0,1,4,0,4,1,4,0,0,0,0,0,0,0,4,3,4,3,4,0,0,0,0,0,0
91,Train/Low/low00638.png,0.8144460074741993,0.038803669689196296,40,0,3,0,3,0,3,1,1,1,1,1,1,0,3,0,3,0,3,1,1,1,1,1,1,0,3,0,3,0,3,1,1,1,1,1,1,0,3,0,3,0,3,1,1,1,1,1,1
92,Train/Low/low00533.png,0.8611807689945348,0.07435284786333102,40,0,4,0,4,0,4,0,0,0,0,0,0,0,4,0,4,0,4,0,0,0,0,0,0,0,4,0,4,0,4,0,0,0,0,0,0,0,4,0,4,0,4,0,0,0,0,0,0
93,Train/Low/low00142.png,0.6568991583104911,0.05131332818316525,40,0,4,0,4,0,4,0,0,0,0,0,0,0,4,0,4,0,4,0,0,0,0,0,0,0,4,0,4,0,4,0,0,0,0,0,0,0,4,0,4,0,4,0,0,0,0,0,0
94,Train/Low/low00182.png,0.1617042470152228,0.009773670662798196,40,0,4,0,4,0,4,0,0,0,0,0,0,0,4,1,4,1,4,0,0,0,0,0,0,0,4,0,4,0,4,0,0,0,0,0,0,0,4,1,4,1,4,0,0,0,0,0,0
95,Train/Low/low00477.png,2.0362918139809096,0.14927955059250458,40,0,4,0,4,0,4,0,0,0,0,0,0,0,4,0,4,0,4,0,0,0,0,0,0,0,4,0,4,0,4,0,0,0,0,0,0,0,4,0,4,0,4,0,0,0,0,0,0
96,Train/Low/low00036.png,1.2898197278055754,0.10317082187488619,40,0,4,0,4,0,4,0,0,0,0,0,0,0,4,0,4,0,4,0,0,0,0,0,0,0,4,0,4,0,4,0,0,0,0,0,0,0,4,0,4,0,4,0,0,0,0,0,0
97,Train/Low/low00594.png,0.9236224084621245,0.03619577712237754,40,0,3,0,3,0,3,1,1,1,1,1,1,0,3,0,3,0,3,1,1,1,1,1,1,0,3,0,3,0,3,1,1,1,1,1,1,0,3,0,3,0,3,1,1,1,1,1,1
98,Train/Low/low00192.png,0.20408021493118955,0.015180248385538074,40,0,4,0,4,0,4,0,0,0,0,0,0,0,4,1,4,1,4,0,0,0,0,0,0,0,4,0,4,0,4,0,0,0,0,0,0,0,4,1,4,1,4,0,0,0,0,0,0
99,Train/Low/low00668.png,1.3020086488581857,0.07081824716618479,40,0,4,0,4,0,4,0,0,0,0,0,0,0,4,0,4,0,4,0,0,0,0,0,0,0,4,0,4,0,4,0,0,0,0,0,0,0,4,0,4,0,4,0,0,0,0,0,0
