label,index,low,winner,best_step,identity_best_step,selected_best_step,identity_updates,selected_updates,active_count,reproduction_max_abs,grid_max_abs,seconds,ev_lower_active_count,ev_lower_inactive_count,ev_lower_all_count,ev_upper_active_count,ev_upper_inactive_count,ev_upper_all_count,ev_either_active_count,ev_either_inactive_count,ev_either_all_count,gamma_lower_active_count,gamma_lower_inactive_count,gamma_lower_all_count,gamma_upper_active_count,gamma_upper_inactive_count,gamma_upper_all_count,gamma_either_active_count,gamma_either_inactive_count,gamma_either_all_count,raw_mse,raw_psnr,raw_ssim,selected_mse,selected_psnr,selected_ssim,oracle_mse,oracle_psnr,oracle_ssim,delta_psnr,delta_ssim
REFERENCE_ORACLE_ONLY,0,Train/Low/low00653.png,T026A_selected,500,500,500,500,500,4,0.0,0.0,12.159702626988292,0,0,0,0,0,0,0,0,0,0,0,0,0,0,0,0,0,0,0.17466439246154425,7.57795622399096,0.04125385681853205,0.12651142722788872,8.978702447816376,0.18213790006687194,0.045323227248642996,13.436791736900073,0.3344494252336049,4.458089289083697,0.15231152516673294
REFERENCE_ORACLE_ONLY,1,Train/Low/low00651.png,T026A_selected,500,500,500,500,500,2,0.0,0.0,11.533736367011443,0,2,2,0,2,2,0,2,2,0,2,2,0,2,2,0,2,2,0.1337906600926594,8.735742035472692,0.17220725978708165,0.11216086748069713,9.50158640420364,0.2768708677628083,0.0745823789358723,11.273637681690698,0.4148567855227027,1.7720512774870567,0.13798591775989444
REFERENCE_ORACLE_ONLY,2,Train/Low/low00443.png,T026A_selected,500,500,500,500,500,4,0.0,0.0,11.850823872955516,0,0,0,3,0,3,3,0,3,0,0,0,0,0,0,0,0,0,0.12176763897407115,9.14468114678116,0.12113560284128243,0.11947003312215103,9.227410159022186,0.1119964721540214,0.05993757661638385,12.223008203394599,0.09109207123636597,2.9955980443724126,-0.02090440091765544
REFERENCE_ORACLE_ONLY,3,Train/Low/low00327.png,T026A_selected,500,500,500,500,500,4,0.0,0.0,11.710721536015626,0,0,0,3,0,3,3,0,3,0,0,0,0,0,0,0,0,0,0.07349759160254334,11.337268918118946,0.2121969556718744,0.08662071846285874,10.623782183992844,0.1829563232566069,0.016322222662046734,17.87220701946412,0.21098407385280982,7.248424835471276,0.02802775059620291
REFERENCE_ORACLE_ONLY,4,Train/Low/low00601.png,T026A_selected,500,500,500,500,500,4,0.0,0.0,11.690932083001826,0,0,0,0,0,0,0,0,0,0,0,0,0,0,0,0,0,0,0.1484072663063235,8.285448346399846,0.20396672068024532,0.04636111734382584,13.338461057021787,0.5443669783192189,0.002442533790594512,26.121594194342755,0.559892944876711,12.783133137320968,0.015525966557492166
REFERENCE_ORACLE_ONLY,5,Train/Low/low00509.png,T026A_selected,500,500,500,500,500,4,0.0,0.0,11.670827220019419,0,0,0,0,0,0,0,0,0,0,0,0,0,0,0,0,0,0,0.08284290084283778,10.817447021738044,0.1678521290980604,0.03744960251006874,14.265527875399457,0.4619662264391112,0.007440786573857422,21.28381152272731,0.5970532663389718,7.018283647327852,0.1350870398998606
REFERENCE_ORACLE_ONLY,6,Train/Low/low00001.png,T026A_selected,500,500,500,500,500,4,0.0,0.0,11.88606794399675,0,0,0,0,0,0,0,0,0,0,0,0,0,0,0,0,0,0,0.18312656407067338,7.3724865300837115,0.24158257140591555,0.04040537782165997,13.935608278884752,0.6878066989606665,0.0019359243397847259,27.13111619887172,0.7480658156520749,13.195507919986968,0.060259116691408376
REFERENCE_ORACLE_ONLY,7,Train/Low/low00608.png,T026A_selected,500,500,500,500,500,4,0.0,0.0,11.548191971960478,0,0,0,0,0,0,0,0,0,0,0,0,0,0,0,0,0,0,0.231912416800536,6.34675998220175,0.17874480671031773,0.06881993836211057,11.622857206864232,0.5812030242359156,0.006140078628418515,22.118260673491193,0.6612116208271074,10.49540346662696,0.08000859659119175
REFERENCE_ORACLE_ONLY,8,Train/Low/low00351.png,T026A_selected,500,500,500,500,500,4,0.0,0.0,11.51305463904282,0,0,0,2,0,2,2,0,2,0,0,0,0,0,0,0,0,0,0.09025667072768169,10.44520690218302,0.13776310895795815,0.058248236722966217,12.34717216964201,0.12524331480640846,0.03658504002496909,14.366964655010623,0.09377219006819068,2.0197924853686136,-0.03147112473821778
REFERENCE_ORACLE_ONLY,9,Train/Low/low00261.png,T026A_selected,500,500,500,500,500,4,0.0,0.0,11.386757044994738,0,0,0,0,0,0,0,0,0,0,0,0,0,0,0,0,0,0,0.25447347636353884,5.943574772535387,0.015362342311840835,0.22360349250530792,6.50521417404855,0.06244871303291925,0.13602376879138414,8.663851963871588,0.19784612631928084,2.158637789823038,0.1353974132863616
REFERENCE_ORACLE_ONLY,10,Train/Low/low00177.png,T026A_selected,500,500,500,500,500,4,0.0,0.0,11.364233145024627,0,0,0,0,0,0,0,0,0,0,0,0,0,0,0,0,0,0,0.18722252404254092,7.276419041078491,0.05943688083581653,0.11341295386095754,9.453373381323871,0.25344007739758734,0.04207748239800855,13.75950253012153,0.36353359698907256,4.306129148797659,0.11009351959148522
REFERENCE_ORACLE_ONLY,11,Train/Low/low00542.png,T026A_selected,500,500,500,500,500,4,0.0,0.0,11.015688357001636,0,0,0,0,0,0,0,0,0,0,0,0,0,0,0,0,0,0,0.25178098246732006,5.989770761400385,0.133256225323828,0.10432221374080317,9.816232056879374,0.48628929161817425,0.016637335860164953,17.789162161379302,0.5830124432827327,7.972930104499929,0.09672315166455847
REFERENCE_ORACLE_ONLY,12,Train/Low/low00592.png,T026A_selected,500,500,500,500,500,3,0.0,0.0,11.208932415989693,0,1,1,0,1,1,0,1,1,0,1,1,0,1,1,0,1,1,0.1476628236181513,8.307288312267225,0.24123625656006484,0.0729705428697077,11.368524227696506,0.5167086853258058,0.061784720635343404,12.091189126814044,0.48396653090545133,0.7226648991175377,-0.0327421544203545
REFERENCE_ORACLE_ONLY,13,Train/Low/low00184.png,T026A_selected,500,500,500,500,500,4,0.0,0.0,11.149787217960693,0,0,0,0,0,0,0,0,0,0,0,0,0,0,0,0,0,0,0.1837641023501259,7.35739322514076,0.10164020915940625,0.08936644461471677,10.48825519842225,0.35593299576616366,0.026664671662273057,15.740637596706204,0.42412845465190063,5.252382398283954,0.06819545888573697
REFERENCE_ORACLE_ONLY,14,Train/Low/low00080.png,T026A_selected,500,500,500,500,500,4,0.0,0.0,10.154966549016535,0,0,0,0,0,0,0,0,0,0,0,0,0,0,0,0,0,0,0.27528898568789695,5.6021116438095255,0.22065302702760298,0.08300591215395252,10.808909735950651,0.6352973303924846,0.00202613650270991,26.93331299164939,0.7408169706255675,16.124403255698738,0.10551964023308291
REFERENCE_ORACLE_ONLY,15,Train/Low/low00501.png,T026A_selected,500,500,500,500,500,4,0.0,0.0,7.909460555005353,0,0,0,0,0,0,0,0,0,0,0,0,0,0,0,0,0,0,0.1461916842787011,8.350773303507005,0.1705303528937216,0.045821561355872745,13.389301164411027,0.6169238958427573,0.0032646030358019274,24.86169619853498,0.7201967958038661,11.472395034123952,0.10327289996110878
REFERENCE_ORACLE_ONLY,16,Train/Low/low00133.png,T026A_selected,500,500,500,500,500,4,0.0,0.0,8.301921950012911,0,0,0,0,0,0,0,0,0,0,0,0,0,0,0,0,0,0,0.3180859060566678,4.974555734497576,0.026132485745239575,0.24047069037533506,6.189378497847891,0.11536151130543092,0.155395595180024,8.085612958061583,0.17866924465681297,1.8962344602136918,0.06330773335138205
REFERENCE_ORACLE_ONLY,17,Train/Low/low00455.png,identity,500,500,500,500,500,4,0.0,0.0,11.176473920990247,0,0,0,4,0,4,4,0,4,0,0,0,0,0,0,0,0,0,0.0945582684720618,10.243004890845832,0.13014798542796818,0.10646987579511812,9.727732525686637,0.11956665710279603,0.05123466836548607,12.904360705730124,0.07711532252680064,3.176628180043487,-0.042451334575995384
REFERENCE_ORACLE_ONLY,18,Train/Low/low00206.png,T026A_selected,362,500,362,500,500,4,0.0,0.0,11.584016760985833,0,0,0,0,0,0,0,0,0,0,0,0,0,0,0,0,0,0,0.10024972435193047,9.989168128484296,0.30858969199528347,0.01347761552936105,18.703869367355377,0.7460552253736397,0.0010079170139117954,29.965752237276174,0.7361700186183089,11.261882869920797,-0.009885206755330778
REFERENCE_ORACLE_ONLY,19,Train/Low/low00314.png,T026A_selected,500,500,500,500,500,4,0.0,0.0,11.232154936995357,0,0,0,2,0,2,2,0,2,0,0,0,0,0,0,0,0,0,0.08554106954738523,10.678253239222794,0.18427194394802734,0.06478709742968236,11.88511476737953,0.16354399542914858,0.020983585282781596,16.781203056801562,0.16408118641379976,4.896088289422032,0.0005371909846511869
REFERENCE_ORACLE_ONLY,20,Train/Low/low00097.png,T026A_selected,500,500,500,500,500,4,0.0,0.0,11.194774923962541,0,0,0,0,0,0,0,0,0,0,0,0,0,0,0,0,0,0,0.12510764554120862,9.02716149020426,0.09933405381524278,0.07077508871073586,11.501195776102078,0.3408078568754589,0.014924531072929336,18.260993054675073,0.44310435126257613,6.759797278572995,0.10229649438711724
REFERENCE_ORACLE_ONLY,21,Train/Low/low00520.png,T026A_selected,500,500,500,500,500,4,0.0,0.0,11.516471386014018,0,0,0,0,0,0,0,0,0,0,0,0,0,0,0,0,0,0,0.16222393987314507,7.898850552567263,0.09116325698288649,0.09742184937522304,10.113436304013778,0.2976039068990005,0.03360573482532193,14.735866038461989,0.47447023704344876,4.622429734448211,0.17686633014444825
REFERENCE_ORACLE_ONLY,22,Train/Low/low00424.png,T026A_selected,500,500,500,500,500,4,0.0,0.0,11.493147527973633,0,0,0,3,0,3,3,0,3,0,0,0,0,0,0,0,0,0,0.09975226824753047,10.010772201907265,0.12361664379005625,0.10146442379759663,9.93686206585909,0.10282537639672713,0.0495263053625363,13.051640689590208,0.08224639302612971,3.1147786237311177,-0.020578983370597423
REFERENCE_ORACLE_ONLY,23,Train/Low/low00535.png,T026A_selected,500,500,500,500,500,4,0.0,0.0,11.499319209018722,0,0,0,0,0,0,0,0,0,0,0,0,0,0,0,0,0,0,0.2568095892957261,5.903887637010607,0.14019142204178217,0.08943963052201317,10.484700035384023,0.5113643687578813,0.013164820909013735,18.805850445530613,0.6196943439901061,8.32115041014659,0.10832997523222487
REFERENCE_ORACLE_ONLY,24,Train/Low/low00336.png,T026A_selected,500,500,500,500,500,4,0.0,0.0,11.666016567032784,0,0,0,0,0,0,0,0,0,0,0,0,0,0,0,0,0,0,0.05081551700648605,12.940036514702896,0.1423579808818283,0.04893053746480449,13.104200138187078,0.13494766527295868,0.023857510415901572,16.223748778931576,0.09108420772754766,3.1195486407444974,-0.043863457545411016
REFERENCE_ORACLE_ONLY,25,Train/Low/low00554.png,T026A_selected,500,500,500,500,500,4,0.0,0.0,11.194775993993971,0,0,0,0,0,0,0,0,0,0,0,0,0,0,0,0,0,0,0.22870745659326222,6.407196757757761,0.10487064696469772,0.1311068386930807,8.82374654387662,0.34439507756216353,0.023335796846142825,16.31977364696368,0.47095365549896734,7.496027103087059,0.1265585779368038
REFERENCE_ORACLE_ONLY,26,Train/Low/low00564.png,T026A_selected,500,500,500,500,500,4,0.0,0.0,11.222412900009658,0,0,0,0,0,0,0,0,0,0,0,0,0,0,0,0,0,0,0.19483890989280758,7.103243089342994,0.10613713083594403,0.038907274212648064,14.099691941736998,0.46367436499737985,0.009703840949289293,20.1305633038263,0.508243460498755,6.030871362089302,0.04456909550137517
REFERENCE_ORACLE_ONLY,27,Train/Low/low00440.png,identity,500,500,500,500,500,4,0.0,0.0,11.382847355969716,3,0,3,0,0,0,3,0,3,0,0,0,0,0,0,0,0,0,0.030613007828025736,15.140939974546516,0.2154287462252617,0.03670624087316723,14.352600897982182,0.2211404067197792,0.020656907708617164,16.849346908318083,0.11626897329843215,2.496746010335901,-0.10487143342134704
REFERENCE_ORACLE_ONLY,28,Train/Low/low00584.png,T026A_selected,500,500,500,500,500,4,0.0,0.0,11.461529959051404,0,0,0,0,0,0,0,0,0,0,0,0,0,0,0,0,0,0,0.17534850222405915,7.56097939383872,0.12495984315464051,0.06745949211704652,11.709569328117217,0.4330383692184943,0.012109651382369085,19.16868359325379,0.4882962358492504,7.459114265136572,0.0552578666307561
REFERENCE_ORACLE_ONLY,29,Train/Low/low00529.png,T026A_selected,500,500,500,500,500,4,0.0,0.0,11.587951274996158,0,0,0,2,0,2,2,0,2,0,0,0,0,0,0,0,0,0,0.1717127713237972,7.651974025141996,0.18272547377754164,0.10454321787945474,9.807041362854989,0.4582053033622563,0.020921993688826215,16.793969332464197,0.602239187897059,6.986927969609209,0.1440338845348027
REFERENCE_ORACLE_ONLY,30,Train/Low/low00213.png,T026A_selected,500,500,500,500,500,4,0.0,0.0,11.504174066009,0,0,0,0,0,0,0,0,0,0,0,0,0,0,0,0,0,0,0.2830034130736512,5.482083267721242,0.11287464349198718,0.12589087534639273,9.000057467016699,0.41609300196141047,0.034654493199947005,14.602404480526644,0.489995264134252,5.602347013509945,0.07390226217284152
REFERENCE_ORACLE_ONLY,31,Train/Low/low00019.png,T026A_selected,500,500,500,500,500,4,0.0,0.0,11.492227151989937,0,0,0,0,0,0,0,0,0,0,0,0,0,0,0,0,0,0,0.2614472879225783,5.826158588883235,0.03438005012922033,0.19049585828501642,7.20114462211546,0.1732170827389536,0.08931936628692795,10.49054366870938,0.3166376075093875,3.2893990465939202,0.14342052477043393
REFERENCE_ORACLE_ONLY,32,Train/Low/low00004.png,T026A_selected,500,500,500,500,500,4,0.0,0.0,11.656728491012473,0,0,0,0,0,0,0,0,0,0,0,0,0,0,0,0,0,0,0.25872768418370146,5.871570987478868,0.07623366309546356,0.14202389552393663,8.476385794119066,0.27194003082772905,0.04501198178513164,13.466718655463076,0.4268486052781914,4.99033286134401,0.15490857445046236
REFERENCE_ORACLE_ONLY,33,Train/Low/low00449.png,T026A_selected,500,500,500,500,500,4,0.0,0.0,10.976949217030779,1,0,1,2,0,2,3,0,3,0,0,0,0,0,0,0,0,0,0.0640611352693535,11.934053691869188,0.15752351761292077,0.06262232239473571,12.032708302911907,0.11456134158811886,0.030142926883186344,15.20814579907864,0.0986778462922835,3.175437496166733,-0.015883495295835354
REFERENCE_ORACLE_ONLY,34,Train/Low/low00040.png,T026A_selected,500,500,500,500,500,4,0.0,0.0,11.024705932999495,0,0,0,0,0,0,0,0,0,0,0,0,0,0,0,0,0,0,0.24589336963705632,6.09253181586055,0.25347568399017417,0.039760641617538305,14.005466160074187,0.749532846196364,0.0020207540666956772,26.94486538526336,0.7987580157465483,12.939399225189172,0.0492251695501843
REFERENCE_ORACLE_ONLY,35,Train/Low/low00465.png,identity,500,500,500,500,500,4,0.0,0.0,11.026737502019387,3,0,3,1,0,1,4,0,4,0,0,0,0,0,0,0,0,0,0.05345874513464185,12.71981239883575,0.17221364589646335,0.05789068761111884,12.37391291961248,0.16539993625179653,0.03376964266333101,14.714735348684261,0.08970022939482553,2.340822429071782,-0.075699706856971
REFERENCE_ORACLE_ONLY,36,Train/Low/low00293.png,T026A_selected,500,500,500,500,500,4,0.0,0.0,11.033300496987067,0,0,0,3,0,3,3,0,3,0,0,0,0,0,0,0,0,0,0.14285547716924754,8.45103103837209,0.10285221776240284,0.14888519197971242,8.271484947347394,0.09193744985483218,0.04986923831580066,13.021672649833802,0.08279654573122316,4.750187702486407,-0.009140904123609017
REFERENCE_ORACLE_ONLY,37,Train/Low/low00563.png,T026A_selected,499,500,499,500,500,4,0.0,0.0,10.86658761597937,0,0,0,0,0,0,0,0,0,0,0,0,0,0,0,0,0,0,0.10179430751202019,9.922765077089027,0.18263317242447444,0.01335030956748118,18.745086637458403,0.5867636555208312,0.005925901451081252,22.27245575199452,0.610717351374583,3.5273691145361177,0.023953695853751844
REFERENCE_ORACLE_ONLY,38,Train/Low/low00515.png,T026A_selected,500,500,500,500,500,4,0.0,0.0,10.845878441003151,0,0,0,0,0,0,0,0,0,0,0,0,0,0,0,0,0,0,0.11014934817272622,9.58018068516171,0.11060656499319797,0.07567844445622221,11.210278032846727,0.21989973653506342,0.03977400916878197,14.004006304844058,0.2708664881352684,2.793728271997331,0.050966751600205
REFERENCE_ORACLE_ONLY,39,Train/Low/low00476.png,T026A_selected,500,500,500,500,500,4,0.0,0.0,10.370154917007312,0,0,0,0,0,0,0,0,0,0,0,0,0,0,0,0,0,0,0.07677530569556604,11.147784456548946,0.16674336938397394,0.018992118975217104,17.214265777640403,0.6613801907297435,0.003831590568866117,24.166209043904967,0.6786965974907269,6.951943266264564,0.01731640676098334
REFERENCE_ORACLE_ONLY,40,Train/Low/low00219.png,T026A_selected,500,500,500,500,500,4,0.0,0.0,9.45784366200678,0,0,0,0,0,0,0,0,0,0,0,0,0,0,0,0,0,0,0.24855335774795,6.045803655301867,0.12968273791190765,0.11757827186467447,9.296729272490914,0.40307189785093156,0.03027913418739575,15.188565473692016,0.48171957599462517,5.891836201201102,0.07864767814369361
REFERENCE_ORACLE_ONLY,41,Train/Low/low00084.png,T026A_selected,500,500,500,500,500,4,0.0,0.0,10.880187974020373,0,0,0,0,0,0,0,0,0,0,0,0,0,0,0,0,0,0,0.18732182508647574,7.27411619515176,0.2880995073584566,0.03075082277670182,15.121432596413767,0.728619983461308,0.0010890261985267895,29.629616723665762,0.7599928445802486,14.508184127251996,0.031372861118940665
REFERENCE_ORACLE_ONLY,42,Train/Low/low00100.png,T026A_selected,500,500,500,500,500,4,0.0,0.0,10.881451121997088,0,0,0,0,0,0,0,0,0,0,0,0,0,0,0,0,0,0,0.17231667183334654,7.636727020357107,0.09331044217194855,0.07598821302879386,11.192537684238506,0.37814427391123695,0.014007872665149183,18.536278147454563,0.4725743868841606,7.343740463216058,0.09443011297292364
REFERENCE_ORACLE_ONLY,43,Train/Low/low00561.png,T026A_selected,500,500,500,500,500,4,0.0,0.0,11.02381065103691,0,0,0,0,0,0,0,0,0,0,0,0,0,0,0,0,0,0,0.08162970965551666,10.881517482173654,0.15025237522370855,0.02101007158186767,16.775724679387796,0.5561198587296148,0.005196195647945981,22.84314505169509,0.5877424726231248,6.067420372307293,0.031622613893510065
REFERENCE_ORACLE_ONLY,44,Train/Low/low00510.png,T026A_selected,500,500,500,500,500,4,0.0,0.0,10.885836076980922,0,0,0,0,0,0,0,0,0,0,0,0,0,0,0,0,0,0,0.18678843022032507,7.286500277155751,0.08377541679275002,0.10921164857696569,9.617310370626427,0.31608536081770566,0.041371208070909604,13.833017971883772,0.5134895323592344,4.2157076012573445,0.19740417154152878
REFERENCE_ORACLE_ONLY,45,Train/Low/low00562.png,T026A_selected,500,500,500,500,500,3,0.0,0.0,10.988891909015365,0,1,1,0,1,1,0,1,1,0,1,1,0,1,1,0,1,1,0.22791230759051467,6.422322216633216,0.11856704473373052,0.09310097163862732,10.31045786525722,0.4526981990052045,0.06090191450295931,12.153690547398359,0.5029869324101677,1.8432326821411387,0.05028873340496315
REFERENCE_ORACLE_ONLY,46,Train/Low/low00247.png,T026A_selected,500,500,500,500,500,4,0.0,0.0,11.02029652899364,0,0,0,0,0,0,0,0,0,0,0,0,0,0,0,0,0,0,0.1541329802932976,8.12104424053178,0.3147364187851212,0.020367366486555582,16.91065121922547,0.8019264701999828,0.0006399797043757093,31.938337985432973,0.8356463063500776,15.027686766207502,0.033719836150094884
REFERENCE_ORACLE_ONLY,47,Train/Low/low00326.png,identity,500,500,500,500,500,4,0.0,0.0,11.029942376015242,0,0,0,3,0,3,3,0,3,0,0,0,0,0,0,0,0,0,0.1331843571711522,8.755467811206461,0.1658168137990396,0.14407742461562145,8.414040631342525,0.1429372895799649,0.030556941955489143,15.148901107740286,0.18636588126373277,6.7348604763977615,0.043428591683767864
REFERENCE_ORACLE_ONLY,48,Train/Low/low00385.png,identity,500,500,500,500,500,4,0.0,0.0,11.026014361006673,0,0,0,4,0,4,4,0,4,0,0,0,0,0,0,0,0,0,0.2559892275033679,5.91778310212685,0.10269507157096382,0.2979881078075823,5.2580106752307625,0.08975073127907605,0.1162502628096664,9.346060566172868,0.1297355456235523,4.088049890942106,0.03998481434447625
REFERENCE_ORACLE_ONLY,49,Train/Low/low00295.png,T026A_selected,500,500,500,500,500,4,0.0,0.0,10.937820549006574,0,0,0,2,0,2,2,0,2,0,0,0,0,0,0,0,0,0,0.1271846792502697,8.955652009345073,0.19954077560818764,0.07968908626757697,10.986011528613378,0.20002602345358356,0.023093807951357757,16.36504450109727,0.21349163056057138,5.379032972483891,0.013465607106987826
REFERENCE_ORACLE_ONLY,50,Train/Low/low00331.png,identity,500,500,500,500,500,4,0.0,0.0,10.587813013989944,0,0,0,4,0,4,4,0,4,0,0,0,0,0,0,0,0,0,0.19349977130320686,7.133195439360981,0.07523608975155764,0.21111966374104954,6.7547131450609585,0.06681197139023277,0.09905542064695862,10.04121753415211,0.0752121667646597,3.286504389091152,0.00840019537442692
REFERENCE_ORACLE_ONLY,51,Train/Low/low00124.png,T026A_selected,500,500,500,500,500,4,0.0,0.0,10.889290008984972,0,0,0,0,0,0,0,0,0,0,0,0,0,0,0,0,0,0,0.287866615720757,5.408086979178076,0.12633442292766267,0.1374133922608143,8.61970939026534,0.42393746853051884,0.028977800999172017,15.379345743569191,0.5380882879897151,6.759636353303851,0.11415081945919625
REFERENCE_ORACLE_ONLY,52,Train/Low/low00196.png,T026A_selected,500,500,500,500,500,4,0.0,0.0,10.875766080978792,0,0,0,0,0,0,0,0,0,0,0,0,0,0,0,0,0,0,0.1964524146316891,7.0674262882838415,0.11633881974231661,0.09112715354861874,10.403521951542963,0.4193154523307737,0.01592295804629441,17.979762491707117,0.47988540744368785,7.576240540164154,0.06056995511291413
REFERENCE_ORACLE_ONLY,53,Train/Low/low00627.png,T026A_selected,500,500,500,500,500,4,0.0,0.0,10.876279031974263,0,0,0,0,0,0,0,0,0,0,0,0,0,0,0,0,0,0,0.2379783781908572,6.234624994937693,0.17740127983564621,0.07048996996784332,11.518726744626644,0.5824986694590276,0.006239490909359044,22.048508436950883,0.6347742815121099,10.529781692324239,0.05227561205308229
REFERENCE_ORACLE_ONLY,54,Train/Low/low00057.png,T026A_selected,500,500,500,500,500,4,0.0,0.0,10.908508815977257,0,0,0,0,0,0,0,0,0,0,0,0,0,0,0,0,0,0,0.25027781855504794,6.015776390294771,0.1663407195912789,0.07063180831868976,11.509996747799072,0.6373025765644746,0.0045208296067992355,23.44781861517221,0.7417628503002508,11.937821867373138,0.10446027373577615
REFERENCE_ORACLE_ONLY,55,Train/Low/low00165.png,T026A_selected,500,500,500,500,500,4,0.0,0.0,10.955410650989506,0,0,0,0,0,0,0,0,0,0,0,0,0,0,0,0,0,0,0.20462550752427466,6.890402304158307,0.07801658712458846,0.12285781583177989,9.105972098420892,0.3100211303999816,0.026922932825618084,15.698776323899414,0.48091660477135034,6.592804225478522,0.17089547437136876
REFERENCE_ORACLE_ONLY,56,Train/Low/low00364.png,identity,500,500,500,500,500,4,0.0,0.0,10.298485627979971,0,0,0,4,0,4,4,0,4,0,0,0,0,0,0,0,0,0,0.08728121289772658,10.590792272326187,0.218692996028279,0.1204673961543436,9.191304766260709,0.19887697865072057,0.022392580498066767,16.4989585588526,0.21878939987584012,7.307653792591891,0.019912421225119548
REFERENCE_ORACLE_ONLY,57,Train/Low/low00406.png,T026A_selected,500,500,500,500,500,4,0.0,0.0,11.107016456022393,0,0,0,4,0,4,4,0,4,0,0,0,0,0,0,0,0,0,0.18217098651010089,7.395207898323557,0.11784358134825512,0.19583266109177364,7.081148745910425,0.1052843088971965,0.0952353263231373,10.212019257606052,0.10654034964787558,3.130870511695627,0.0012560407506790744
REFERENCE_ORACLE_ONLY,58,Train/Low/low00586.png,T026A_selected,500,500,500,500,500,4,0.0,0.0,11.120512016990688,0,0,0,0,0,0,0,0,0,0,0,0,0,0,0,0,0,0,0.18731719997511403,7.274223426924657,0.16985383053870526,0.1041929711560978,9.821615774960161,0.47409089344970406,0.021736507453906994,16.628102355646277,0.5311494193107981,6.806486580686116,0.057058525861094
REFERENCE_ORACLE_ONLY,59,Train/Low/low00643.png,identity,208,208,202,500,500,4,0.0,0.0,11.304793032992166,0,0,0,0,0,0,0,0,0,0,0,0,0,0,0,0,0,0,0.071579005762974,11.452143382826012,0.7311709778809691,0.006762719189057776,21.69878645574009,0.930106423324631,0.0016214696568797528,27.900911740172106,0.9559074624095841,6.2021252844320145,0.025801039084953126
REFERENCE_ORACLE_ONLY,60,Train/Low/low00505.png,T026A_selected,500,500,500,500,500,4,0.0,0.0,10.997874484979548,0,0,0,0,0,0,0,0,0,0,0,0,0,0,0,0,0,0,0.17255995794566173,7.630599737467798,0.10644056324513897,0.07019881113067981,11.536702429094763,0.4129906408478703,0.014568573733114014,18.36582963683544,0.5696671286446555,6.829127207740676,0.15667648779678522
REFERENCE_ORACLE_ONLY,61,Train/Low/low00119.png,T026A_selected,499,500,499,500,500,4,0.0,0.0,11.083812706987374,0,0,0,0,0,0,0,0,0,0,0,0,0,0,0,0,0,0,0.08752671668001917,10.578593625698055,0.33837077951394445,0.01063608405209591,19.732182392967314,0.7255288846311014,0.0007311095607927793,31.360175367461437,0.7577685753160234,11.627992974494124,0.03223969068492194
REFERENCE_ORACLE_ONLY,62,Train/Low/low00299.png,T026A_selected,500,500,500,500,500,4,0.0,0.0,11.0119471589569,0,0,0,2,0,2,2,0,2,0,0,0,0,0,0,0,0,0,0.07372365786763159,11.32393124995048,0.24004265462163218,0.042646651254841225,13.70115065285249,0.23427946829579657,0.013146895255514646,18.811767971818096,0.2370286992787218,5.1106173189656054,0.0027492309829252326
REFERENCE_ORACLE_ONLY,63,Train/Low/low00683.png,T026A_selected,500,500,500,500,500,4,0.0,0.0,10.971710534999147,0,0,0,0,0,0,0,0,0,0,0,0,0,0,0,0,0,0,0.15443054746944235,8.112667889406042,0.0678235609157656,0.07550722489428117,11.220114909986629,0.35148051004242814,0.021528092846008682,16.66994442222085,0.4606981278550768,5.449829512234222,0.10921761781264866
REFERENCE_ORACLE_ONLY,64,Train/Low/low00110.png,T026A_selected,500,500,500,500,500,4,0.0,0.0,10.969511015049648,0,0,0,0,0,0,0,0,0,0,0,0,0,0,0,0,0,0,0.1378494086740633,8.605950925262317,0.38332794713082935,0.010943577919375998,19.60840665516215,0.7846318861117295,0.0006653804942522047,31.769299347007394,0.7558169093687848,12.160892691845245,-0.028814976742944753
REFERENCE_ORACLE_ONLY,65,Train/Low/low00214.png,T026A_selected,500,500,500,500,500,4,0.0,0.0,10.92832265701145,0,0,0,0,0,0,0,0,0,0,0,0,0,0,0,0,0,0,0.29416394070482327,5.314105651663353,0.0308068766644641,0.2619508598597677,5.817801716319945,0.08426207375291578,0.13234634492262584,8.78288048332063,0.17984732157320535,2.9650787670006853,0.09558524782028957
REFERENCE_ORACLE_ONLY,66,Train/Low/low00417.png,identity,500,500,500,500,500,3,0.0,0.0,11.256718352029566,0,1,1,3,1,4,3,1,4,0,1,1,0,1,1,0,1,1,0.11568028038172515,9.367406674208404,0.11318569112721105,0.126699330281678,8.972256807419761,0.1010781128661327,0.08163671108344624,10.881145001230745,0.08199594740968964,1.9088881938109843,-0.019082165456443062
REFERENCE_ORACLE_ONLY,67,Train/Low/low00354.png,T026A_selected,500,500,500,500,500,4,0.0,0.0,11.500720443960745,0,0,0,2,0,2,2,0,2,0,0,0,0,0,0,0,0,0,0.06526504214586357,11.853193771994441,0.14475314287677812,0.06235158523470265,12.051525004864478,0.1201923052821338,0.03058252932338252,15.145265991800008,0.09732280391143087,3.0937409869355292,-0.022869501370702927
REFERENCE_ORACLE_ONLY,68,Train/Low/low00603.png,T026A_selected,500,500,500,500,500,4,0.0,0.0,10.451745386002585,0,0,0,0,0,0,0,0,0,0,0,0,0,0,0,0,0,0,0.1298200338733073,8.866582818865425,0.24376721358917502,0.03132151483224524,15.041572419086044,0.6255708431400312,0.002623355635043388,25.811428303141767,0.5997811366670107,10.769855884055723,-0.02578970647302048
REFERENCE_ORACLE_ONLY,69,Train/Low/low00260.png,T026A_selected,500,500,500,500,500,4,0.0,0.0,9.530418304959312,0,0,0,0,0,0,0,0,0,0,0,0,0,0,0,0,0,0,0.20769434550164195,6.825753270126289,0.04655092796825856,0.12552727636786581,9.012618941915054,0.25382452664741895,0.046107532278912115,13.362281210321763,0.4417109680123067,4.349662268406709,0.18788644136488775
REFERENCE_ORACLE_ONLY,70,Train/Low/low00628.png,T026A_selected,500,500,500,500,500,4,0.0,0.0,11.508417605014984,0,0,0,0,0,0,0,0,0,0,0,0,0,0,0,0,0,0,0.1564229241596688,8.05699599700181,0.22335565641849867,0.0284641000205695,15.45702543181416,0.6494573804755105,0.00397561327444076,24.005958679731346,0.6373269300817054,8.548933247917187,-0.012130450393805114
REFERENCE_ORACLE_ONLY,71,Train/Low/low00493.png,T026A_selected,500,500,500,500,500,4,0.0,0.0,11.670651994005311,0,0,0,0,0,0,0,0,0,0,0,0,0,0,0,0,0,0,0.07646028407261135,11.165640927813067,0.16436257807974003,0.03235148254882092,14.901058124290078,0.45765642812887436,0.0046061852966228665,23.366585953161703,0.5828723480173063,8.465527828871625,0.1252159198884319
REFERENCE_ORACLE_ONLY,72,Train/Low/low00298.png,T026A_selected,500,500,500,500,500,4,0.0,0.0,11.554320905008353,0,0,0,2,0,2,2,0,2,0,0,0,0,0,0,0,0,0,0.12880123031900007,8.90079988542971,0.10847780098872453,0.08727992384497003,10.590856413578873,0.1029933037441443,0.04514073752236737,13.454313495719958,0.08981462671523584,2.8634570821410854,-0.013178677028908459
REFERENCE_ORACLE_ONLY,73,Train/Low/low00398.png,identity,500,500,500,500,500,4,0.0,0.0,11.595507412974257,0,0,0,4,0,4,4,0,4,0,0,0,0,0,0,0,0,0,0.20683558252041706,6.843747462214416,0.08054350472325292,0.2388449961594235,6.218838528236433,0.07022475706712576,0.10914150642739073,9.620100561549608,0.09168426459773683,3.4012620333131744,0.02145950753061107
REFERENCE_ORACLE_ONLY,74,Train/Low/low00659.png,T026A_selected,500,500,500,500,500,4,0.0,0.0,11.619150632002857,0,0,0,0,0,0,0,0,0,0,0,0,0,0,0,0,0,0,0.1817818489767728,7.4044948350553055,0.22107563282469653,0.042676105920591546,13.698152156382546,0.6308405307868187,0.0038298403500476347,24.168193295662267,0.6386944117266777,10.47004113927972,0.00785388093985906
REFERENCE_ORACLE_ONLY,75,Train/Low/low00464.png,T026A_selected,298,192,298,500,500,4,0.0,0.0,11.353996580000967,0,0,0,0,0,0,0,0,0,0,0,0,0,0,0,0,0,0,0.033541171673948406,14.744217705122058,0.7419779577872281,0.037534615506772825,14.255680285558785,0.7799291916782071,0.0014496521362286267,28.387362001382677,0.9259046660979262,14.131681715823891,0.14597547441971914
REFERENCE_ORACLE_ONLY,76,Train/Low/low00405.png,T026A_selected,500,500,500,500,500,4,0.0,0.0,11.332817349000834,0,0,0,4,0,4,4,0,4,0,0,0,0,0,0,0,0,0,0.13072425760897927,8.836438158761169,0.15224707558967632,0.1423334159924166,8.466931274812428,0.13956472625430363,0.06356797064574292,11.967616528360761,0.12463926272620134,3.5006852535483333,-0.014925463528102298
REFERENCE_ORACLE_ONLY,77,Train/Low/low00650.png,T026A_selected,500,500,500,500,500,3,0.0,0.0,11.130722116969991,0,1,1,0,1,1,0,1,1,0,1,1,0,1,1,0,1,1,0.2015082724145699,6.957071202908378,0.1450340387070425,0.11244217711858354,9.490707541226396,0.39762398617554023,0.04359029536568866,13.606101882143847,0.5299448751290731,4.115394340917451,0.13232088895353283
REFERENCE_ORACLE_ONLY,78,Train/Low/low00621.png,T026A_selected,500,500,500,500,500,4,0.0,0.0,11.518571287975647,0,0,0,0,0,0,0,0,0,0,0,0,0,0,0,0,0,0,0.1728873884942166,7.622366857725372,0.250455803908288,0.030465933724572087,15.161855070121815,0.6295835457119429,0.0033074681153352136,24.805043338073457,0.6511139527146683,9.643188267951642,0.02153040700272546
REFERENCE_ORACLE_ONLY,79,Train/Low/low00596.png,T026A_selected,500,500,500,500,500,4,0.0,0.0,11.41027574299369,0,0,0,0,0,0,0,0,0,0,0,0,0,0,0,0,0,0,0.23343288839271278,6.318379561687884,0.058987754969515256,0.14692267196315137,8.329111820943682,0.2537386311239323,0.06618194984678152,11.792604418418751,0.30360990757626094,3.463492597475069,0.04987127645232864
REFERENCE_ORACLE_ONLY,80,Train/Low/low00378.png,identity,500,500,500,500,500,4,0.0,0.0,11.248697764007375,0,0,0,4,0,4,4,0,4,0,0,0,0,0,0,0,0,0,0.14298427115341508,8.447117340522869,0.135911167618089,0.16985004924186528,7.699343228859917,0.12480976610864147,0.060850345330311605,12.15736952772894,0.13312300665116383,4.458026298869024,0.00831324054252236
REFERENCE_ORACLE_ONLY,81,Train/Low/low00058.png,T026A_selected,500,500,500,500,500,4,0.0,0.0,11.373199543973897,0,0,0,0,0,0,0,0,0,0,0,0,0,0,0,0,0,0,0.27571977552978544,5.595320837474693,0.15582154667182235,0.09690613982185682,10.136487058565809,0.5927159620390468,0.008385795317861352,20.76455742148072,0.7313463339360691,10.628070362914912,0.13863037189702232
REFERENCE_ORACLE_ONLY,82,Train/Low/low00092.png,T026A_selected,500,500,500,500,500,4,0.0,0.0,11.590995175996795,0,0,0,0,0,0,0,0,0,0,0,0,0,0,0,0,0,0,0.36856498987906766,4.334859209467304,0.25163944919098674,0.1265164219030659,8.978530991601096,0.6245918474911294,0.011046016578289207,19.56794309305885,0.7330992947271362,10.589412101457755,0.1085074472360068
REFERENCE_ORACLE_ONLY,83,Train/Low/low00266.png,T026A_selected,500,500,500,500,500,4,0.0,0.0,11.614249155973084,0,0,0,0,0,0,0,0,0,0,0,0,0,0,0,0,0,0,0.063550889339203,11.968783674954038,0.080693374211834,0.02768555229560216,15.577468083796106,0.357705692336545,0.006703865268022787,21.73674722591119,0.37324490114329756,6.159279142115086,0.01553920880675258
REFERENCE_ORACLE_ONLY,84,Train/Low/low00180.png,T026A_selected,500,500,500,500,500,4,0.0,0.0,11.530990789004136,0,0,0,0,0,0,0,0,0,0,0,0,0,0,0,0,0,0,0.24627805774388722,6.085742801026379,0.04834410531259013,0.20913762862623023,6.795678206758497,0.12298092035767437,0.08020930111646621,10.957752677589683,0.2674410527158502,4.162074470831186,0.14446013235817584
REFERENCE_ORACLE_ONLY,85,Train/Low/low00679.png,T026A_selected,500,500,500,500,500,4,0.0,0.0,11.592684806964826,0,0,0,0,0,0,0,0,0,0,0,0,0,0,0,0,0,0,0.1912675343744939,7.183587405768501,0.13343339123494086,0.0811335559078017,10.907994894197309,0.4648547911682038,0.009234950914243104,20.345654085864915,0.5887692097825926,9.437659191667606,0.12391441861438884
REFERENCE_ORACLE_ONLY,86,Train/Low/low00408.png,identity,500,500,500,500,500,4,0.0,0.0,11.466483987984248,0,0,0,4,0,4,4,0,4,0,0,0,0,0,0,0,0,0,0.18540184139897764,7.318859567856769,0.10321186130359353,0.20804559402942024,6.818414772224971,0.08600244334594222,0.09382433660891899,10.276844976114358,0.11278388284864005,3.458430203889387,0.026781439502697832
REFERENCE_ORACLE_ONLY,87,Train/Low/low00623.png,T026A_selected,500,500,500,500,500,4,0.0,0.0,11.542399086989462,0,0,0,0,0,0,0,0,0,0,0,0,0,0,0,0,0,0,0.2744029585895904,5.616112104135132,0.16007778437873776,0.1024737162841582,9.89387513501321,0.5149359418417887,0.01328135947986595,18.767574683124597,0.5907838979480478,8.873699548111386,0.07584795610625905
REFERENCE_ORACLE_ONLY,88,Train/Low/low00646.png,T026A_selected,500,500,500,500,500,4,0.0,0.0,11.534178518981207,0,0,0,0,0,0,0,0,0,0,0,0,0,0,0,0,0,0,0.20703830088825542,6.839493051433621,0.23635847134967508,0.04124323842968452,13.84647241135275,0.665167218207579,0.003602599585321132,24.43384005307123,0.6974316217948427,10.58736764171848,0.03226440358726379
REFERENCE_ORACLE_ONLY,89,Train/Low/low00104.png,T026A_selected,500,500,500,500,500,4,0.0,0.0,11.520839855016675,0,0,0,0,0,0,0,0,0,0,0,0,0,0,0,0,0,0,0.17090506958294416,7.672450545452473,0.05046702055992478,0.10177826938105475,9.923449380633155,0.21916169004573974,0.05355258498632901,12.712195609067667,0.28727536021439626,2.788746228434512,0.06811367016865652
REFERENCE_ORACLE_ONLY,90,Train/Low/low00399.png,identity,461,461,487,500,500,4,0.0,0.0,11.590014763001818,0,0,0,4,0,4,4,0,4,0,0,0,0,0,0,0,0,0,0.04257940757963596,13.708003853280603,0.2944212060865157,0.07175055162175786,11.441747557038706,0.2595660589519769,0.01794408242499337,17.460787445166194,0.26307578235381396,6.019039888127487,0.0035097234018370838
REFERENCE_ORACLE_ONLY,91,Train/Low/low00638.png,T026A_selected,500,500,500,500,500,3,0.0,0.0,11.440569136990234,0,1,1,0,1,1,0,1,1,0,1,1,0,1,1,0,1,1,0.15876097995170413,7.992562290751277,0.1648181640415448,0.07261309535018766,11.389850497480598,0.4436620163063766,0.041791642966192616,13.789105549840217,0.48144587725074023,2.399255052359619,0.037783860944363645
REFERENCE_ORACLE_ONLY,92,Train/Low/low00533.png,T026A_selected,500,500,500,500,500,4,0.0,0.0,11.395513185998425,0,0,0,0,0,0,0,0,0,0,0,0,0,0,0,0,0,0,0.4115398284035858,3.855881278420687,0.12064067464313068,0.218537997285443,6.604730411800284,0.4018403793055413,0.0520684109879191,12.834256758236059,0.585320422582993,6.229526346435775,0.1834800432774517
REFERENCE_ORACLE_ONLY,93,Train/Low/low00142.png,T026A_selected,500,500,500,500,500,4,0.0,0.0,11.642893048003316,0,0,0,0,0,0,0,0,0,0,0,0,0,0,0,0,0,0,0.29081430695419724,5.363842316561234,0.06231298355719247,0.20887077109146274,6.8012232996622135,0.20756312846574793,0.10938672161057919,9.610353935533185,0.23308859972135976,2.8091306358709716,0.02552547125561183
REFERENCE_ORACLE_ONLY,94,Train/Low/low00182.png,T026A_selected,500,500,500,500,500,4,0.0,0.0,11.52302346698707,0,0,0,0,0,0,0,0,0,0,0,0,0,0,0,0,0,0,0.2450575504306114,6.107319119645166,0.021868555442358387,0.21409738385382415,6.693886395004692,0.06288647628868554,0.1453468655158193,8.375943295891961,0.1132510309674369,1.682056900887269,0.05036455467875135
REFERENCE_ORACLE_ONLY,95,Train/Low/low00477.png,T026A_selected,500,500,500,500,500,4,0.0,0.0,11.43202852300601,0,0,0,0,0,0,0,0,0,0,0,0,0,0,0,0,0,0,0.20862574083640734,6.806321081169272,0.12359343190670219,0.07069455612296524,11.50614028024658,0.5594447438071779,0.01355134606578377,18.68017563837002,0.6502753431529386,7.17403535812344,0.09083059934576065
REFERENCE_ORACLE_ONLY,96,Train/Low/low00036.png,T026A_selected,500,500,500,500,500,4,0.0,0.0,11.49802528199507,0,0,0,0,0,0,0,0,0,0,0,0,0,0,0,0,0,0,0.2950303628066069,5.301332866631676,0.09362278159273361,0.12002784853936295,9.207179784206836,0.47074027485029196,0.03267748042553874,14.85751436823508,0.6213214896246434,5.6503345840282435,0.15058121477435144
REFERENCE_ORACLE_ONLY,97,Train/Low/low00594.png,T026A_selected,500,500,500,500,500,3,0.0,0.0,11.47565343201859,0,1,1,0,1,1,0,1,1,0,1,1,0,1,1,0,1,1,0.16705992850576568,7.771277087888828,0.30554908946854026,0.06402896973405607,11.936234861879221,0.5839551738949487,0.03347332938716153,14.753010888803209,0.5896024238079518,2.8167760269239874,0.005647249913003138
REFERENCE_ORACLE_ONLY,98,Train/Low/low00192.png,T026A_selected,500,500,500,500,500,4,0.0,0.0,11.561905195994768,0,0,0,0,0,0,0,0,0,0,0,0,0,0,0,0,0,0,0.21149593386943974,6.746979777690339,0.018875779025176134,0.18410052714082825,7.34944967965159,0.07538677543825491,0.11270480977260947,9.4805754967589,0.14835803141086504,2.1311258171073106,0.07297125597261013
REFERENCE_ORACLE_ONLY,99,Train/Low/low00668.png,T026A_selected,500,500,500,500,500,4,0.0,0.0,11.611787533969618,0,0,0,0,0,0,0,0,0,0,0,0,0,0,0,0,0,0,0.21279697225848646,6.720345556100089,0.18704829961644048,0.07788097951143048,11.08568594982847,0.5332893680141615,0.003274061421369821,24.849131774861508,0.6253207327495922,13.763445825033038,0.09203136473543072
